<collection xmlns="http://exist.sourceforge.net/NS/exist" name="/db/apps/betterform/demo/images" owner="admin" group="dba" mode="775" created="2014-11-27T11:31:44+09:00" version="1">
    <acl entries="0" version="1"/>
    <resource type="BinaryResource" name="add-r.png" owner="admin" group="dba" mode="775" created="2014-08-20T03:28:07+09:00" modified="2014-08-20T03:28:07+09:00" filename="add-r.png" mimetype="image/png">
        <acl entries="0" version="1"/>
    </resource>
    <resource type="BinaryResource" name="001_05.png" owner="admin" group="dba" mode="775" created="2014-08-20T03:28:07+09:00" modified="2014-08-20T03:28:07+09:00" filename="001_05.png" mimetype="image/png">
        <acl entries="0" version="1"/>
    </resource>
    <resource type="BinaryResource" name="add-l.png" owner="admin" group="dba" mode="775" created="2014-08-20T03:28:07+09:00" modified="2014-08-20T03:28:07+09:00" filename="add-l.png" mimetype="image/png">
        <acl entries="0" version="1"/>
    </resource>
    <resource type="BinaryResource" name="001_06.png" owner="admin" group="dba" mode="775" created="2014-08-20T03:28:07+09:00" modified="2014-08-20T03:28:07+09:00" filename="001_06.png" mimetype="image/png">
        <acl entries="0" version="1"/>
    </resource>
    <resource type="BinaryResource" name="001_60-r.png" owner="admin" group="dba" mode="775" created="2014-08-20T03:28:07+09:00" modified="2014-08-20T03:28:07+09:00" filename="001_60-r.png" mimetype="image/png">
        <acl entries="0" version="1"/>
    </resource>
    <resource type="BinaryResource" name="ord-l.png" owner="admin" group="dba" mode="775" created="2014-08-20T03:28:07+09:00" modified="2014-08-20T03:28:07+09:00" filename="ord-l.png" mimetype="image/png">
        <acl entries="0" version="1"/>
    </resource>
    <resource type="BinaryResource" name="ord-r.png" owner="admin" group="dba" mode="775" created="2014-08-20T03:28:07+09:00" modified="2014-08-20T03:28:07+09:00" filename="ord-r.png" mimetype="image/png">
        <acl entries="0" version="1"/>
    </resource>
    <resource type="BinaryResource" name="001_22.png" owner="admin" group="dba" mode="775" created="2014-08-20T03:28:07+09:00" modified="2014-08-20T03:28:07+09:00" filename="001_22.png" mimetype="image/png">
        <acl entries="0" version="1"/>
    </resource>
    <resource type="BinaryResource" name="reg-r.png" owner="admin" group="dba" mode="775" created="2014-08-20T03:28:07+09:00" modified="2014-08-20T03:28:07+09:00" filename="reg-r.png" mimetype="image/png">
        <acl entries="0" version="1"/>
    </resource>
    <resource type="BinaryResource" name="001_04.png" owner="admin" group="dba" mode="775" created="2014-08-20T03:28:07+09:00" modified="2014-08-20T03:28:07+09:00" filename="001_04.png" mimetype="image/png">
        <acl entries="0" version="1"/>
    </resource>
    <resource type="BinaryResource" name="reg-l.png" owner="admin" group="dba" mode="775" created="2014-08-20T03:28:07+09:00" modified="2014-08-20T03:28:07+09:00" filename="reg-l.png" mimetype="image/png">
        <acl entries="0" version="1"/>
    </resource>
    <resource type="BinaryResource" name="fea-r.png" owner="admin" group="dba" mode="775" created="2014-08-20T03:28:07+09:00" modified="2014-08-20T03:28:07+09:00" filename="fea-r.png" mimetype="image/png">
        <acl entries="0" version="1"/>
    </resource>
    <resource type="BinaryResource" name="001_47.png" owner="admin" group="dba" mode="775" created="2014-08-20T03:28:07+09:00" modified="2014-08-20T03:28:07+09:00" filename="001_47.png" mimetype="image/png">
        <acl entries="0" version="1"/>
    </resource>
    <resource type="BinaryResource" name="hint.png" owner="admin" group="dba" mode="775" created="2014-08-20T03:28:07+09:00" modified="2014-08-20T03:28:07+09:00" filename="hint.png" mimetype="image/png">
        <acl entries="0" version="1"/>
    </resource>
    <resource type="BinaryResource" name="ok.png" owner="admin" group="dba" mode="775" created="2014-08-20T03:28:07+09:00" modified="2014-08-20T03:28:07+09:00" filename="ok.png" mimetype="image/png">
        <acl entries="0" version="1"/>
    </resource>
    <resource type="BinaryResource" name="001_39.png" owner="admin" group="dba" mode="775" created="2014-08-20T03:28:07+09:00" modified="2014-08-20T03:28:07+09:00" filename="001_39.png" mimetype="image/png">
        <acl entries="0" version="1"/>
    </resource>
    <resource type="BinaryResource" name="001_03.png" owner="admin" group="dba" mode="775" created="2014-08-20T03:28:07+09:00" modified="2014-08-20T03:28:07+09:00" filename="001_03.png" mimetype="image/png">
        <acl entries="0" version="1"/>
    </resource>
    <resource type="BinaryResource" name="001_24.png" owner="admin" group="dba" mode="775" created="2014-08-20T03:28:07+09:00" modified="2014-08-20T03:28:07+09:00" filename="001_24.png" mimetype="image/png">
        <acl entries="0" version="1"/>
    </resource>
    <resource type="BinaryResource" name="001_60.png" owner="admin" group="dba" mode="775" created="2014-08-20T03:28:07+09:00" modified="2014-08-20T03:28:07+09:00" filename="001_60.png" mimetype="image/png">
        <acl entries="0" version="1"/>
    </resource>
    <resource type="BinaryResource" name="fea-l.png" owner="admin" group="dba" mode="775" created="2014-08-20T03:28:07+09:00" modified="2014-08-20T03:28:07+09:00" filename="fea-l.png" mimetype="image/png">
        <acl entries="0" version="1"/>
    </resource>
    <resource type="BinaryResource" name="play.png" owner="admin" group="dba" mode="775" created="2014-08-20T03:28:07+09:00" modified="2014-08-20T03:28:07+09:00" filename="play.png" mimetype="image/png">
        <acl entries="0" version="1"/>
    </resource>
    <resource type="BinaryResource" name="error.png" owner="admin" group="dba" mode="775" created="2014-08-20T03:28:07+09:00" modified="2014-08-20T03:28:07+09:00" filename="error.png" mimetype="image/png">
        <acl entries="0" version="1"/>
    </resource>
</collection>