<note id="undefined"><NoteItemContainerComplaint left="auto" top="auto"><NoteItemComplaint id="6208105587"><formats/><attachments/><remarks/></NoteItemComplaint></NoteItemContainerComplaint><NoteItemContainerDisease left="auto" top="auto"/><NoteItemContainerMedicalCheck left="auto" top="auto"/><NoteItemContainerPrescription left="auto" top="auto"/><NoteItemContainerOperation left="auto" top="auto"/><NoteItemContainerMemo left="auto" top="auto"/><NoteItemContainerScheme left="auto" top="auto"/></note>