01,111000110,20140401,99999999,初診,000000282.00,,3,11,110,1,1,0,0,0,00,000,0,00,00,00,0,0,1,A000-00-00
01,112007410,20140401,99999999,再診,000000072.00,,3,12,120,1,1,2,0,0,00,000,0,00,00,00,0,0,0,A001-00-00
01,112007950,20140401,99999999,電話等再診,000000072.00,,3,12,120,1,1,2,0,0,00,000,0,00,00,00,1,0,0,A001-00-00
01,112015770,20140401,99999999,明細書発行体制等加算,000000001.00,,3,12,120,2,1,2,0,2,00,000,0,00,00,00,0,0,0,A001-00-08
01,113001010,20140401,99999999,外来栄養食事指導料,000000130.00,,3,13,130,1,1,2,0,0,00,001,0,00,00,00,0,0,1,B001-00-09
01,113002910,20140401,99999999,難病外来指導管理料,000000270.00,,3,13,130,1,1,2,0,0,00,001,0,00,00,00,0,0,1,B001-00-07
01,120002470,20140401,99999999,処方せん（乳幼児）加算,000000003.00,,3,80,820,2,1,2,1,0,00,000,0,00,03,00,0,0,0,F400-00-04
01,120002710,20140401,99999999,処方せん料（７種類以上）,000000040.00,,3,80,820,1,1,2,0,0,00,000,0,00,00,00,0,0,0,F400-00-02
01,120002910,20140401,99999999,処方せん料（その他）,000000068.00,,3,80,820,1,1,2,0,0,00,000,0,00,00,00,0,0,0,F400-00-03
01,120003570,20140401,99999999,一般名処方加算（処方せん料）,000000002.00,,3,80,820,1,1,2,0,0,00,000,0,00,00,00,0,0,0,F400-00-04
01,130000110,20140401,99999999,生物学的製剤注射加算,000000015.00,,3,33,340,2,1,0,0,0,00,000,0,00,00,00,0,0,0,G000-00-01
01,130000310,20140401,99999999,麻薬注射加算,000000005.00,,3,33,340,2,1,0,0,0,00,000,0,00,00,00,0,0,0,G000-00-03
01,130000510,20140401,99999999,皮内、皮下及び筋肉内注射,000000018.00,,3,31,310,1,1,2,0,0,00,000,0,00,00,00,0,0,0,G000-00-00
01,130002650,20140401,99999999,涙のう内薬液注入,000000018.00,,3,33,340,1,1,2,0,0,00,000,0,00,00,00,0,0,0,G000-00-00
01,130003510,20140401,99999999,静脈内注射,000000030.00,,3,32,320,1,1,2,0,0,00,000,0,00,00,00,0,0,0,G001-00-00
01,130003670,20140401,99999999,静脈内注射（乳幼児）加算,000000042.00,,3,32,320,2,1,2,1,0,00,000,0,00,06,00,0,0,0,G001-00-00
01,130003710,20140401,99999999,点滴注射（乳幼児）,000000095.00,,3,33,330,1,1,0,1,0,00,000,0,00,06,00,0,0,0,G004-00-01
01,130003810,20140401,99999999,点滴注射,000000095.00,,3,33,330,1,1,0,0,0,00,000,0,06,00,00,0,0,0,G004-00-02
01,130005610,20140401,99999999,結膜下注射,000000025.00,,3,33,340,1,1,0,0,0,00,000,0,00,00,00,0,0,0,G012-00-00
01,130005810,20140401,99999999,球後注射,000000060.00,,3,33,340,1,1,0,0,0,00,000,0,00,00,00,0,0,0,G014-00-00
01,130009310,20140401,99999999,点滴注射,000000047.00,,3,33,330,1,1,2,0,0,00,000,0,00,00,00,0,0,0,G004-00-03
01,130009470,20140401,99999999,点滴注射（乳幼児）加算,000000042.00,,3,33,330,2,1,0,1,0,00,000,0,00,06,00,0,0,0,G004-00-04
01,130011170,20140401,99999999,中心静脈注射（乳幼児）加算,000000050.00,,3,33,340,2,1,0,1,0,00,000,0,00,06,00,0,0,0,G005-00-00
01,140000190,20140401,99999999,時間外加算２（イに該当を除く）（処置）,000000040.00,,5,40,400,2,1,0,0,0,00,000,0,00,00,00,0,0,0,J000-00-00
01,140000290,20140401,99999999,休日加算２（イに該当を除く）（処置）,000000080.00,,5,40,400,2,1,0,0,0,00,000,0,00,00,00,0,0,0,J000-00-00
01,140000490,20140401,99999999,時間外特例加算２（イに該当を除く）（処置）,000000040.00,,5,40,400,2,1,0,0,0,00,000,0,00,00,00,0,0,0,J000-00-00
01,140000610,20140401,99999999,創傷処置（１００ｃｍ２未満）,000000045.00,,3,40,400,1,1,0,0,0,00,000,0,00,00,00,1,0,0,J000-00-01
01,140000710,20140401,99999999,創傷処置（１００ｃｍ２以上５００ｃｍ２未満）,000000055.00,,3,40,400,1,1,0,0,0,00,000,0,00,00,00,1,0,0,J000-00-02
01,140005610,20140401,99999999,酸素吸入,000000065.00,,3,40,400,1,1,0,0,0,00,000,0,00,00,00,1,0,0,J024-00-00
01,140011610,20140401,99999999,皮膚科軟膏処置（１００ｃｍ２以上５００ｃｍ２未満）,000000055.00,,3,40,400,1,1,0,0,0,00,000,0,00,00,00,1,0,0,J053-00-01
01,140012010,20140401,99999999,いぼ焼灼法（３箇所以下）,000000210.00,,3,40,400,1,1,0,0,0,00,000,0,00,00,00,1,0,0,J055-00-01
01,140017610,20140401,99999999,眼処置,000000025.00,,3,40,400,1,1,2,0,0,00,000,0,00,00,00,1,0,0,J086-00-00
01,140017750,20140401,99999999,義眼処置,000000025.00,,3,40,400,1,1,2,0,0,00,000,0,00,00,00,1,0,0,J086-02-00
01,140017850,20140401,99999999,睫毛抜去（少数）,000000025.00,,3,40,400,1,1,2,0,0,00,000,0,00,00,00,1,0,0,J089-00-01
01,140018070,20140401,99999999,顕微鏡下加算,000000180.00,,3,40,400,2,1,0,0,0,00,000,0,00,00,00,0,0,0,J087-00-00
01,140018210,20140401,99999999,霰粒腫の穿刺,000000045.00,,3,40,400,1,1,0,0,0,00,000,0,00,00,00,1,0,0,J088-00-00
01,140018310,20140401,99999999,睫毛抜去（多数）,000000045.00,,3,40,400,1,1,0,0,0,00,000,0,00,00,00,1,0,0,J089-00-02
01,140018510,20140401,99999999,鼻涙管ブジー法,000000045.00,,3,40,400,1,1,0,0,0,00,000,0,00,00,00,1,0,0,J091-00-00
01,140018730,20140401,99999999,鼻涙管ブジー法後薬液涙嚢洗浄,000000045.00,,3,40,400,1,1,0,0,0,00,000,0,00,00,00,1,0,0,J091-02-00
01,140018810,20140401,99999999,涙嚢ブジー法,000000045.00,,3,40,400,1,1,0,0,0,00,000,0,00,00,00,1,0,0,J092-00-00
01,140023510,20140401,99999999,人工呼吸（５時間超）,000000819.00,,3,40,400,1,1,0,0,0,00,000,0,00,00,00,1,0,0,J045-00-03
01,140031870,20140401,99999999,６歳未満乳幼児加算（処置）（１００）,000000100.00,,3,40,400,2,1,0,1,0,00,000,0,00,06,00,0,0,0,J000-00-00
01,140032010,20140401,99999999,熱傷処置（１００ｃｍ２未満）,000000135.00,,3,40,400,1,1,0,0,0,00,000,0,00,00,00,1,0,0,J001-00-01
01,140032610,20140401,99999999,結膜異物除去,000000100.00,,3,40,400,1,1,0,0,0,00,000,0,00,00,00,1,0,0,J090-00-00
01,140033150,20140401,99999999,伝染性軟属腫の内容除去（１０箇所未満）,000000120.00,,3,40,400,1,1,0,0,0,00,000,0,00,00,00,1,0,0,J057-00-04
01,140036910,20140401,99999999,軟属腫摘除（１０箇所未満）,000000120.00,,3,40,400,1,1,0,0,0,00,000,0,00,00,00,1,0,0,J057-00-01
01,140040270,20140401,99999999,皮膚レーザー照射療法（乳幼児）加算,000002000.00,,3,40,400,2,1,0,1,0,00,000,0,00,03,00,0,0,0,J054-02-02
01,140040310,20140401,99999999,消炎鎮痛等処置（器具等による療法）,000000035.00,,3,40,400,1,1,0,0,0,00,000,0,00,00,00,1,0,1,J119-00-02
01,140049170,20140401,99999999,３歳未満乳幼児加算（処置）（１００）,000000100.00,,3,40,400,2,1,0,1,0,00,000,0,00,03,00,0,0,0,J000-00-00
01,140049370,20140401,99999999,６歳未満乳幼児加算（処置）（７５）,000000075.00,,3,40,400,2,1,0,1,0,00,000,0,00,06,00,0,0,0,J000-00-00
01,140049470,20140401,99999999,３歳未満乳幼児加算（処置）（５０）,000000050.00,,3,40,400,2,1,0,1,0,00,000,0,00,03,00,0,0,0,J000-00-00
01,140049570,20140401,99999999,新生児加算（非還納性ヘルニア徒手整復法）,000000100.00,,3,40,400,2,1,0,1,0,00,000,0,00,AA,00,0,0,0,J036-00-00
01,140050170,20140401,99999999,ギプス（乳幼児）加算,000000050.00,,5,40,400,2,1,0,1,0,00,000,0,00,03,00,0,0,0,J122-00-00
01,140050670,20140401,99999999,６歳未満乳幼児加算（処置）（５０）,000000050.00,,3,40,400,2,1,0,1,0,00,000,0,00,06,00,0,0,0,J000-00-00
01,150000190,20140401,99999999,新生児加算（手術）,000000300.00,,5,50,500,2,1,0,1,0,00,000,1,00,AA,00,1,0,0,K000-00-00
01,150000290,20140401,99999999,３歳未満の乳幼児加算（手術）,000000100.00,,5,50,500,2,1,0,1,0,00,000,1,00,03,00,1,0,0,K000-00-00
01,150000490,20140401,99999999,時間外加算２（手術）,000000040.00,,5,50,500,2,1,0,0,0,00,000,0,00,00,00,1,0,0,K000-00-00
01,150000590,20140401,99999999,休日加算２（手術）,000000080.00,,5,50,500,2,1,0,0,0,00,000,0,00,00,00,1,0,0,K000-00-00
01,150000690,20140401,99999999,深夜加算２（手術）,000000080.00,,5,50,500,2,1,0,0,0,00,000,0,00,00,00,1,0,0,K000-00-00
01,150000790,20140401,99999999,時間外特例医療機関加算２（手術）,000000040.00,,5,50,500,2,1,0,0,0,00,000,0,00,00,00,1,0,0,K000-00-00
01,150001010,20140401,99999999,創傷処理（筋肉、臓器に達しない）（長径５ｃｍ未満）,000000470.00,,3,50,500,1,1,0,0,0,00,000,1,06,00,00,1,0,0,K000-00-04
01,150001110,20140401,99999999,創傷処理（筋肉、臓器に達しない）（長径５ｃｍ以上１０ｃｍ未満）,000000850.00,,3,50,500,1,1,0,0,0,00,000,1,06,00,00,1,0,0,K000-00-05
01,150001250,20140401,99999999,創傷処理（筋肉、臓器に達する）（長径５ｃｍ未満）,000001250.00,,3,50,500,1,1,0,0,0,00,000,1,06,00,00,1,0,0,K000-00-01
01,150001310,20140401,99999999,創傷処理（筋肉、臓器に達する）（長径５ｃｍ以上１０ｃｍ未満）,000001680.00,,3,50,500,1,1,0,0,0,00,000,1,06,00,00,1,0,0,K000-00-02
01,150001470,20140401,99999999,真皮縫合加算,000000460.00,,3,50,500,2,1,0,0,0,00,000,0,00,00,00,0,0,0,K000-00-07
01,150001570,20140401,99999999,デブリードマン加算（汚染された挫創）,000000100.00,,3,50,500,2,1,0,0,0,00,000,0,00,00,00,0,0,0,K000-00-08
01,150001810,20140401,99999999,皮膚切開術（長径１０ｃｍ未満）,000000470.00,,3,50,500,1,1,0,0,0,00,000,1,00,00,00,1,0,0,K001-00-01
01,150002210,20140401,99999999,デブリードマン（１００ｃｍ２未満）,000001020.00,,3,50,500,1,1,0,0,0,00,005,1,00,00,00,1,0,1,K002-00-01
01,150003110,20140401,99999999,皮膚、皮下腫瘍摘出術（露出部）（長径２ｃｍ未満）,000001660.00,,3,50,500,1,1,0,0,0,00,000,1,00,00,00,1,0,0,K005-00-01
01,150003210,20140401,99999999,皮膚、皮下腫瘍摘出術（露出部）（長径２ｃｍ以上４ｃｍ未満）,000003670.00,,3,50,500,1,1,0,0,0,00,000,1,00,00,00,1,0,0,K005-00-02
01,150076310,20140401,99999999,涙点形成術,000000550.00,,3,50,500,1,1,0,0,0,00,000,1,00,00,00,1,0,0,K199-00-00
01,150076710,20140401,99999999,先天性鼻涙管閉塞開放術,000003720.00,,3,50,500,1,1,0,0,0,00,000,1,00,00,00,1,0,0,K201-00-00
01,150077110,20140401,99999999,涙嚢瘻管閉鎖術,000003720.00,,3,50,500,1,1,0,0,0,00,000,1,00,00,00,1,0,0,K205-00-00
01,150077310,20140401,99999999,瞼縁縫合術（瞼板縫合術を含む）,000001580.00,,3,50,500,1,1,0,0,0,00,000,1,00,00,00,1,0,0,K207-00-00
01,150077510,20140401,99999999,麦粒腫切開術,000000410.00,,3,50,500,1,1,0,0,0,00,000,1,00,00,00,1,0,0,K208-00-00
01,150077610,20140401,99999999,眼瞼膿瘍切開術,000000470.00,,3,50,500,1,1,0,0,0,00,000,1,00,00,00,1,0,0,K209-00-00
01,150077810,20140401,99999999,マイボーム腺切開術,000000360.00,,3,50,500,1,1,0,0,0,00,000,1,00,00,00,1,0,0,K213-00-00
01,150077910,20140401,99999999,睫毛電気分解術（毛根破壊）,000000560.00,,3,50,500,1,1,0,0,0,00,000,1,00,00,00,1,0,0,K211-00-00
01,150078210,20140401,99999999,マイボーム腺梗塞摘出術,000000360.00,,3,50,500,1,1,0,0,0,00,000,1,00,00,00,1,0,0,K213-00-00
01,150078310,20140401,99999999,霰粒腫摘出術,000000580.00,,3,50,500,1,1,0,0,0,00,000,1,00,00,00,1,0,0,K214-00-00
01,150078410,20140401,99999999,瞼板切除術（巨大霰粒腫摘出）,000001440.00,,3,50,500,1,1,0,0,0,00,000,1,00,00,00,1,0,0,K215-00-00
01,150078510,20140401,99999999,眼瞼結膜悪性腫瘍手術,000011900.00,,3,50,500,1,1,0,0,0,00,000,1,00,00,00,1,0,0,K216-00-00
01,150078610,20140401,99999999,眼瞼内反症手術（縫合法）,000001660.00,,3,50,500,1,1,0,0,0,00,000,1,00,00,00,1,0,0,K217-00-01
01,150078810,20140401,99999999,眼瞼下垂症手術（眼瞼挙筋前転法）,000007200.00,,3,50,500,1,1,0,0,0,00,000,1,00,00,00,1,0,0,K219-00-01
01,150079010,20140401,99999999,眼瞼下垂症手術（その他）,000006070.00,,3,50,500,1,1,0,0,0,00,000,1,00,00,00,1,0,0,K219-00-03
01,150079110,20140401,99999999,結膜縫合術,000001260.00,,3,50,500,1,1,0,0,0,00,000,1,00,00,00,1,0,0,K220-00-00
01,150079410,20140401,99999999,結膜結石除去術（少数）,000000260.00,,3,50,500,1,1,0,0,0,00,000,1,00,00,00,1,0,0,K221-00-01
01,150079510,20140401,99999999,結膜下異物除去術,000000390.00,,3,50,500,1,1,0,0,0,00,000,1,00,00,00,1,0,0,K222-00-00
01,150079650,20140401,99999999,結膜結石除去術（多数）,000000390.00,,3,50,500,1,1,0,0,0,00,000,1,00,00,00,1,0,0,K221-00-02
01,150079710,20140401,99999999,結膜嚢形成手術（部分形成）,000002250.00,,3,50,500,1,1,0,0,0,00,000,1,00,00,00,1,0,0,K223-00-01
01,150080050,20140401,99999999,内眥形成術,000016730.00,,3,50,500,1,1,0,0,0,00,000,1,00,00,00,1,0,0,K223-02-00
01,150080210,20140401,99999999,翼状片手術（弁の移植を要する）,000003650.00,,3,50,500,1,1,0,0,0,00,000,1,00,00,00,1,0,0,K224-00-00
01,150080610,20140401,99999999,結膜腫瘍冷凍凝固術,000000800.00,,3,50,500,1,1,0,0,0,00,000,1,00,00,00,1,0,0,K225-00-00
01,150080750,20140401,99999999,結膜肉芽腫摘除術,000000800.00,,3,50,500,1,1,0,0,0,00,000,1,00,00,00,1,0,0,K225-03-00
01,150080810,20140401,99999999,眼窩膿瘍切開術,000001390.00,,3,50,500,1,1,0,0,0,00,000,1,00,00,00,1,0,0,K226-00-00
01,150081510,20140401,99999999,眼窩内異物除去術（表在性）,000008240.00,,3,50,500,1,1,0,0,0,00,000,1,00,00,00,1,0,0,K229-00-00
01,150082210,20140401,99999999,眼窩内腫瘍摘出術（表在性）,000006770.00,,3,50,500,1,1,0,0,0,00,000,1,00,00,00,1,0,0,K234-00-00
01,150085010,20140401,99999999,角膜潰瘍掻爬術,000000990.00,,3,50,500,1,1,0,0,0,00,000,1,00,00,00,1,0,0,K249-00-00
01,150085410,20140401,99999999,角膜・強膜異物除去術,000000640.00,,3,50,500,1,1,0,0,0,00,000,1,00,00,00,1,0,0,K252-00-00
01,150088710,20140401,99999999,虹彩光凝固術,000006620.00,,3,50,500,1,1,0,0,0,00,000,1,00,00,00,1,0,0,K270-00-00
01,150089010,20140401,99999999,隅角光凝固術,000008970.00,,3,50,500,1,1,0,0,0,00,000,1,00,00,00,1,0,0,K273-00-00
01,150225770,20140401,99999999,輸血（乳幼児）加算,000000026.00,,3,50,510,2,1,0,1,0,00,000,0,00,06,00,0,0,0,K920-00-11
01,150231590,20140401,99999999,新生児（未熟児を除く）加算（麻酔）,000000200.00,,5,54,540,2,1,0,1,0,00,000,1,00,AA,00,0,0,0,L000-00-00
01,150231690,20140401,99999999,乳児加算（麻酔）,000000050.00,,5,54,540,2,1,0,1,0,00,000,1,AA,01,00,0,0,0,L000-00-00
01,150231790,20140401,99999999,時間外加算（麻酔）,000000040.00,,5,54,540,2,1,0,0,0,00,000,0,00,00,00,0,0,0,L000-00-00
01,150231890,20140401,99999999,休日加算（麻酔）,000000080.00,,5,54,540,2,1,0,0,0,00,000,0,00,00,00,0,0,0,L000-00-00
01,150231990,20140401,99999999,深夜加算（麻酔）,000000080.00,,5,54,540,2,1,0,0,0,00,000,0,00,00,00,0,0,0,L000-00-00
01,150232090,20140401,99999999,時間外特例加算（麻酔）,000000040.00,,5,54,540,2,1,0,0,0,00,000,0,00,00,00,0,0,0,L000-00-00
01,150233110,20140401,99999999,球後麻酔,000000150.00,,3,54,540,1,1,0,0,0,00,000,1,00,00,00,1,0,0,L006-00-00
01,150244110,20140401,99999999,網膜光凝固術（通常）,000010020.00,,3,50,500,1,1,0,0,0,00,000,1,00,00,00,1,0,0,K276-00-01
01,150244210,20140401,99999999,網膜光凝固術（その他特殊）,000015960.00,,3,50,500,1,1,0,0,0,00,000,1,00,00,00,1,0,0,K276-00-02
01,150252010,20140401,99999999,顔面・頭頸部の伝達麻酔,000000150.00,,3,54,540,1,1,0,0,0,00,000,1,00,00,00,1,0,0,L006-00-00
01,150265390,20140401,99999999,幼児加算（麻酔）,000000020.00,,5,54,540,2,1,0,1,0,00,000,1,01,03,00,0,0,0,L000-00-00
01,150280650,20140401,99999999,後発白内障手術,000001380.00,,3,50,500,1,1,0,0,0,00,000,1,00,00,00,1,0,0,K282-02-00
01,150284210,20140401,99999999,涙点プラグ挿入術、涙点閉鎖術,000000630.00,,3,50,500,1,1,0,0,0,00,000,1,00,00,00,1,0,0,K200-02-00
01,150286690,20140401,99999999,未熟児加算（麻酔）,000000200.00,,5,54,540,2,1,0,1,0,00,000,1,00,01,00,0,0,0,L000-00-00
01,150291610,20140401,99999999,眼瞼結膜腫瘍手術,000005140.00,,3,50,500,1,1,0,0,0,00,000,1,00,00,00,1,0,0,K215-02-00
01,150295510,20140401,99999999,角膜・強膜縫合術,000002980.00,,3,50,500,1,1,0,0,0,00,000,1,00,00,00,1,0,0,K246-00-00
01,150306890,20140401,99999999,極低出生体重児加算（手術）,000000400.00,,5,50,500,2,1,0,1,0,00,000,1,00,00,00,1,0,0,K000-00-00
01,150333410,20140401,99999999,神経ブロック（眼瞼痙攣、片側顔面痙攣、痙性斜頸、上下肢痙縮）,000000400.00,,3,54,540,1,1,0,0,0,00,000,1,00,00,00,1,0,0,L100-00-04
01,150342890,20140401,99999999,３歳以上６歳未満の幼児加算（手術）,000000050.00,,5,50,500,2,1,0,1,0,00,000,1,03,06,00,0,0,0,K000-00-00
01,160000310,20140401,99999999,尿一般,000000026.00,,3,60,600,1,1,0,0,0,00,000,0,00,00,00,0,0,0,D000-00-00
01,160000750,20140401,99999999,糖試験紙法（血）,000000011.00,,3,60,600,1,1,0,0,0,01,000,0,00,00,03,0,0,0,D007-00-01
01,160004810,20140401,99999999,アルブミン定量（尿）,000000110.00,,3,60,600,1,1,0,0,0,00,001,0,00,00,01,0,0,1,D001-00-08
01,160005010,20140401,99999999,尿沈渣（鏡検法）,000000027.00,,3,60,600,1,1,0,0,0,00,000,0,00,00,01,0,0,0,D002-00-00
01,160005710,20140401,99999999,虫卵検出（集卵法）（糞便）,000000015.00,,3,60,600,1,1,0,0,0,00,000,0,00,00,01,0,0,0,D003-00-01
01,160007610,20140401,99999999,ＥＳＲ,000000009.00,,3,60,600,1,1,0,0,0,00,000,0,00,00,02,0,0,0,D005-00-01
01,160007910,20140401,99999999,レチクロ,000000012.00,,3,60,600,1,1,0,0,0,00,000,0,00,00,02,0,0,0,D005-00-02
01,160008010,20140401,99999999,末梢血液一般,000000021.00,,3,60,600,1,1,0,0,0,00,000,0,00,00,02,0,0,0,D005-00-05
01,160008210,20140401,99999999,末梢血液像（鏡検法）,000000025.00,,3,60,600,1,1,0,0,0,00,000,0,00,00,02,0,0,0,D005-00-06
01,160010010,20140401,99999999,ＨｂＡ１ｃ,000000049.00,,3,60,600,1,1,0,0,0,00,001,0,00,00,02,0,0,1,D005-00-09
01,160011410,20140401,99999999,出血,000000015.00,,3,60,600,1,1,0,0,0,00,000,0,00,00,02,0,0,0,D006-00-01
01,160011510,20140401,99999999,全血凝固,000000018.00,,3,60,600,1,1,0,0,0,00,000,0,00,00,02,0,0,0,D006-00-02
01,160012010,20140401,99999999,ＰＴ,000000018.00,,3,60,600,1,1,0,0,0,00,000,0,00,00,02,0,0,0,D006-00-02
01,160012310,20140401,99999999,ＡＰＴＴ,000000029.00,,3,60,600,1,1,0,0,0,00,000,0,00,00,02,0,0,0,D006-00-07
01,160012410,20140401,99999999,ヘパプラスチンテスト,000000029.00,,3,60,600,1,1,0,0,0,00,000,0,00,00,02,0,0,0,D006-00-07
01,160012610,20140401,99999999,フィブリノゲン半定量,000000023.00,,3,60,600,1,1,0,0,0,00,000,0,00,00,02,0,0,0,D006-00-04
01,160017010,20140401,99999999,ＢＩＬ／総,000000011.00,,3,60,600,1,1,0,0,0,01,000,0,00,00,03,0,0,0,D007-00-01
01,160017110,20140401,99999999,ＢＩＬ／直,000000011.00,,3,60,600,1,1,0,0,0,01,000,0,00,00,03,0,0,0,D007-00-01
01,160017410,20140401,99999999,ＴＰ,000000011.00,,3,60,600,1,1,0,0,0,01,000,0,00,00,03,0,0,0,D007-00-01
01,160017850,20140401,99999999,ＺＴＴ,000000011.00,,3,60,600,1,1,0,0,0,01,000,0,00,00,03,0,0,0,D007-00-01
01,160018150,20140401,99999999,ＴＴＴ,000000011.00,,3,60,600,1,1,0,0,0,01,000,0,00,00,03,0,0,0,D007-00-01
01,160019010,20140401,99999999,ＢＵＮ,000000011.00,,3,60,600,1,1,0,0,0,01,000,0,00,00,03,0,0,0,D007-00-01
01,160019110,20140401,99999999,クレアチン,000000011.00,,3,60,600,1,1,0,0,0,01,000,0,00,00,03,0,0,0,D007-00-01
01,160019310,20140401,99999999,ＵＡ,000000011.00,,3,60,600,1,1,0,0,0,01,000,0,00,00,03,0,0,0,D007-00-01
01,160019410,20140401,99999999,グルコース,000000011.00,,3,60,600,1,1,0,0,0,01,000,0,00,00,03,0,0,0,D007-00-01
01,160019510,20140401,99999999,ＬＤ,000000011.00,,3,60,600,1,1,0,0,0,01,000,0,00,00,03,0,0,0,D007-00-01
01,160019910,20140401,99999999,前立腺酸ホスファターゼ,000000017.00,,3,60,600,1,1,0,0,0,01,000,0,00,00,03,0,0,0,D007-00-04
01,160020010,20140401,99999999,ＡＬＰ,000000011.00,,3,60,600,1,1,0,0,0,01,000,0,00,00,03,0,0,0,D007-00-01
01,160020110,20140401,99999999,Ｅｃｈｏ,000000011.00,,3,60,600,1,1,0,0,0,01,000,0,00,00,03,0,0,0,D007-00-01
01,160020210,20140401,99999999,ＣｈＥ,000000011.00,,3,60,600,1,1,0,0,0,01,000,0,00,00,03,0,0,0,D007-00-01
01,160020310,20140401,99999999,Ａｍｙ,000000011.00,,3,60,600,1,1,0,0,0,01,000,0,00,00,03,0,0,0,D007-00-01
01,160020410,20140401,99999999,γ−ＧＴ,000000011.00,,3,60,600,1,1,0,0,0,01,000,0,00,00,03,0,0,0,D007-00-01
01,160020510,20140401,99999999,ＬＡＰ,000000011.00,,3,60,600,1,1,0,0,0,01,000,0,00,00,03,0,0,0,D007-00-01
01,160020610,20140401,99999999,ＣＫ,000000011.00,,3,60,600,1,1,0,0,0,01,000,0,00,00,03,0,0,0,D007-00-01
01,160020710,20140401,99999999,ＡＬＤ,000000011.00,,3,60,600,1,1,0,0,0,01,000,0,00,00,03,0,0,0,D007-00-01
01,160020910,20140401,99999999,ＴＧ,000000011.00,,3,60,600,1,1,0,0,0,01,000,0,00,00,03,0,0,0,D007-00-01
01,160021010,20140401,99999999,遊離コレステロール,000000011.00,,3,60,600,1,1,0,0,0,01,000,0,00,00,03,0,0,0,D007-00-01
01,160021110,20140401,99999999,ナトリウム及びクロール,000000011.00,,3,60,600,1,1,0,0,0,01,000,0,00,00,03,0,0,0,D007-00-01
01,160021410,20140401,99999999,カリウム,000000011.00,,3,60,600,1,1,0,0,0,01,000,0,00,00,03,0,0,0,D007-00-01
01,160021510,20140401,99999999,カルシウム,000000011.00,,3,60,600,1,1,0,0,0,01,000,0,00,00,03,0,0,0,D007-00-01
01,160021810,20140401,99999999,無機リン及びリン酸,000000017.00,,3,60,600,1,1,0,0,0,01,000,0,00,00,03,0,0,0,D007-00-04
01,160022110,20140401,99999999,Ｆｅ,000000011.00,,3,60,600,1,1,0,0,0,01,000,0,00,00,03,0,0,0,D007-00-01
01,160022210,20140401,99999999,マグネシウム,000000011.00,,3,60,600,1,1,0,0,0,01,000,0,00,00,03,0,0,0,D007-00-01
01,160022410,20140401,99999999,Ｔｃｈｏ,000000017.00,,3,60,600,1,1,0,0,0,01,000,0,00,00,03,0,0,0,D007-00-04
01,160022510,20140401,99999999,ＡＳＴ,000000017.00,,3,60,600,1,1,0,0,0,01,000,0,00,00,03,0,0,0,D007-00-04
01,160022610,20140401,99999999,ＡＬＴ,000000017.00,,3,60,600,1,1,0,0,0,01,000,0,00,00,03,0,0,0,D007-00-04
01,160022810,20140401,99999999,蛋白分画,000000018.00,,3,60,600,1,1,0,0,0,01,000,0,00,00,03,0,0,0,D007-00-05
01,160023410,20140401,99999999,ＨＤＬ−コレステロール,000000017.00,,3,60,600,1,1,0,0,0,01,000,0,00,00,03,0,0,0,D007-00-04
01,160024710,20140401,99999999,Ｃｕ,000000023.00,,3,60,600,1,1,0,0,0,01,000,0,00,00,03,0,0,0,D007-00-06
01,160025910,20140401,99999999,アンモニア,000000050.00,,3,60,600,1,1,0,0,0,00,000,0,00,00,03,0,0,0,D007-00-18
01,160026210,20140401,99999999,ＴＢＡ,000000047.00,,3,60,600,1,1,0,0,0,00,000,0,00,00,03,0,0,0,D007-00-15
01,160026310,20140401,99999999,ＡＬＰアイソザイム,000000048.00,,3,60,600,1,1,0,0,0,00,000,0,00,00,03,0,0,0,D007-00-16
01,160026410,20140401,99999999,アミラーゼアイソザイム,000000048.00,,3,60,600,1,1,0,0,0,00,000,0,00,00,03,0,0,0,D007-00-16
01,160026710,20140401,99999999,ＣＫアイソ,000000055.00,,3,60,600,1,1,0,0,0,00,000,0,00,00,03,0,0,0,D007-00-19
01,160026810,20140401,99999999,ＬＤアイソ,000000048.00,,3,60,600,1,1,0,0,0,00,000,0,00,00,03,0,0,0,D007-00-16
01,160026910,20140401,99999999,リポ蛋白分画,000000049.00,,3,60,600,1,1,0,0,0,00,000,0,00,00,03,0,0,0,D007-00-17
01,160028310,20140401,99999999,グリココール酸,000000080.00,,3,60,600,1,1,0,0,0,00,000,0,00,00,03,0,0,0,D007-00-24
01,160028710,20140401,99999999,ＴＩＢＣ（ＲＩＡ法）,000000031.00,,3,60,600,1,1,0,0,0,00,000,0,00,00,03,0,0,0,D007-00-12
01,160028810,20140401,99999999,ＵＩＢＣ（ＲＩＡ法）,000000031.00,,3,60,600,1,1,0,0,0,00,000,0,00,00,03,0,0,0,D007-00-12
01,160029410,20140401,99999999,ＡＣＥ,000000155.00,,3,60,600,1,1,0,0,0,00,000,0,00,00,03,0,0,0,D007-00-40
01,160029710,20140401,99999999,ビタミンＢ１２,000000155.00,,3,60,600,1,1,0,0,0,00,000,0,00,00,03,0,0,0,D007-00-40
01,160031310,20140401,99999999,Ｔ３,000000110.00,,3,60,600,1,1,0,0,0,00,000,0,00,00,04,0,0,0,D008-00-08
01,160031410,20140401,99999999,ＴＢＣ,000000140.00,,3,60,600,1,1,0,0,0,02,000,0,00,00,04,0,0,0,D008-00-16
01,160031510,20140401,99999999,ＩＲＩ,000000114.00,,3,60,600,1,1,0,0,0,00,000,0,00,00,04,0,0,0,D008-00-11
01,160031710,20140401,99999999,ＴＳＨ,000000112.00,,3,60,600,1,1,0,0,0,00,000,0,00,00,04,0,0,0,D008-00-09
01,160032010,20140401,99999999,ガストリン,000000112.00,,3,60,600,1,1,0,0,0,00,000,0,00,00,04,0,0,0,D008-00-09
01,160032310,20140401,99999999,ＰＲＬ,000000098.00,,3,60,600,1,1,0,0,0,00,000,0,00,00,04,0,0,0,D008-00-06
01,160032510,20140401,99999999,ＨＣＧ半定量,000000150.00,,3,60,600,1,1,0,0,0,02,000,0,00,00,04,0,0,0,D008-00-19
01,160032910,20140401,99999999,ＦＳＨ,000000119.00,,3,60,600,1,1,0,0,0,02,000,0,00,00,04,0,0,0,D008-00-12
01,160033010,20140401,99999999,ＣＰＲ,000000119.00,,3,60,600,1,1,0,0,0,02,000,0,00,00,04,0,0,0,D008-00-12
01,160033210,20140401,99999999,ＦＴ３,000000136.00,,3,60,600,1,1,0,0,0,02,000,0,00,00,04,0,0,0,D008-00-14
01,160033310,20140401,99999999,ＦＴ４,000000136.00,,3,60,600,1,1,0,0,0,02,000,0,00,00,04,0,0,0,D008-00-14
01,160033410,20140401,99999999,カテコールアミン分画,000000180.00,,3,60,600,1,1,0,0,0,02,000,0,00,00,04,0,0,0,D008-00-28
01,160033910,20140401,99999999,テストステロン,000000133.00,,3,60,600,1,1,0,0,0,02,000,0,00,00,04,0,0,0,D008-00-13
01,160034010,20140401,99999999,コルチゾール,000000136.00,,3,60,600,1,1,0,0,0,02,000,0,00,00,04,0,0,0,D008-00-14
01,160034110,20140401,99999999,アルドステロン,000000133.00,,3,60,600,1,1,0,0,0,02,000,0,00,00,04,0,0,0,D008-00-13
01,160034210,20140401,99999999,サイログロブリン,000000137.00,,3,60,600,1,1,0,0,0,02,000,0,00,00,04,0,0,0,D008-00-15
01,160034310,20140401,99999999,ＴＢＧ,000000136.00,,3,60,600,1,1,0,0,0,02,000,0,00,00,04,0,0,0,D008-00-14
01,160034410,20140401,99999999,Ｅ３,000000180.00,,3,60,600,1,1,0,0,0,02,000,0,00,00,04,0,0,0,D008-00-28
01,160034710,20140401,99999999,プロゲステロン,000000162.00,,3,60,600,1,1,0,0,0,02,000,0,00,00,04,0,0,0,D008-00-21
01,160035210,20140401,99999999,グルカゴン,000000150.00,,3,60,600,1,1,0,0,0,02,000,0,00,00,04,0,0,0,D008-00-19
01,160035610,20140401,99999999,ＡＣＴＨ,000000210.00,,3,60,600,1,1,0,0,0,02,000,0,00,00,04,0,0,0,D008-00-33
01,160036510,20140401,99999999,ＣＥＡ,000000110.00,,3,60,600,1,1,0,0,0,05,001,0,00,00,04,0,0,1,D009-00-02
01,160036610,20140401,99999999,β２−マイクログロブリン,000000112.00,,3,60,600,1,1,0,0,0,00,000,0,00,00,05,0,0,0,D015-00-12
01,160036710,20140401,99999999,ＡＦＰ,000000112.00,,3,60,600,1,1,0,0,0,05,001,0,00,00,04,0,0,1,D009-00-03
01,160036810,20140401,99999999,フェリチン半定量,000000116.00,,3,60,600,1,1,0,0,0,00,000,0,00,00,03,0,0,0,D007-00-32
01,160037110,20140401,99999999,ＴＰＡ,000000112.00,,3,60,600,1,1,0,0,0,05,001,0,00,00,04,0,0,1,D009-00-03
01,160037210,20140401,99999999,ＣＡ１９−９,000000136.00,,3,60,600,1,1,0,0,0,05,001,0,00,00,04,0,0,1,D009-00-06
01,160037410,20140401,99999999,ＳＣＣ,000000112.00,,3,60,600,1,1,0,0,0,05,001,0,00,00,04,0,0,1,D009-00-03
01,160037510,20140401,99999999,ＰＳＡ,000000136.00,,3,60,600,1,1,0,0,0,05,001,0,00,00,04,0,0,1,D009-00-06
01,160037710,20140401,99999999,エラスターゼ１,000000131.00,,3,60,600,1,1,0,0,0,05,001,0,00,00,04,0,0,1,D009-00-05
01,160039110,20140401,99999999,ＡＢＯ,000000021.00,,3,60,600,1,1,0,0,0,00,000,0,00,00,05,0,0,0,D011-00-01
01,160039210,20140401,99999999,Ｒｈ（Ｄ）,000000021.00,,3,60,600,1,1,0,0,0,00,000,0,00,00,05,0,0,0,D011-00-01
01,160039310,20140401,99999999,Ｃｏｏｍｂｓ試験（直接）,000000030.00,,3,60,600,1,1,0,0,0,00,000,0,00,00,05,0,0,0,D011-00-02
01,160039410,20140401,99999999,Ｃｏｏｍｂｓ試験（間接）,000000034.00,,3,60,600,1,1,0,0,0,00,000,0,00,00,05,0,0,0,D011-00-02
01,160039810,20140401,99999999,ＳＴＳ定性,000000015.00,,3,60,600,1,1,0,0,0,00,000,0,00,00,05,0,0,0,D012-00-01
01,160039910,20140401,99999999,ＡＳＯ定性,000000015.00,,3,60,600,1,1,0,0,0,00,000,0,00,00,05,0,0,0,D012-00-01
01,160040110,20140401,99999999,トキソプラズマ抗体半定量,000000026.00,,3,60,600,1,1,0,0,0,00,000,0,00,00,05,0,0,0,D012-00-02
01,160040710,20140401,99999999,ＳＴＳ定量,000000034.00,,3,60,600,1,1,0,0,0,00,000,0,00,00,05,0,0,0,D012-00-05
01,160040810,20140401,99999999,ＡＳＫ定性,000000029.00,,3,60,600,1,1,0,0,0,00,000,0,00,00,05,0,0,0,D012-00-03
01,160040910,20140401,99999999,梅毒トレポネーマ抗体定性,000000032.00,,3,60,600,1,1,0,0,0,00,000,0,00,00,05,0,0,0,D012-00-04
01,160041010,20140401,99999999,マイコプラズマ抗体定性,000000032.00,,3,60,600,1,1,0,0,0,00,000,0,00,00,05,0,0,0,D012-00-04
01,160041510,20140401,99999999,梅毒トレポネーマ抗体半定量,000000053.00,,3,60,600,1,1,0,0,0,00,000,0,00,00,05,0,0,0,D012-00-06
01,160041610,20140401,99999999,アデノウイルス抗体価（定性・半定量・定量）,000000079.00,,3,60,600,1,1,0,0,0,09,000,0,00,00,05,0,0,0,D012-00-11
01,160042110,20140401,99999999,ヘルペスウイルス抗体価（定性・半定量・定量）,000000079.00,,3,60,600,1,1,0,0,0,09,000,0,00,00,05,0,0,0,D012-00-11
01,160042210,20140401,99999999,インフルエンザウイルスＡ型抗体価（定性・半定量・定量）,000000079.00,,3,60,600,1,1,0,0,0,09,000,0,00,00,05,0,0,0,D012-00-11
01,160042310,20140401,99999999,インフルエンザウイルスＢ型抗体価（定性・半定量・定量）,000000079.00,,3,60,600,1,1,0,0,0,09,000,0,00,00,05,0,0,0,D012-00-11
01,160042410,20140401,99999999,ムンプスウイルス抗体価（定性・半定量・定量）,000000079.00,,3,60,600,1,1,0,0,0,09,000,0,00,00,05,0,0,0,D012-00-11
01,160043210,20140401,99999999,風疹ウイルス抗体価（定性・半定量・定量）,000000079.00,,3,60,600,1,1,0,0,0,09,000,0,00,00,05,0,0,0,D012-00-11
01,160043310,20140401,99999999,麻疹ウイルス抗体価（定性・半定量・定量）,000000079.00,,3,60,600,1,1,0,0,0,09,000,0,00,00,05,0,0,0,D012-00-11
01,160044010,20140401,99999999,百日咳菌抗体半定量,000000080.00,,3,60,600,1,1,0,0,0,00,000,0,00,00,05,0,0,0,D012-00-12
01,160044210,20140401,99999999,単純ヘルペスウイルス抗原定性,000000180.00,,3,60,600,1,1,0,0,0,00,000,0,00,00,05,0,0,0,D012-00-32
01,160044710,20140401,99999999,ＦＴＡ−ＡＢＳ定性,000000146.00,,3,60,600,1,1,0,0,0,00,000,0,00,00,05,0,0,0,D012-00-25
01,160046010,20140401,99999999,グロブリンクラス別ウイルス抗体価（ヘルペス）,000000223.00,,3,60,600,1,1,0,0,0,10,000,0,00,00,05,0,0,0,D012-00-39
01,160047410,20140401,99999999,ＨＢｓ抗体半定量,000000032.00,,3,60,600,1,1,0,0,0,00,000,0,00,00,05,0,0,0,D013-00-02
01,160049210,20140401,99999999,ＨＢｓ抗原,000000088.00,,3,60,600,1,1,0,0,0,03,000,0,00,00,05,0,0,0,D013-00-03
01,160049510,20140401,99999999,ＨＢｓ抗体,000000088.00,,3,60,600,1,1,0,0,0,03,000,0,00,00,05,0,0,0,D013-00-03
01,160050010,20140401,99999999,ＨＢｅ抗原,000000107.00,,3,60,600,1,1,0,0,0,03,000,0,00,00,05,0,0,0,D013-00-04
01,160050110,20140401,99999999,ＨＢｅ抗体,000000107.00,,3,60,600,1,1,0,0,0,03,000,0,00,00,05,0,0,0,D013-00-04
01,160052710,20140401,99999999,寒冷凝集,000000011.00,,3,60,600,1,1,0,0,0,00,000,0,00,00,05,0,0,0,D014-00-01
01,160053110,20140401,99999999,ＲＦ半定量,000000030.00,,3,60,600,1,1,0,0,0,00,000,0,00,00,05,0,0,0,D014-00-02
01,160053510,20140401,99999999,抗サイログロブリン抗体半定量,000000037.00,,3,60,600,1,1,0,0,0,00,000,0,00,00,05,0,0,0,D014-00-03
01,160054310,20140401,99999999,抗ＤＮＡ抗体定性,000000178.00,,3,60,600,1,1,0,0,0,00,000,0,00,00,05,0,0,0,D014-00-14
01,160054710,20140401,99999999,ＣＲＰ,000000016.00,,3,60,600,1,1,0,0,0,00,000,0,00,00,05,0,0,0,D015-00-01
01,160054810,20140401,99999999,クリオグロブリン定性,000000042.00,,3,60,600,1,1,0,0,0,00,000,0,00,00,05,0,0,0,D015-00-05
01,160054910,20140401,99999999,ＣＨ５０,000000038.00,,3,60,600,1,1,0,0,0,00,000,0,00,00,05,0,0,0,D015-00-04
01,160055010,20140401,99999999,ＩｇＡ,000000038.00,,3,60,600,1,1,0,0,0,00,000,0,00,00,05,0,0,0,D015-00-04
01,160055110,20140401,99999999,ＩｇＤ,000000038.00,,3,60,600,1,1,0,0,0,00,000,0,00,00,05,0,0,0,D015-00-04
01,160055210,20140401,99999999,ＩｇＧ,000000038.00,,3,60,600,1,1,0,0,0,00,000,0,00,00,05,0,0,0,D015-00-04
01,160055310,20140401,99999999,ＩｇＭ,000000038.00,,3,60,600,1,1,0,0,0,00,000,0,00,00,05,0,0,0,D015-00-04
01,160056110,20140401,99999999,特異的ＩｇＥ半定量・定量,000000110.00,種類,3,60,600,1,1,0,0,0,11,000,0,00,00,05,0,0,0,D015-00-11
01,160056410,20140401,99999999,ＩＥＰ,000000240.00,,3,60,600,1,1,0,0,0,00,000,0,00,00,05,0,0,0,D015-00-21
01,160057710,20140401,99999999,Ｓ−Ｍ,000000061.00,,3,60,600,1,1,0,0,0,00,000,0,00,00,06,0,0,0,D017-00-03
01,160058310,20140401,99999999,細菌培養同定（消化管）,000000160.00,,3,60,600,1,1,0,0,0,00,000,0,00,00,06,0,0,0,D018-00-02
01,160058710,20140401,99999999,細菌培養同定（その他）,000000140.00,,3,60,600,1,1,0,0,0,00,000,0,00,00,06,0,0,0,D018-00-05
01,160058810,20140401,99999999,簡易培養,000000060.00,,3,60,600,1,1,0,0,0,00,000,0,00,00,06,0,0,0,D018-00-06
01,160058970,20140401,99999999,嫌気性培養加算,000000120.00,,3,60,600,2,1,0,0,0,00,000,0,00,00,00,0,0,0,D018-00-07
01,160060010,20140401,99999999,Ｔ−Ｍ,000000860.00,臓器,3,64,640,1,1,0,0,0,00,000,0,00,00,41,0,0,0,N000-00-00
01,160060610,20140401,99999999,細胞診（穿刺吸引細胞診、体腔洗浄等）,000000190.00,部位,3,64,640,1,1,0,0,0,00,000,0,00,00,42,0,0,0,N004-00-02
01,160061710,20140401,99999999,尿・糞便等検査判断料,000000034.00,,3,60,600,1,1,0,0,0,00,001,0,00,00,01,0,0,1,D026-00-01
01,160061810,20140401,99999999,血液学的検査判断料,000000125.00,,3,60,600,1,1,0,0,0,00,001,0,00,00,02,0,0,1,D026-00-02
01,160061910,20140401,99999999,生化学的検査（１）判断料,000000144.00,,3,60,600,1,1,0,0,0,00,001,0,00,00,03,0,0,1,D026-00-03
01,160062010,20140401,99999999,生化学的検査（２）判断料,000000144.00,,3,60,600,1,1,0,0,0,00,001,0,00,00,04,0,0,1,D026-00-04
01,160062110,20140401,99999999,免疫学的検査判断料,000000144.00,,3,60,600,1,1,0,0,0,00,001,0,00,00,05,0,0,1,D026-00-05
01,160062210,20140401,99999999,微生物学的検査判断料,000000150.00,,3,60,600,1,1,0,0,0,00,001,0,00,00,06,0,0,1,D026-00-06
01,160062310,20140401,99999999,病理判断料,000000150.00,,3,64,640,1,1,0,0,0,00,001,0,00,00,40,0,0,1,N007-00-00
01,160064770,20140401,99999999,心カテ（右心）（新生児）加算,000010800.00,,3,60,600,2,1,0,1,0,00,000,0,00,AA,00,0,0,0,D206-00-03
01,160072110,20140401,99999999,超音波（Ａモード法）,000000150.00,,3,60,600,1,1,0,0,0,00,000,1,00,00,00,1,0,1,D215-00-01
01,160072210,20140401,99999999,超音波検査（断層撮影法）（胸腹部）,000000530.00,,3,60,600,1,1,0,0,0,00,000,1,00,00,00,1,0,1,D215-00-02
01,160076210,20140401,99999999,視覚誘発電位,000000670.00,,3,60,600,1,1,0,0,0,00,000,1,00,00,13,1,0,0,D236-00-02
01,160081010,20140401,99999999,精密眼底（片）,000000056.00,,3,60,600,1,1,0,0,0,00,000,1,00,00,16,1,0,0,D255-00-00
01,160081550,20140401,99999999,眼底カメラ撮影（蛍光眼底法）,000000400.00,,3,60,600,1,1,0,0,0,00,000,1,00,00,16,1,0,0,D256-00-02
01,160081610,20140401,99999999,スリットＭ（前・後眼部）,000000112.00,,3,60,600,1,1,0,0,0,00,000,1,00,00,16,1,0,0,D257-00-00
01,160081710,20140401,99999999,ＥＲＧ,000000230.00,,3,60,600,1,1,0,0,0,00,000,1,00,00,16,1,0,0,D258-00-00
01,160081810,20140401,99999999,精密視野（片）,000000038.00,,3,60,600,1,1,0,0,0,00,000,1,00,00,16,1,0,0,D259-00-00
01,160082010,20140401,99999999,動的量的視野（片）,000000195.00,,3,60,600,1,1,0,0,0,00,000,1,00,00,16,1,0,0,D260-00-01
01,160082210,20140401,99999999,静的量的視野（片）,000000290.00,,3,60,600,1,1,0,0,0,00,000,1,00,00,16,1,0,0,D260-00-02
01,160082410,20140401,99999999,屈折,000000069.00,,3,60,600,1,1,0,0,0,00,000,1,00,00,16,1,0,0,D261-00-00
01,160082530,20140401,99999999,屈折薬剤負荷,000000138.00,,3,60,600,1,1,0,0,0,00,000,1,00,00,16,1,0,0,D261-00-00
01,160082610,20140401,99999999,調節,000000070.00,,3,60,600,1,1,0,0,0,00,000,1,00,00,16,1,0,0,D262-00-00
01,160082730,20140401,99999999,負荷調節,000000140.00,,3,60,600,1,1,0,0,0,00,000,1,00,00,16,1,0,0,D262-00-00
01,160082810,20140401,99999999,矯正視力（眼鏡処方せんの交付）,000000069.00,,3,60,600,1,1,0,0,0,00,000,1,00,00,16,1,0,0,D263-00-01
01,160082910,20140401,99999999,精密眼圧,000000082.00,,3,60,600,1,1,0,0,0,00,000,1,00,00,16,1,0,0,D264-00-00
01,160083070,20140401,99999999,精密眼圧（負荷）加算,000000055.00,,3,60,600,2,1,0,0,0,00,000,0,00,00,00,0,0,0,D264-00-00
01,160083150,20140401,99999999,角膜曲率,000000084.00,,3,60,600,1,1,0,0,0,00,000,1,00,00,16,1,0,0,D265-00-00
01,160083450,20140401,99999999,色覚検査（アノマロスコープ）,000000070.00,,3,60,600,1,1,0,0,0,00,000,1,00,00,16,1,0,0,D267-00-01
01,160083750,20140401,99999999,定量的色盲表,000000048.00,,3,60,600,1,1,0,0,0,00,000,1,00,00,16,1,0,0,D267-00-03
01,160083810,20140401,99999999,精密眼筋及び輻輳,000000048.00,,3,60,600,1,1,0,0,0,00,000,1,00,00,16,1,0,0,D268-00-00
01,160083950,20140401,99999999,眼球突出度,000000038.00,,3,60,600,1,1,0,0,0,00,000,1,00,00,16,1,0,0,D269-00-00
01,160084150,20140401,99999999,角膜知覚計,000000038.00,,3,60,600,1,1,0,0,0,00,000,1,00,00,16,1,0,0,D271-00-00
01,160084210,20140401,99999999,両眼視機能精密,000000048.00,,3,60,600,1,1,0,0,0,00,000,1,00,00,16,1,0,0,D272-00-00
01,160084350,20140401,99999999,立体視,000000048.00,,3,60,600,1,1,0,0,0,00,000,1,00,00,16,1,0,0,D272-00-01
01,160084450,20140401,99999999,網膜対応,000000048.00,,3,60,600,1,1,0,0,0,00,000,1,00,00,16,1,0,0,D272-00-01
01,160084510,20140401,99999999,スリットＭ（前眼部）,000000048.00,,3,60,600,1,1,0,0,0,00,000,1,00,00,16,1,0,0,D273-00-00
01,160084650,20140401,99999999,スリットＭ（前眼部）後生体染色使用再検査,000000048.00,,3,60,600,1,1,0,0,0,00,000,1,00,00,16,1,0,0,D273-00-01
01,160084710,20140401,99999999,前房隅角,000000038.00,,3,60,600,1,1,0,0,0,00,000,1,00,00,16,1,0,0,D274-00-00
01,160084810,20140401,99999999,圧迫隅角,000000076.00,,3,60,600,1,1,0,0,0,00,000,1,00,00,16,1,0,0,D275-00-00
01,160085210,20140401,99999999,涙液分泌機能,000000038.00,,3,60,600,1,1,0,0,0,00,000,1,00,00,16,1,0,0,D277-00-00
01,160085350,20140401,99999999,涙管通水・通色素,000000038.00,,3,60,600,1,1,0,0,0,00,000,1,00,00,16,1,0,0,D277-00-00
01,160085410,20140401,99999999,発達及び知能,000000080.00,,3,60,600,1,1,0,0,0,00,001,1,00,00,00,0,0,0,D283-00-01
01,160085510,20140401,99999999,発達及び知能（複雑）,000000280.00,,3,60,600,1,1,0,0,0,00,000,1,00,00,00,0,0,0,D283-00-02
01,160085910,20140401,99999999,認知機能検査心理,000000080.00,,3,60,600,1,1,0,0,0,00,001,1,00,00,00,0,0,0,D285-00-01
01,160089810,20140401,99999999,皮内反応（２１箇所以内）,000000016.00,箇所,3,60,600,1,1,0,0,0,00,000,1,00,00,00,1,0,0,D291-00-01
01,160095710,20140401,99999999,Ｂ−Ｖ,000000020.00,,3,60,600,1,1,2,0,0,00,000,0,00,00,00,0,0,1,D400-00-01
01,160095810,20140401,99999999,Ｂ−Ｃ,000000006.00,,3,60,600,1,1,2,0,0,00,000,0,00,00,00,0,0,1,D400-00-02
01,160095970,20140401,99999999,血液採取（乳幼児）加算,000000014.00,,3,60,600,2,1,2,1,0,00,000,0,00,06,00,0,0,0,D400-00-02
01,160098570,20140401,99999999,臓器穿刺、組織採取（乳幼児）加算,000002000.00,,3,60,600,2,1,0,1,0,00,000,0,00,06,00,0,0,0,D416-00-02
01,160115310,20140401,99999999,葉酸,000000165.00,,3,60,600,1,1,0,0,0,00,000,0,00,00,03,0,0,0,D007-00-41
01,160117510,20140401,99999999,ＨＩＶ−１抗体,000000118.00,,3,60,600,1,1,0,0,0,00,000,0,00,00,05,0,0,0,D012-00-18
01,160117810,20140401,99999999,グロブリンクラス別クラミジア・トラコマチス抗体,000000210.00,,3,60,600,1,1,0,0,0,00,000,0,00,00,05,0,0,0,D012-00-36
01,160118410,20140401,99999999,抗ＡＣｈＲ抗体,000000873.00,,3,60,600,1,1,0,0,0,00,000,0,00,00,05,0,0,0,D014-00-31
01,160118510,20140401,99999999,ＨＣＶ抗体定性・定量,000000116.00,,3,60,600,1,1,0,0,0,03,000,0,00,00,05,0,0,0,D013-00-05
01,160118810,20140401,99999999,非特異的ＩｇＥ半定量,000000100.00,,3,60,600,1,1,0,0,0,00,000,0,00,00,05,0,0,0,D015-00-10
01,160119210,20140401,99999999,Ｃ１ｑ結合免疫複合体,000000165.00,,3,60,600,1,1,0,0,0,07,000,0,00,00,05,0,0,0,D014-00-11
01,160120610,20140401,99999999,クラミジア・トラコマチス抗原定性,000000165.00,,3,60,600,1,1,0,0,0,00,000,0,00,00,05,0,0,0,D012-00-29
01,160120710,20140401,99999999,ＨＢｃ抗体半定量・定量,000000146.00,,3,60,600,1,1,0,0,0,03,000,0,00,00,05,0,0,0,D013-00-06
01,160120810,20140401,99999999,ＨＡ抗体,000000146.00,,3,60,600,1,1,0,0,0,03,000,0,00,00,05,0,0,0,D013-00-06
01,160120910,20140401,99999999,ＨＡ−ＩｇＭ抗体,000000146.00,,3,60,600,1,1,0,0,0,03,000,0,00,00,05,0,0,0,D013-00-06
01,160121010,20140401,99999999,ＨＢｃ−ＩｇＭ抗体,000000146.00,,3,60,600,1,1,0,0,0,03,000,0,00,00,05,0,0,0,D013-00-06
01,160124050,20140401,99999999,ＨＰＬ,000000146.00,,3,60,600,1,1,0,0,0,02,000,0,00,00,04,0,0,0,D008-00-18
01,160124350,20140401,99999999,Ｃ３,000000070.00,,3,60,600,1,1,0,0,0,00,000,0,00,00,05,0,0,0,D015-00-08
01,160124450,20140401,99999999,Ｃ４,000000070.00,,3,60,600,1,1,0,0,0,00,000,0,00,00,05,0,0,0,D015-00-08
01,160134350,20140401,99999999,ポリアミン（尿）,000000115.00,,3,60,600,1,1,0,0,0,00,000,0,00,00,01,0,0,0,D001-00-10
01,160142270,20140401,99999999,乳幼児加算（検査）,000000100.00,,3,60,600,2,1,0,1,0,00,000,0,00,06,00,0,0,0,D401-00-00
01,160142350,20140401,99999999,１．５ＡＧ,000000080.00,,3,60,600,1,1,0,0,0,00,001,0,00,00,03,0,0,1,D007-00-24
01,160143050,20140401,99999999,レーザー前房蛋白細胞数,000000160.00,,3,60,600,1,1,0,0,0,00,000,1,00,00,16,1,0,0,D280-00-00
01,160143850,20140401,99999999,アトピー鑑別試験定性,000000194.00,,3,60,600,1,1,0,0,0,00,000,0,00,00,05,0,0,0,D015-00-18
01,160146210,20140401,99999999,細菌薬剤感受性（１菌種）,000000170.00,,3,60,600,1,1,0,0,0,00,000,0,00,00,06,0,0,0,D019-00-01
01,160146310,20140401,99999999,細菌薬剤感受性（２菌種）,000000220.00,,3,60,600,1,1,0,0,0,00,000,0,00,00,06,0,0,0,D019-00-02
01,160146410,20140401,99999999,細菌薬剤感受性（３菌種以上）,000000280.00,,3,60,600,1,1,0,0,0,00,000,0,00,00,06,0,0,0,D019-00-03
01,160146910,20140401,99999999,呼吸機能検査等判断料,000000140.00,,3,60,600,1,1,0,0,0,00,001,0,00,00,11,0,0,1,D205-00-00
01,160147610,20140401,99999999,脳波検査判断料,000000180.00,,3,60,600,1,1,0,0,0,00,001,0,00,00,13,1,0,1,D238-00-00
01,160147710,20140401,99999999,神経・筋検査判断料,000000180.00,,3,60,600,1,1,0,0,0,00,001,0,00,00,14,1,0,1,D241-00-00
01,160147910,20140401,99999999,ラジオアイソトープ検査判断料,000000110.00,,3,60,600,1,1,0,0,0,00,001,0,00,00,15,1,0,1,D294-00-00
01,160148310,20140401,99999999,角膜内皮細胞顕微鏡,000000160.00,,3,60,600,1,1,0,0,0,00,000,1,00,00,16,1,0,0,D279-00-00
01,160148810,20140401,99999999,アデノウイルス抗原定性（糞便を除く。）,000000204.00,,3,60,600,1,1,0,0,0,00,000,0,00,00,05,0,0,0,D012-00-35
01,160149910,20140401,99999999,ＬＨ,000000119.00,,3,60,600,1,1,0,0,0,02,000,0,00,00,04,0,0,0,D008-00-12
01,160150750,20140401,99999999,瞳孔機能（電子瞳孔計）,000000160.00,,3,60,600,1,1,0,0,0,00,000,1,00,00,16,1,0,0,D281-00-00
01,160151050,20140401,99999999,グリコアルブミン,000000055.00,,3,60,600,1,1,0,0,0,00,001,0,00,00,03,0,0,1,D007-00-19
01,160151150,20140401,99999999,ヒアルロン酸,000000184.00,,3,60,600,1,1,0,0,0,00,000,0,00,00,03,0,0,0,D007-00-43
01,160153050,20140401,99999999,ＨＩＶ−１、２抗体定性,000000123.00,,3,60,600,1,1,0,0,0,00,000,0,00,00,05,0,0,0,D012-00-20
01,160153450,20140401,99999999,リポ蛋白（ａ）,000000107.00,,3,60,600,1,1,0,0,0,00,001,0,00,00,03,0,0,1,D007-00-30
01,160153550,20140401,99999999,ＲＬＰ−Ｃ,000000194.00,,3,60,600,1,1,0,0,0,00,001,0,00,00,03,0,0,1,D007-00-45
01,160155290,20140401,99999999,新生児加算（生体検査）,000000060.00,,5,60,600,2,1,0,1,0,00,000,1,00,AA,00,0,0,0,D200-00-00
01,160155390,20140401,99999999,乳幼児加算（生体検査）（３歳未満）,000000030.00,,5,60,600,2,1,0,1,0,00,000,1,AA,03,00,0,0,0,D200-00-00
01,160155470,20140401,99999999,心カテ（右心）（乳幼児）加算,000003600.00,,3,60,600,2,1,0,1,0,00,000,0,AA,03,00,0,0,0,D206-00-03
01,160156210,20140401,99999999,中心フリッカー,000000038.00,,3,60,600,1,1,0,0,0,00,000,1,00,00,16,1,0,0,D282-00-00
01,160158350,20140401,99999999,アスペルギルス抗原,000000165.00,,3,60,600,1,1,0,0,0,00,000,0,00,00,05,0,0,0,D012-00-29
01,160160610,20140401,99999999,ＰＬ法,000000100.00,,3,60,600,1,1,0,0,0,00,000,1,00,00,16,1,0,0,D282-02-01
01,160161610,20140401,99999999,検体検査管理加算（３）,000000300.00,,3,60,600,1,1,1,0,0,00,001,0,00,00,00,0,0,1,D026-00-07
01,160164450,20140401,99999999,酵母様真菌薬剤感受性検査,000000150.00,,3,60,600,1,1,0,0,0,00,000,0,00,00,06,0,0,0,D019-02-00
01,160165010,20140401,99999999,超音波検査（断層撮影法）（その他）,000000350.00,,3,60,600,1,1,0,0,0,00,000,1,00,00,00,1,0,1,D215-00-02
01,160170170,20140401,99999999,検体検査管理加算（１）,000000040.00,,3,60,600,1,1,0,0,0,00,001,0,00,00,00,0,0,1,D026-00-07
01,160171110,20140401,99999999,汎網膜硝子体（片）,000000150.00,,3,60,600,1,1,0,0,0,00,002,1,00,00,16,1,0,1,D255-02-00
01,160171210,20140401,99999999,角膜形状解析,000000105.00,,3,60,600,1,1,0,0,0,00,001,1,00,00,16,1,0,1,D265-02-00
01,160176450,20140401,99999999,トロンボテスト,000000018.00,,3,60,600,1,1,0,0,0,00,000,0,00,00,02,0,0,0,D006-00-02
01,160177250,20140401,99999999,シスタチンＣ,000000126.00,,3,60,600,1,1,0,0,0,00,001,0,00,00,03,0,0,1,D007-00-35
01,160177650,20140401,99999999,淋菌及びクラミジア・トラコマチス同時核酸検出,000000291.00,,3,60,600,1,1,0,0,0,00,000,0,00,00,06,0,0,0,D023-00-04
01,160177770,20140401,99999999,外来迅速検体検査加算,000000010.00,項目,3,60,600,1,1,0,0,0,00,000,0,00,00,00,0,0,1,D000-00-00
01,160179110,20140401,99999999,矯正視力（１以外）,000000069.00,,3,60,600,1,1,0,0,0,00,000,1,00,00,16,1,0,0,D263-00-02
01,160179310,20140401,99999999,コンタクトレンズ検査料１,000000200.00,,3,60,600,1,1,0,0,0,00,000,1,00,00,00,1,0,1,D282-03-01
01,160180570,20140401,99999999,肺臓カテーテル法等（新生児）加算,000010800.00,,3,60,600,2,1,0,1,0,00,000,0,00,AA,00,0,0,0,D325-00-00
01,160180670,20140401,99999999,肺臓カテーテル法等（乳幼児）加算,000003600.00,,3,60,600,2,1,0,1,0,00,000,0,AA,03,00,0,0,0,D325-00-00
01,160180770,20140401,99999999,３歳未満乳幼児加算（関節穿刺）,000000100.00,,3,60,600,2,1,0,1,0,00,000,0,00,03,00,0,0,0,D405-00-00
01,160181150,20140401,99999999,抗シトルリン化ペプチド抗体定性,000000210.00,,3,60,600,1,1,0,0,0,00,001,0,00,00,05,0,0,1,D014-00-21
01,160182510,20140401,99999999,抗核抗体（蛍光抗体法）定性,000000110.00,,3,60,600,1,1,0,0,0,00,000,0,00,00,05,0,0,0,D014-00-06
01,160182770,20140401,99999999,検体検査管理加算（２）,000000100.00,,3,60,600,1,1,1,0,0,00,001,0,00,00,00,0,0,1,D026-00-07
01,160183310,20140401,99999999,眼底三次元画像解析,000000200.00,,3,60,600,1,1,0,0,0,00,001,1,00,00,16,1,0,1,D256-02-00
01,160184150,20140401,99999999,ＩｇＥ定性（涙液）,000000100.00,,3,60,600,1,1,0,0,0,00,001,0,00,00,01,0,0,1,D004-00-07
01,160185770,20140401,99999999,検体検査管理加算（４）,000000500.00,,3,60,600,1,1,1,0,0,00,001,0,00,00,00,0,0,1,D026-00-07
01,160185890,20140401,99999999,幼児加算（生体検査）（３歳以上６歳未満）,000000015.00,,5,60,600,2,1,0,1,0,00,000,1,03,06,00,0,0,0,D200-00-00
01,160185970,20140401,99999999,心カテ（左心）（新生児）加算,000012000.00,,3,60,600,2,1,0,1,0,00,000,0,00,AA,00,0,0,0,D206-00-03
01,160186070,20140401,99999999,心カテ（左心）（乳幼児）加算,000004000.00,,3,60,600,2,1,0,1,0,00,000,0,AA,03,00,0,0,0,D206-00-03
01,160187310,20140401,99999999,光学的眼軸長,000000150.00,,3,60,600,1,1,0,0,0,00,000,1,00,00,16,1,0,0,D269-02-00
01,160187970,20140401,99999999,乳幼児加算（骨髄生検）,000000100.00,,3,60,600,2,1,0,1,0,00,000,0,00,06,00,0,0,0,D404-02-00
01,160188950,20140401,99999999,単純ヘルペスウイルス抗原定性（角膜）,000000210.00,,3,60,600,1,1,0,0,0,00,000,0,00,00,05,0,0,0,D012-00-36
01,160195010,20140401,99999999,カンジダ抗原定量,000000144.00,,3,60,600,1,1,0,0,0,00,000,0,00,00,05,0,0,0,D012-00-24
01,160199310,20140401,99999999,眼底カメラ撮影（自発蛍光撮影法）,000000510.00,,3,60,600,1,1,0,0,0,00,001,1,00,00,16,1,0,0,D256-00-03
01,160199510,20140401,99999999,ロービジョン検査判断料,000000250.00,,3,60,600,1,1,0,0,0,00,001,1,00,00,16,1,0,1,D270-02-00
01,160199610,20140401,99999999,乳幼児視力測定（テラーカード）,000000060.00,,3,60,600,1,1,0,0,0,00,000,1,00,00,16,1,0,0,D282-02-02
01,160203710,20140401,99999999,眼底カメラ（アナログ撮影）,000000054.00,,3,60,600,1,1,0,0,0,00,000,1,00,00,16,1,0,0,D256-00-01
01,160203810,20140401,99999999,眼底カメラ（デジタル撮影）,000000058.00,,3,60,600,1,1,0,0,0,00,000,1,00,00,16,1,0,0,D256-00-01
01,180004810,20140401,99999999,斜視視能訓練,000000135.00,,3,80,800,1,1,0,0,0,00,000,0,00,00,00,1,0,0,H005-00-01
01,180004910,20140401,99999999,弱視視能訓練,000000135.00,,3,80,800,1,1,0,0,0,00,000,0,00,00,00,1,0,0,H005-00-02
01,180016110,20140401,99999999,診療情報提供料（１）,000000250.00,,3,13,130,1,1,0,0,0,00,000,0,00,00,00,0,0,0,B009-00-00
01,180020610,20140401,99999999,心身医学療法（入院外）（初診時）,000000110.00,,3,80,830,1,1,2,0,0,00,001,0,00,00,00,1,0,1,I004-00-02
01,180028570,20140401,99999999,心身医学療法（２０歳未満）加算,000000200.00,,5,80,830,2,1,0,1,0,00,000,0,00,20,00,0,0,0,I004-00-03
01,180034890,20140401,99999999,新生児加算（放射線治療）,000000060.00,,5,80,840,2,1,0,1,0,00,000,1,00,AA,00,1,0,0,M000-00-00
01,180034990,20140401,99999999,乳幼児加算（放射線治療）,000000030.00,,5,80,840,2,1,0,1,0,00,000,1,AA,03,00,1,0,0,M000-00-00
01,180035090,20140401,99999999,幼児加算（放射線治療）,000000015.00,,5,80,840,2,1,0,1,0,00,000,1,03,06,00,1,0,0,M000-00-00
01,180035190,20140401,99999999,小児加算（放射線治療）,000000010.00,,5,80,840,2,1,0,1,0,00,000,1,06,15,00,1,0,0,M000-00-00
01,199000610,20140401,99999999,療養担当手当（入院外）,000000007.00,,3,80,850,1,1,2,0,0,00,001,0,00,00,00,0,0,1,*000-01-02
