01,001000101,00000000,99999999,医師の指示通りに,000000000.00,0,,000,000,,,,,,,,,,,,,
01,001000106,00000000,99999999,１日１回朝食後に,000000000.00,0,,000,000,,,,,,,,,,,,,
01,001000107,00000000,99999999,１日１回朝食前に,000000000.00,0,,000,000,,,,,,,,,,,,,
01,001000108,00000000,99999999,１日１回昼食後に,000000000.00,0,,000,000,,,,,,,,,,,,,
01,001000109,00000000,99999999,１日１回昼食前に,000000000.00,0,,000,000,,,,,,,,,,,,,
01,001000110,00000000,99999999,１日１回夕食後に,000000000.00,0,,000,000,,,,,,,,,,,,,
01,001000111,00000000,99999999,１日１回夕食前に,000000000.00,0,,000,000,,,,,,,,,,,,,
01,001000112,00000000,99999999,１日１回夜に,000000000.00,0,,000,000,,,,,,,,,,,,,
01,001000113,00000000,99999999,１日１回就寝前に,000000000.00,0,,000,000,,,,,,,,,,,,,
01,001000139,00000000,99999999,１日１回朝食直前に,000000000.00,0,,000,000,,,,,,,,,,,,,
01,001000140,00000000,99999999,１日１回昼食直前に,000000000.00,0,,000,000,,,,,,,,,,,,,
01,001000141,00000000,99999999,１日１回夕食直前に,000000000.00,0,,000,000,,,,,,,,,,,,,
01,001000142,00000000,99999999,１日１回朝食間に,000000000.00,0,,000,000,,,,,,,,,,,,,
01,001000143,00000000,99999999,１日１回昼食間に,000000000.00,0,,000,000,,,,,,,,,,,,,
01,001000144,00000000,99999999,１日１回夕食間に,000000000.00,0,,000,000,,,,,,,,,,,,,
01,001000206,00000000,99999999,１日２回朝夕食後に,000000000.00,0,,000,000,,,,,,,,,,,,,
01,001000207,00000000,99999999,１日２回朝夕食前に,000000000.00,0,,000,000,,,,,,,,,,,,,
01,001000208,00000000,99999999,１日２回朝夕食直前に,000000000.00,0,,000,000,,,,,,,,,,,,,
01,001000209,00000000,99999999,１日２回朝夕食間に,000000000.00,0,,000,000,,,,,,,,,,,,,
01,001000210,00000000,99999999,１日２回朝夕食直後に,000000000.00,0,,000,000,,,,,,,,,,,,,
01,001000211,00000000,99999999,１日２回朝昼食後に,000000000.00,0,,000,000,,,,,,,,,,,,,
01,001000212,00000000,99999999,１日２回朝昼食前に,000000000.00,0,,000,000,,,,,,,,,,,,,
01,001000213,00000000,99999999,１日２回昼夕食後に,000000000.00,0,,000,000,,,,,,,,,,,,,
01,001000214,00000000,99999999,１日２回昼夕食前に,000000000.00,0,,000,000,,,,,,,,,,,,,
01,001000215,00000000,99999999,１日２回朝食後及び就寝前に,000000000.00,0,,000,000,,,,,,,,,,,,,
01,001000216,00000000,99999999,１日２回朝食前及び就寝前に,000000000.00,0,,000,000,,,,,,,,,,,,,
01,001000217,00000000,99999999,１日２回昼食後及び就寝前に,000000000.00,0,,000,000,,,,,,,,,,,,,
01,001000218,00000000,99999999,１日２回昼食前及び就寝前に,000000000.00,0,,000,000,,,,,,,,,,,,,
01,001000219,00000000,99999999,１日２回夕食後及び就寝前に,000000000.00,0,,000,000,,,,,,,,,,,,,
01,001000220,00000000,99999999,１日２回夕食前及び就寝前に,000000000.00,0,,000,000,,,,,,,,,,,,,
01,001000301,00000000,99999999,１日３回毎食後に,000000000.00,0,,000,000,,,,,,,,,,,,,
01,001000305,00000000,99999999,１日３回毎食前に,000000000.00,0,,000,000,,,,,,,,,,,,,
01,001000306,00000000,99999999,１日３回毎食直前に,000000000.00,0,,000,000,,,,,,,,,,,,,
01,001000307,00000000,99999999,１日３回毎食間に,000000000.00,0,,000,000,,,,,,,,,,,,,
01,001000308,00000000,99999999,１日３回毎食直後に,000000000.00,0,,000,000,,,,,,,,,,,,,
01,001000309,00000000,99999999,１日３回朝夕食後及び就寝前に,000000000.00,0,,000,000,,,,,,,,,,,,,
01,001000310,00000000,99999999,１日３回朝夕食前及び就寝前に,000000000.00,0,,000,000,,,,,,,,,,,,,
01,001000311,00000000,99999999,１日３回朝夕食間及び就寝前に,000000000.00,0,,000,000,,,,,,,,,,,,,
01,001000312,00000000,99999999,１日３回朝夕食直後及び就寝前に,000000000.00,0,,000,000,,,,,,,,,,,,,
01,001000313,00000000,99999999,１日３回朝昼食後及び就寝前に,000000000.00,0,,000,000,,,,,,,,,,,,,
01,001000314,00000000,99999999,１日３回朝昼食前及び就寝前に,000000000.00,0,,000,000,,,,,,,,,,,,,
01,001000315,00000000,99999999,１日３回朝昼食間及び就寝前に,000000000.00,0,,000,000,,,,,,,,,,,,,
01,001000316,00000000,99999999,１日３回昼夕食後及び就寝前に,000000000.00,0,,000,000,,,,,,,,,,,,,
01,001000317,00000000,99999999,１日３回昼夕食前及び就寝前に,000000000.00,0,,000,000,,,,,,,,,,,,,
01,001000318,00000000,99999999,１日３回昼夕食間及び就寝前に,000000000.00,0,,000,000,,,,,,,,,,,,,
01,001000401,00000000,99999999,１日４回毎食後及び就寝前に,000000000.00,0,,000,000,,,,,,,,,,,,,
01,001000404,00000000,99999999,１日４回毎食前及び就寝前に,000000000.00,0,,000,000,,,,,,,,,,,,,
01,001000405,00000000,99999999,１日４回毎食間及び就寝前に,000000000.00,0,,000,000,,,,,,,,,,,,,
01,001000406,00000000,99999999,１日４回毎食直後及び就寝前に,000000000.00,0,,000,000,,,,,,,,,,,,,
01,001000407,00000000,99999999,１日４回毎食直後及び間食後に,000000000.00,0,,000,000,,,,,,,,,,,,,
01,001000408,00000000,99999999,１日４回毎６時間毎に,000000000.00,0,,000,000,,,,,,,,,,,,,
01,001000503,00000000,99999999,左目　医師の指示通りに,000000000.00,0,,000,000,,,,,,,,,,,,,
01,001000504,00000000,99999999,１日左目１回,000000000.00,0,,000,000,,,,,,,,,,,,,
01,001000505,00000000,99999999,１日左目１回就寝前,000000000.00,0,,000,000,,,,,,,,,,,,,
01,001000506,00000000,99999999,１日左目２回,000000000.00,0,,000,000,,,,,,,,,,,,,
01,001000507,00000000,99999999,１日左目３回,000000000.00,0,,000,000,,,,,,,,,,,,,
01,001000508,00000000,99999999,１日左目４回,000000000.00,0,,000,000,,,,,,,,,,,,,
01,001000509,00000000,99999999,１日左目５回,000000000.00,0,,000,000,,,,,,,,,,,,,
01,001000510,00000000,99999999,１日左目６回,000000000.00,0,,000,000,,,,,,,,,,,,,
01,001000511,00000000,99999999,左目適時,000000000.00,0,,000,000,,,,,,,,,,,,,
01,001000513,00000000,99999999,１日左目　回,000000000.00,0,,000,000,,,,,,,,,,,,,
01,001000514,00000000,99999999,１日右目１回,000000000.00,0,,000,000,,,,,,,,,,,,,
01,001000515,00000000,99999999,１日右目１回就寝前に,000000000.00,0,,000,000,,,,,,,,,,,,,
01,001000516,00000000,99999999,１日右目１回左目１回,000000000.00,0,,000,000,,,,,,,,,,,,,
01,001000517,00000000,99999999,１日右目１回左目１回就寝前,000000000.00,0,,000,000,,,,,,,,,,,,,
01,001000518,00000000,99999999,１日右目１回左目２回,000000000.00,0,,000,000,,,,,,,,,,,,,
01,001000519,00000000,99999999,１日右目１回左目３回,000000000.00,0,,000,000,,,,,,,,,,,,,
01,001000520,00000000,99999999,１日右目１回左目４回,000000000.00,0,,000,000,,,,,,,,,,,,,
01,001000521,00000000,99999999,１日右目１回左目５回,000000000.00,0,,000,000,,,,,,,,,,,,,
01,001000522,00000000,99999999,１日右目１回左目６回,000000000.00,0,,000,000,,,,,,,,,,,,,
01,001000523,00000000,99999999,１日右目２回,000000000.00,0,,000,000,,,,,,,,,,,,,
01,001000524,00000000,99999999,１日右目２回左目１回,000000000.00,0,,000,000,,,,,,,,,,,,,
01,001000525,00000000,99999999,１日右目２回左目２回,000000000.00,0,,000,000,,,,,,,,,,,,,
01,001000526,00000000,99999999,１日右目２回左目３回,000000000.00,0,,000,000,,,,,,,,,,,,,
01,001000527,00000000,99999999,１日右目２回左目４回,000000000.00,0,,000,000,,,,,,,,,,,,,
01,001000528,00000000,99999999,１日右目２回左目５回,000000000.00,0,,000,000,,,,,,,,,,,,,
01,001000529,00000000,99999999,１日右目２回左目６回,000000000.00,0,,000,000,,,,,,,,,,,,,
01,001000530,00000000,99999999,１日右目３回,000000000.00,0,,000,000,,,,,,,,,,,,,
01,001000531,00000000,99999999,１日右目３回左目１回,000000000.00,0,,000,000,,,,,,,,,,,,,
01,001000532,00000000,99999999,１日右目３回左目２回,000000000.00,0,,000,000,,,,,,,,,,,,,
01,001000533,00000000,99999999,１日右目３回左目３回,000000000.00,0,,000,000,,,,,,,,,,,,,
01,001000534,00000000,99999999,１日右目３回左目４回,000000000.00,0,,000,000,,,,,,,,,,,,,
01,001000535,00000000,99999999,１日右目３回左目５回,000000000.00,0,,000,000,,,,,,,,,,,,,
01,001000536,00000000,99999999,１日右目３回左目６回,000000000.00,0,,000,000,,,,,,,,,,,,,
01,001000537,00000000,99999999,１日右目４回,000000000.00,0,,000,000,,,,,,,,,,,,,
01,001000538,00000000,99999999,１日右目４回左目１回,000000000.00,0,,000,000,,,,,,,,,,,,,
01,001000539,00000000,99999999,１日右目４回左目２回,000000000.00,0,,000,000,,,,,,,,,,,,,
01,001000540,00000000,99999999,１日右目４回左目３回,000000000.00,0,,000,000,,,,,,,,,,,,,
01,001000541,00000000,99999999,１日右目４回左目４回,000000000.00,0,,000,000,,,,,,,,,,,,,
01,001000542,00000000,99999999,１日右目４回左目５回,000000000.00,0,,000,000,,,,,,,,,,,,,
01,001000543,00000000,99999999,１日右目４回左目６回,000000000.00,0,,000,000,,,,,,,,,,,,,
01,001000544,00000000,99999999,１日右目５回,000000000.00,0,,000,000,,,,,,,,,,,,,
01,001000545,00000000,99999999,１日右目５回左目１回,000000000.00,0,,000,000,,,,,,,,,,,,,
01,001000546,00000000,99999999,１日右目５回左目２回,000000000.00,0,,000,000,,,,,,,,,,,,,
01,001000547,00000000,99999999,１日右目５回左目３回,000000000.00,0,,000,000,,,,,,,,,,,,,
01,001000548,00000000,99999999,１日右目５回左目４回,000000000.00,0,,000,000,,,,,,,,,,,,,
01,001000549,00000000,99999999,１日右目５回左目５回,000000000.00,0,,000,000,,,,,,,,,,,,,
01,001000550,00000000,99999999,１日右目５回左目６回,000000000.00,0,,000,000,,,,,,,,,,,,,
01,001000551,00000000,99999999,１日右目６回,000000000.00,0,,000,000,,,,,,,,,,,,,
01,001000552,00000000,99999999,１日右目６回左目１回,000000000.00,0,,000,000,,,,,,,,,,,,,
01,001000553,00000000,99999999,１日右目６回左目２回,000000000.00,0,,000,000,,,,,,,,,,,,,
01,001000554,00000000,99999999,１日右目６回左目３回,000000000.00,0,,000,000,,,,,,,,,,,,,
01,001000555,00000000,99999999,１日右目６回左目４回,000000000.00,0,,000,000,,,,,,,,,,,,,
01,001000556,00000000,99999999,１日右目６回左目５回,000000000.00,0,,000,000,,,,,,,,,,,,,
01,001000557,00000000,99999999,１日右目６回左目６回,000000000.00,0,,000,000,,,,,,,,,,,,,
01,001000558,00000000,99999999,右目適時,000000000.00,0,,000,000,,,,,,,,,,,,,
01,001000559,00000000,99999999,右目適時　左目適時,000000000.00,0,,000,000,,,,,,,,,,,,,
01,001000561,00000000,99999999,１日右目　回,000000000.00,0,,000,000,,,,,,,,,,,,,
01,001000563,00000000,99999999,１日右目　回左目　回,000000000.00,0,,000,000,,,,,,,,,,,,,
01,001000822,00000000,99999999,１回１個発熱時に,000000000.00,0,,000,000,,,,,,,,,,,,,
01,001000981,00000000,99999999,患部に（　　　　　　　　　　）,000000000.00,0,,000,000,,,,,,,,,,,,,
01,001001101,00000000,99999999,１日４回,000000000.00,0,,000,000,,,,,,,,,,,,,
01,001001102,00000000,99999999,１日３〜４回,000000000.00,0,,000,000,,,,,,,,,,,,,
01,001001103,00000000,99999999,１日２〜４回,000000000.00,0,,000,000,,,,,,,,,,,,,
01,001001104,00000000,99999999,１日１回　夜,000000000.00,0,,000,000,,,,,,,,,,,,,
01,001001105,00000000,99999999,１日１回　朝,000000000.00,0,,000,000,,,,,,,,,,,,,
01,001001106,00000000,99999999,１日２回,000000000.00,0,,000,000,,,,,,,,,,,,,
01,001001107,00000000,99999999,１日１〜２回,000000000.00,0,,000,000,,,,,,,,,,,,,
01,001001108,00000000,99999999,１日２〜３回,000000000.00,0,,000,000,,,,,,,,,,,,,
01,001001109,00000000,99999999,１週間,000000000.00,0,,000,000,,,,,,,,,,,,,
01,001001110,00000000,99999999,１日６回,000000000.00,0,,000,000,,,,,,,,,,,,,
01,001001111,00000000,99999999,１日３回,000000000.00,0,,000,000,,,,,,,,,,,,,
01,001001112,00000000,99999999,１日１回　夕,000000000.00,0,,000,000,,,,,,,,,,,,,
01,001001113,00000000,99999999,１日１回　夕〜夜,000000000.00,0,,000,000,,,,,,,,,,,,,
01,001001114,00000000,99999999,１日１回　各２噴霧,000000000.00,0,,000,000,,,,,,,,,,,,,
01,001001115,00000000,99999999,１日４〜６回,000000000.00,0,,000,000,,,,,,,,,,,,,
01,001001116,00000000,99999999,１日３〜６回,000000000.00,0,,000,000,,,,,,,,,,,,,
01,001001117,00000000,99999999,１日３〜５回,000000000.00,0,,000,000,,,,,,,,,,,,,
01,001001118,00000000,99999999,１日４〜５回,000000000.00,0,,000,000,,,,,,,,,,,,,
01,001001119,00000000,99999999,１日１回　眠前,000000000.00,0,,000,000,,,,,,,,,,,,,
01,001001120,00000000,99999999,１日２〜５回,000000000.00,0,,000,000,,,,,,,,,,,,,
01,001001121,00000000,99999999,１日１回,000000000.00,0,,000,000,,,,,,,,,,,,,
01,001001122,00000000,99999999,１日２〜６回,000000000.00,0,,000,000,,,,,,,,,,,,,
01,001001123,00000000,99999999,１０日間,000000000.00,0,,000,000,,,,,,,,,,,,,
01,001001124,00000000,99999999,２週間,000000000.00,0,,000,000,,,,,,,,,,,,,
01,001001125,00000000,99999999,２時間毎に,000000000.00,0,,000,000,,,,,,,,,,,,,
01,001001126,00000000,99999999,３日間,000000000.00,0,,000,000,,,,,,,,,,,,,
01,001001127,00000000,99999999,３時間毎に,000000000.00,0,,000,000,,,,,,,,,,,,,
01,001001128,00000000,99999999,４〜５日間,000000000.00,0,,000,000,,,,,,,,,,,,,
01,001001129,00000000,99999999,５日間,000000000.00,0,,000,000,,,,,,,,,,,,,
01,001001130,00000000,99999999,赤い日,000000000.00,0,,000,000,,,,,,,,,,,,,
01,001001131,00000000,99999999,赤い時,000000000.00,0,,000,000,,,,,,,,,,,,,
01,001001132,00000000,99999999,あとは、かゆみつよい日のみ　両目１日２回,000000000.00,0,,000,000,,,,,,,,,,,,,
01,001001133,00000000,99999999,あとは、かゆみの強い時のみ　両目１日２回,000000000.00,0,,000,000,,,,,,,,,,,,,
01,001001134,00000000,99999999,ある間,000000000.00,0,,000,000,,,,,,,,,,,,,
01,001001135,00000000,99999999,痛い時,000000000.00,0,,000,000,,,,,,,,,,,,,
01,001001136,00000000,99999999,重い時,000000000.00,0,,000,000,,,,,,,,,,,,,
01,001001137,00000000,99999999,重い日,000000000.00,0,,000,000,,,,,,,,,,,,,
01,001001138,00000000,99999999,開封後、１ヶ月すぎたら使用しないで下さい,000000000.00,0,,000,000,,,,,,,,,,,,,
01,001001139,00000000,99999999,かすむ時,000000000.00,0,,000,000,,,,,,,,,,,,,
01,001001140,00000000,99999999,かすむ日,000000000.00,0,,000,000,,,,,,,,,,,,,
01,001001141,00000000,99999999,必ず,000000000.00,0,,000,000,,,,,,,,,,,,,
01,001001142,00000000,99999999,花粉流し用,000000000.00,0,,000,000,,,,,,,,,,,,,
01,001001143,00000000,99999999,花粉流す時,000000000.00,0,,000,000,,,,,,,,,,,,,
01,001001144,00000000,99999999,かゆい日,000000000.00,0,,000,000,,,,,,,,,,,,,
01,001001145,00000000,99999999,かゆい時,000000000.00,0,,000,000,,,,,,,,,,,,,
01,001001146,00000000,99999999,かゆみ強い日のみ,000000000.00,0,,000,000,,,,,,,,,,,,,
01,001001147,00000000,99999999,かゆみ強い時のみ,000000000.00,0,,000,000,,,,,,,,,,,,,
01,001001148,00000000,99999999,かわくとき追加,000000000.00,0,,000,000,,,,,,,,,,,,,
01,001001149,00000000,99999999,かわかないように,000000000.00,0,,000,000,,,,,,,,,,,,,
01,001001150,00000000,99999999,かわく時,000000000.00,0,,000,000,,,,,,,,,,,,,
01,001001151,00000000,99999999,患部,000000000.00,0,,000,000,,,,,,,,,,,,,
01,001001152,00000000,99999999,外出前,000000000.00,0,,000,000,,,,,,,,,,,,,
01,001001153,00000000,99999999,（コンタクトはずして点眼）,000000000.00,0,,000,000,,,,,,,,,,,,,
01,001001154,00000000,99999999,（コンタクト装用中点眼可）,000000000.00,0,,000,000,,,,,,,,,,,,,
01,001001155,00000000,99999999,ゴロゴロする時,000000000.00,0,,000,000,,,,,,,,,,,,,
01,001001156,00000000,99999999,ゴロゴロするとき追加,000000000.00,0,,000,000,,,,,,,,,,,,,
01,001001157,00000000,99999999,しょぼしょぼする時,000000000.00,0,,000,000,,,,,,,,,,,,,
01,001001158,00000000,99999999,しょぼしょぼする日,000000000.00,0,,000,000,,,,,,,,,,,,,
01,001001159,00000000,99999999,白いメヤニでる日,000000000.00,0,,000,000,,,,,,,,,,,,,
01,001001160,00000000,99999999,充血する時,000000000.00,0,,000,000,,,,,,,,,,,,,
01,001001161,00000000,99999999,充血する日,000000000.00,0,,000,000,,,,,,,,,,,,,
01,001001162,00000000,99999999,（自宅で）,000000000.00,0,,000,000,,,,,,,,,,,,,
01,001001163,00000000,99999999,疲れる日,000000000.00,0,,000,000,,,,,,,,,,,,,
01,001001164,00000000,99999999,疲れる時,000000000.00,0,,000,000,,,,,,,,,,,,,
01,001001165,00000000,99999999,点入,000000000.00,0,,000,000,,,,,,,,,,,,,
01,001001166,00000000,99999999,疼痛時,000000000.00,0,,000,000,,,,,,,,,,,,,
01,001001167,00000000,99999999,涙でる時,000000000.00,0,,000,000,,,,,,,,,,,,,
01,001001168,00000000,99999999,涙止めたい時,000000000.00,0,,000,000,,,,,,,,,,,,,
01,001001169,00000000,99999999,はれているところ,000000000.00,0,,000,000,,,,,,,,,,,,,
01,001001170,00000000,99999999,はれている間,000000000.00,0,,000,000,,,,,,,,,,,,,
01,001001171,00000000,99999999,左目,000000000.00,0,,000,000,,,,,,,,,,,,,
01,001001172,00000000,99999999,左上まぶた,000000000.00,0,,000,000,,,,,,,,,,,,,
01,001001173,00000000,99999999,（左も可）,000000000.00,0,,000,000,,,,,,,,,,,,,
01,001001174,00000000,99999999,左めじり,000000000.00,0,,000,000,,,,,,,,,,,,,
01,001001175,00000000,99999999,左下まぶた,000000000.00,0,,000,000,,,,,,,,,,,,,
01,001001176,00000000,99999999,左まぶた,000000000.00,0,,000,000,,,,,,,,,,,,,
01,001001177,00000000,99999999,分３・毎食前,000000000.00,0,,000,000,,,,,,,,,,,,,
01,001001178,00000000,99999999,分１・夜,000000000.00,0,,000,000,,,,,,,,,,,,,
01,001001179,00000000,99999999,分３,000000000.00,0,,000,000,,,,,,,,,,,,,
01,001001180,00000000,99999999,分１・食後,000000000.00,0,,000,000,,,,,,,,,,,,,
01,001001181,00000000,99999999,分１・眠前,000000000.00,0,,000,000,,,,,,,,,,,,,
01,001001182,00000000,99999999,分１・朝食後,000000000.00,0,,000,000,,,,,,,,,,,,,
01,001001183,00000000,99999999,分１・昼食後,000000000.00,0,,000,000,,,,,,,,,,,,,
01,001001184,00000000,99999999,分１・夕食後,000000000.00,0,,000,000,,,,,,,,,,,,,
01,001001185,00000000,99999999,分２・朝と夕食後,000000000.00,0,,000,000,,,,,,,,,,,,,
01,001001186,00000000,99999999,分２・昼と夕食後,000000000.00,0,,000,000,,,,,,,,,,,,,
01,001001187,00000000,99999999,分３・毎食後,000000000.00,0,,000,000,,,,,,,,,,,,,
01,001001188,00000000,99999999,毎日,000000000.00,0,,000,000,,,,,,,,,,,,,
01,001001189,00000000,99999999,まぶた,000000000.00,0,,000,000,,,,,,,,,,,,,
01,001001190,00000000,99999999,右目,000000000.00,0,,000,000,,,,,,,,,,,,,
01,001001191,00000000,99999999,右まぶた,000000000.00,0,,000,000,,,,,,,,,,,,,
01,001001192,00000000,99999999,右上まぶた,000000000.00,0,,000,000,,,,,,,,,,,,,
01,001001193,00000000,99999999,右下まぶた,000000000.00,0,,000,000,,,,,,,,,,,,,
01,001001194,00000000,99999999,（右も可）,000000000.00,0,,000,000,,,,,,,,,,,,,
01,001001195,00000000,99999999,右めじり,000000000.00,0,,000,000,,,,,,,,,,,,,
01,001001196,00000000,99999999,眠前,000000000.00,0,,000,000,,,,,,,,,,,,,
01,001001197,00000000,99999999,めじり,000000000.00,0,,000,000,,,,,,,,,,,,,
01,001001198,00000000,99999999,目のまわり,000000000.00,0,,000,000,,,,,,,,,,,,,
01,001001199,00000000,99999999,メヤニでる日,000000000.00,0,,000,000,,,,,,,,,,,,,
01,001001200,00000000,99999999,メヤニでる時,000000000.00,0,,000,000,,,,,,,,,,,,,
01,001001201,00000000,99999999,＊＊＊,000000000.00,0,,000,000,,,,,,,,,,,,,
01,001001202,00000000,99999999,両目,000000000.00,0,,000,000,,,,,,,,,,,,,
01,001001203,00000000,99999999,両まぶた,000000000.00,0,,000,000,,,,,,,,,,,,,
01,001001204,00000000,99999999,両下まぶた,000000000.00,0,,000,000,,,,,,,,,,,,,
01,001001205,00000000,99999999,両上まぶた,000000000.00,0,,000,000,,,,,,,,,,,,,
01,001001206,00000000,99999999,両めじり,000000000.00,0,,000,000,,,,,,,,,,,,,
01,001001207,00000000,99999999,両鼻,000000000.00,0,,000,000,,,,,,,,,,,,,
01,001001208,00000000,99999999,涙のう圧迫,000000000.00,0,,000,000,,,,,,,,,,,,,
01,001001209,00000000,99999999,１日両目４回,000000000.00,0,,000,000,,,,,,,,,,,,,
01,001001210,00000000,99999999,１日両目２〜４回,000000000.00,0,,000,000,,,,,,,,,,,,,
01,001001211,00000000,99999999,１日両目３〜４回,000000000.00,0,,000,000,,,,,,,,,,,,,
01,001001212,00000000,99999999,１日両目２回,000000000.00,0,,000,000,,,,,,,,,,,,,
01,001001213,00000000,99999999,１日両目１回朝,000000000.00,0,,000,000,,,,,,,,,,,,,
01,001001214,00000000,99999999,１日両目１回夜,000000000.00,0,,000,000,,,,,,,,,,,,,
01,001001215,00000000,99999999,１日右目１回朝,000000000.00,0,,000,000,,,,,,,,,,,,,
01,001001216,00000000,99999999,１日右目１回夜,000000000.00,0,,000,000,,,,,,,,,,,,,
01,001001217,00000000,99999999,１日左目１回朝,000000000.00,0,,000,000,,,,,,,,,,,,,
01,001001218,00000000,99999999,１日左目１回夜,000000000.00,0,,000,000,,,,,,,,,,,,,
01,001001219,00000000,99999999,１日両目１回眠前,000000000.00,0,,000,000,,,,,,,,,,,,,
01,001001220,00000000,99999999,１日両まぶた１回,000000000.00,0,,000,000,,,,,,,,,,,,,
01,001001221,00000000,99999999,１日両まぶた１回夜,000000000.00,0,,000,000,,,,,,,,,,,,,
01,001001222,00000000,99999999,１日両まぶた２回,000000000.00,0,,000,000,,,,,,,,,,,,,
01,001001223,00000000,99999999,１日両まぶた４回,000000000.00,0,,000,000,,,,,,,,,,,,,
01,001001224,00000000,99999999,１日両まぶた４〜５回,000000000.00,0,,000,000,,,,,,,,,,,,,
01,001001225,00000000,99999999,１日両まぶた５回,000000000.00,0,,000,000,,,,,,,,,,,,,
01,001001226,00000000,99999999,１日両まぶた１〜２回,000000000.00,0,,000,000,,,,,,,,,,,,,
01,001001227,00000000,99999999,１日右まぶた１回,000000000.00,0,,000,000,,,,,,,,,,,,,
01,001001229,00000000,99999999,１日右まぶた２回,000000000.00,0,,000,000,,,,,,,,,,,,,
01,001001230,00000000,99999999,１日右まぶた４回,000000000.00,0,,000,000,,,,,,,,,,,,,
01,001001231,00000000,99999999,１日右まぶた４〜５回,000000000.00,0,,000,000,,,,,,,,,,,,,
01,001001232,00000000,99999999,１日左まぶた１回,000000000.00,0,,000,000,,,,,,,,,,,,,
01,001001233,00000000,99999999,１日左まぶた２回,000000000.00,0,,000,000,,,,,,,,,,,,,
01,001001234,00000000,99999999,１日左まぶた１回夜,000000000.00,0,,000,000,,,,,,,,,,,,,
01,001001235,00000000,99999999,１日左まぶた４回,000000000.00,0,,000,000,,,,,,,,,,,,,
01,001001236,00000000,99999999,１日左まぶた４〜５回,000000000.00,0,,000,000,,,,,,,,,,,,,
01,001001237,00000000,99999999,１日左まぶた５回,000000000.00,0,,000,000,,,,,,,,,,,,,
01,001001238,00000000,99999999,１日右まぶた５回,000000000.00,0,,000,000,,,,,,,,,,,,,
01,001001239,00000000,99999999,１日両目３〜５回,000000000.00,0,,000,000,,,,,,,,,,,,,
01,001001240,00000000,99999999,１日両目２〜３回,000000000.00,0,,000,000,,,,,,,,,,,,,
01,001001241,00000000,99999999,１日両目４〜５回,000000000.00,0,,000,000,,,,,,,,,,,,,
01,001001242,00000000,99999999,１日両目３回,000000000.00,0,,000,000,,,,,,,,,,,,,
01,001001243,00000000,99999999,１日両目１回,000000000.00,0,,000,000,,,,,,,,,,,,,
01,001001244,00000000,99999999,１日右目２〜４回,000000000.00,0,,000,000,,,,,,,,,,,,,
01,001001245,00000000,99999999,１日右目３〜４回,000000000.00,0,,000,000,,,,,,,,,,,,,
01,001001246,00000000,99999999,１日左目２〜４回,000000000.00,0,,000,000,,,,,,,,,,,,,
01,001001247,00000000,99999999,１日左目３〜４回,000000000.00,0,,000,000,,,,,,,,,,,,,
01,001001248,00000000,99999999,両目つかれる時,000000000.00,0,,000,000,,,,,,,,,,,,,
01,001001249,00000000,99999999,両目かわく時,000000000.00,0,,000,000,,,,,,,,,,,,,
01,001001250,00000000,99999999,両目涙止めたい時,000000000.00,0,,000,000,,,,,,,,,,,,,
01,001001251,00000000,99999999,１日右上まぶた２回,000000000.00,0,,000,000,,,,,,,,,,,,,
01,001001252,00000000,99999999,１日右下まぶた２回,000000000.00,0,,000,000,,,,,,,,,,,,,
01,001001253,00000000,99999999,１日左上まぶた２回,000000000.00,0,,000,000,,,,,,,,,,,,,
01,001001255,00000000,99999999,１日左下まぶた２回,000000000.00,0,,000,000,,,,,,,,,,,,,
01,002000001,00000000,99999999,胃（参考マスタ）,000000000.00,0,消化管,000,000,000,000,000,000,000,000,000,000,,,,,
01,002000002,00000000,99999999,肝臓（参考マスタ）,000000000.00,0,腹部,000,000,000,000,000,000,000,000,000,000,,,,,
01,002000003,00000000,99999999,膝関節（参考マスタ）,000000000.00,0,その他,000,000,000,000,000,000,000,000,000,000,,,,,
01,002000004,00000000,99999999,胸部（参考マスタ）,000000000.00,0,胸部,000,000,000,000,000,000,000,000,000,000,,,,,
01,002000005,00000000,99999999,腎臓（参考マスタ）,000000000.00,0,腹部,000,000,000,000,000,000,000,000,000,000,,,,,
01,008200001,00000000,99999999,両,000000000.00,0,,000,000,000,000,000,000,000,000,000,000,,,,,
01,008200002,00000000,99999999,右,000000000.00,0,,000,000,000,000,000,000,000,000,000,000,,,,,
01,008200003,00000000,99999999,左,000000000.00,0,,000,000,000,000,000,000,000,000,000,000,,,,,
01,008200004,00000000,99999999,（両）,000000000.00,0,,000,000,000,000,000,000,000,000,000,000,,,,,
01,008200005,00000000,99999999,（右）,000000000.00,0,,000,000,000,000,000,000,000,000,000,000,,,,,
01,008200006,00000000,99999999,（左）,000000000.00,0,,000,000,000,000,000,000,000,000,000,000,,,,,
01,008200007,00000000,99999999,（眼鏡処方のため）,000000000.00,0,,000,000,000,000,000,000,000,000,000,000,,,,,
01,008200008,00000000,99999999,（術前のため）,000000000.00,0,,000,000,000,000,000,000,000,000,000,000,,,,,
01,008200009,00000000,99999999,（術後のため）,000000000.00,0,,000,000,000,000,000,000,000,000,000,000,,,,,
01,008200010,00000000,99999999,（初回）,000000000.00,0,,000,000,000,000,000,000,000,000,000,000,,,,,
01,008200011,00000000,99999999,（キープティア）,000000000.00,0,,000,000,000,000,000,000,000,000,000,000,,,,,
01,008200012,00000000,99999999,眼帯,000000000.00,0,,000,000,000,000,000,000,000,000,000,000,,,,,
01,008200013,00000000,99999999,（ステロイド剤使用のため）,000000000.00,0,,000,000,000,000,000,000,000,000,000,000,,,,,
01,008200014,00000000,99999999,（ステロイド剤の起用があったため）,000000000.00,0,,000,000,000,000,000,000,000,000,000,000,,,,,
01,008200015,00000000,99999999,（ステロイド剤の処方のため）,000000000.00,0,,000,000,000,000,000,000,000,000,000,000,,,,,
01,008200016,00000000,99999999,（近視の進行がはやいため）,000000000.00,0,,000,000,000,000,000,000,000,000,000,000,,,,,
01,008200017,00000000,99999999,認知機能検査,000000000.00,0,,000,000,000,000,000,000,000,000,000,000,,,,,
01,008200018,00000000,99999999,読字検査,000000000.00,0,,000,000,000,000,000,000,000,000,000,000,,,,,
01,008200019,00000000,99999999,聴写,000000000.00,0,,000,000,000,000,000,000,000,000,000,000,,,,,
01,008200020,00000000,99999999,ＳＴＲＡＷ読み,000000000.00,0,,000,000,000,000,000,000,000,000,000,000,,,,,
01,008200021,00000000,99999999,ＳＴＲＡＷ書き,000000000.00,0,,000,000,000,000,000,000,000,000,000,000,,,,,
01,008200022,00000000,99999999,算数検査,000000000.00,0,,000,000,000,000,000,000,000,000,000,000,,,,,
01,008200023,00000000,99999999,ＭＮＲＥＡＤ,000000000.00,0,,000,000,000,000,000,000,000,000,000,000,,,,,
01,008300001,00000000,99999999,コンタクト止め；,000000000.00,0,,000,000,000,000,000,000,000,000,000,000,,,,,
01,008400001,00000000,99999999,（　　月　　日）,000000000.00,0,,000,000,000,000,000,000,000,000,000,000,,,,,
01,008400002,00000000,99999999,（眼鏡処方せんの交付　　月　　日）,000000000.00,0,,000,000,001,000,001,000,000,000,000,000,,,,,
01,008500000,00000000,99999999,,000000000.00,0,,000,000,000,000,000,000,000,000,000,000,,,,,
01,810000001,00000000,99999999,,000000000.00,0,,000,000,000,000,000,000,000,000,000,000,,,,,
01,840000082,00000000,99999999,患者体重　　　　　　　ｇ,000000000.00,0,,000,000,000,000,000,000,000,000,000,000,,,,,
