<collection xmlns="http://exist.sourceforge.net/NS/exist" name="/db/apps/dashboard/resources/images" owner="admin" group="dba" mode="775" created="2014-11-27T11:31:44+09:00" version="1">
    <acl entries="0" version="1"/>
    <resource type="BinaryResource" name="delete.png" owner="admin" group="dba" mode="775" created="2014-08-20T03:28:07+09:00" modified="2014-08-20T03:28:07+09:00" filename="delete.png" mimetype="image/png">
        <acl entries="0" version="1"/>
    </resource>
    <resource type="BinaryResource" name="remove.png" owner="admin" group="dba" mode="775" created="2014-08-20T03:28:07+09:00" modified="2014-08-20T03:28:07+09:00" filename="remove.png" mimetype="image/png">
        <acl entries="0" version="1"/>
    </resource>
    <resource type="BinaryResource" name="plugin2.gif" owner="admin" group="dba" mode="775" created="2014-08-20T03:28:07+09:00" modified="2014-08-20T03:28:07+09:00" filename="plugin2.gif" mimetype="image/gif">
        <acl entries="0" version="1"/>
    </resource>
    <resource type="BinaryResource" name="plugin2-mark.gif" owner="admin" group="dba" mode="775" created="2014-08-20T03:28:07+09:00" modified="2014-08-20T03:28:07+09:00" filename="plugin2-mark.gif" mimetype="image/gif">
        <acl entries="0" version="1"/>
    </resource>
    <resource type="BinaryResource" name="existdb.gif" owner="admin" group="dba" mode="775" created="2014-08-20T03:28:07+09:00" modified="2014-08-20T03:28:07+09:00" filename="existdb.gif" mimetype="image/gif">
        <acl entries="0" version="1"/>
    </resource>
    <resource type="BinaryResource" name="pluss.png" owner="admin" group="dba" mode="775" created="2014-08-20T03:28:07+09:00" modified="2014-08-20T03:28:07+09:00" filename="pluss.png" mimetype="image/png">
        <acl entries="0" version="1"/>
    </resource>
    <resource type="BinaryResource" name="upload.png" owner="admin" group="dba" mode="775" created="2014-08-20T03:28:07+09:00" modified="2014-08-20T03:28:07+09:00" filename="upload.png" mimetype="image/png">
        <acl entries="0" version="1"/>
    </resource>
    <resource type="BinaryResource" name="uninstall.png" owner="admin" group="dba" mode="775" created="2014-08-20T03:28:07+09:00" modified="2014-08-20T03:28:07+09:00" filename="uninstall.png" mimetype="image/png">
        <acl entries="0" version="1"/>
    </resource>
    <resource type="BinaryResource" name="configuration.png" owner="admin" group="dba" mode="775" created="2014-08-20T03:28:07+09:00" modified="2014-08-20T03:28:07+09:00" filename="configuration.png" mimetype="image/png">
        <acl entries="0" version="1"/>
    </resource>
    <resource type="BinaryResource" name="library2.gif" owner="admin" group="dba" mode="775" created="2014-08-20T03:28:07+09:00" modified="2014-08-20T03:28:07+09:00" filename="library2.gif" mimetype="image/gif">
        <acl entries="0" version="1"/>
    </resource>
    <resource type="BinaryResource" name="package.png" owner="admin" group="dba" mode="775" created="2014-08-20T03:28:07+09:00" modified="2014-08-20T03:28:07+09:00" filename="package.png" mimetype="image/png">
        <acl entries="0" version="1"/>
    </resource>
    <resource type="BinaryResource" name="folder.png" owner="admin" group="dba" mode="775" created="2014-08-20T03:28:07+09:00" modified="2014-08-20T03:28:07+09:00" filename="folder.png" mimetype="image/png">
        <acl entries="0" version="1"/>
    </resource>
    <resource type="BinaryResource" name="upload-arrow.png" owner="admin" group="dba" mode="775" created="2014-08-20T03:28:07+09:00" modified="2014-08-20T03:28:07+09:00" filename="upload-arrow.png" mimetype="image/png">
        <acl entries="0" version="1"/>
    </resource>
    <resource type="BinaryResource" name="plusss.png" owner="admin" group="dba" mode="775" created="2014-08-20T03:28:07+09:00" modified="2014-08-20T03:28:07+09:00" filename="plusss.png" mimetype="image/png">
        <acl entries="0" version="1"/>
    </resource>
    <resource type="BinaryResource" name="plus.gif" owner="admin" group="dba" mode="775" created="2014-08-20T03:28:07+09:00" modified="2014-08-20T03:28:07+09:00" filename="plus.gif" mimetype="image/gif">
        <acl entries="0" version="1"/>
    </resource>
    <resource type="BinaryResource" name="help.png" owner="admin" group="dba" mode="775" created="2014-08-20T03:28:07+09:00" modified="2014-08-20T03:28:07+09:00" filename="help.png" mimetype="image/png">
        <acl entries="0" version="1"/>
    </resource>
    <resource type="BinaryResource" name="dashboard.png" owner="admin" group="dba" mode="775" created="2014-08-20T03:28:07+09:00" modified="2014-08-20T03:28:07+09:00" filename="dashboard.png" mimetype="image/png">
        <acl entries="0" version="1"/>
    </resource>
    <resource type="BinaryResource" name="plugin.gif" owner="admin" group="dba" mode="775" created="2014-08-20T03:28:07+09:00" modified="2014-08-20T03:28:07+09:00" filename="plugin.gif" mimetype="image/gif">
        <acl entries="0" version="1"/>
    </resource>
    <resource type="BinaryResource" name="tooltipConnectorDown.gif" owner="admin" group="dba" mode="775" created="2014-08-20T03:28:07+09:00" modified="2014-08-20T03:28:07+09:00" filename="tooltipConnectorDown.gif" mimetype="image/gif">
        <acl entries="0" version="1"/>
    </resource>
    <resource type="BinaryResource" name="statistic.png" owner="admin" group="dba" mode="775" created="2014-08-20T03:28:07+09:00" modified="2014-08-20T03:28:07+09:00" filename="statistic.png" mimetype="image/png">
        <acl entries="0" version="1"/>
    </resource>
    <resource type="BinaryResource" name="config-gear.png" owner="admin" group="dba" mode="775" created="2014-08-20T03:28:07+09:00" modified="2014-08-20T03:28:07+09:00" filename="config-gear.png" mimetype="image/png">
        <acl entries="0" version="1"/>
    </resource>
    <resource type="BinaryResource" name="app.gif" owner="admin" group="dba" mode="775" created="2014-08-20T03:28:07+09:00" modified="2014-08-20T03:28:07+09:00" filename="app.gif" mimetype="image/gif">
        <acl entries="0" version="1"/>
    </resource>
    <resource type="BinaryResource" name="library2-mark.gif" owner="admin" group="dba" mode="775" created="2014-08-20T03:28:07+09:00" modified="2014-08-20T03:28:07+09:00" filename="library2-mark.gif" mimetype="image/gif">
        <acl entries="0" version="1"/>
    </resource>
    <resource type="BinaryResource" name="user-admin.png" owner="admin" group="dba" mode="775" created="2014-08-20T03:28:07+09:00" modified="2014-08-20T03:28:07+09:00" filename="user-admin.png" mimetype="image/png">
        <acl entries="0" version="1"/>
    </resource>
    <resource type="BinaryResource" name="1332878545_user_group.png" owner="admin" group="dba" mode="775" created="2014-08-20T03:28:07+09:00" modified="2014-08-20T03:28:07+09:00" filename="1332878545_user_group.png" mimetype="image/png">
        <acl entries="0" version="1"/>
    </resource>
    <resource type="BinaryResource" name="Java-icon.png" owner="admin" group="dba" mode="775" created="2014-08-20T03:28:07+09:00" modified="2014-08-20T03:28:07+09:00" filename="Java-icon.png" mimetype="image/png">
        <acl entries="0" version="1"/>
    </resource>
    <resource type="BinaryResource" name="release-notes.png" owner="admin" group="dba" mode="775" created="2014-08-20T03:28:07+09:00" modified="2014-08-20T03:28:07+09:00" filename="release-notes.png" mimetype="image/png">
        <acl entries="0" version="1"/>
    </resource>
    <resource type="BinaryResource" name="close_exit.png" owner="admin" group="dba" mode="775" created="2014-08-20T03:28:07+09:00" modified="2014-08-20T03:28:07+09:00" filename="close_exit.png" mimetype="image/png">
        <acl entries="0" version="1"/>
    </resource>
    <resource type="BinaryResource" name="install.png" owner="admin" group="dba" mode="775" created="2014-08-20T03:28:07+09:00" modified="2014-08-20T03:28:07+09:00" filename="install.png" mimetype="image/png">
        <acl entries="0" version="1"/>
    </resource>
    <resource type="BinaryResource" name="library.gif" owner="admin" group="dba" mode="775" created="2014-08-20T03:28:07+09:00" modified="2014-08-20T03:28:07+09:00" filename="library.gif" mimetype="image/gif">
        <acl entries="0" version="1"/>
    </resource>
    <resource type="BinaryResource" name="close.png" owner="admin" group="dba" mode="775" created="2014-08-20T03:28:07+09:00" modified="2014-08-20T03:28:07+09:00" filename="close.png" mimetype="image/png">
        <acl entries="0" version="1"/>
    </resource>
    <resource type="BinaryResource" name="existdb.png" owner="admin" group="dba" mode="775" created="2014-08-20T03:28:07+09:00" modified="2014-08-20T03:28:07+09:00" filename="existdb.png" mimetype="image/png">
        <acl entries="0" version="1"/>
    </resource>
</collection>