<collection xmlns="http://exist.sourceforge.net/NS/exist" name="/db/apps/eyeehr/modules" owner="admin" group="dba" mode="775" created="2014-09-22T23:52:09+09:00" version="1">
    <acl entries="0" version="1"/>
    <resource type="BinaryResource" name="uploadFileBin.xq" owner="admin" group="dba" mode="755" created="2014-10-31T12:30:28+09:00" modified="2014-11-03T01:36:48+09:00" filename="uploadFileBin.xq" mimetype="application/xquery">
        <acl entries="0" version="1"/>
    </resource>
    <resource type="BinaryResource" name="uploadFileXml.xq" owner="admin" group="dba" mode="755" created="2014-09-29T02:37:26+09:00" modified="2014-11-03T01:42:48+09:00" filename="uploadFileXml.xq" mimetype="application/xquery">
        <acl entries="0" version="1"/>
    </resource>
    <resource type="BinaryResource" name="app.xql" owner="admin" group="dba" mode="775" created="2014-09-22T23:52:09+09:00" modified="2014-09-22T23:57:25+09:00" filename="app.xql" mimetype="application/xquery">
        <acl entries="0" version="1"/>
    </resource>
    <resource type="BinaryResource" name="config.xqm" owner="admin" group="dba" mode="775" created="2014-09-22T23:52:09+09:00" modified="2014-09-22T23:57:26+09:00" filename="config.xqm" mimetype="application/xquery">
        <acl entries="0" version="1"/>
    </resource>
    <resource type="BinaryResource" name="restxq.xql" owner="admin" group="dba" mode="755" created="2014-10-23T04:28:47+09:00" modified="2014-10-23T04:28:47+09:00" filename="restxq.xql" mimetype="application/xquery">
        <acl entries="0" version="1"/>
    </resource>
    <resource type="BinaryResource" name="create-collection.xql" owner="admin" group="dba" mode="755" created="2014-10-24T08:30:30+09:00" modified="2014-10-31T04:36:07+09:00" filename="create-collection.xql" mimetype="application/xquery">
        <acl entries="0" version="1"/>
    </resource>
    <resource type="BinaryResource" name="view.xql" owner="admin" group="dba" mode="775" created="2014-09-22T23:52:09+09:00" modified="2014-09-22T23:57:25+09:00" filename="view.xql" mimetype="application/xquery">
        <acl entries="0" version="1"/>
    </resource>
</collection>