01,610406338,20140401,20150331,¥ê¥«¥Þ¥¤¥·¥ó¥É¥é¥¤¥·¥í¥Ã¥×£²£°£°¡¡£²£°£°£í£ç,000000077.00,£ç,00000,,,,,ÆâÍÑ,ðùÎ³ºÞ,20150331,6149001R2027
01,610406386,20140401,99999999,¥¾¥Ó¥é¥Ã¥¯¥¹ðùÎ³£´£°¡ó,000000370.70,£ç,00000,,,,,ÆâÍÑ,ðùÎ³ºÞ,,6250002D1024
01,610406388,20140401,99999999,¥Ï¥¤¥Ú¥ó¾û£²£°£°£í£ç,000000027.60,¾û,00000,,,,,ÆâÍÑ,,,1149032F2023
01,610406401,20140401,99999999,¥¢¥ì¥®¥µ¡¼¥ë¾û£µ£í£ç,000000050.90,¾û,00000,,,,,ÆâÍÑ,,,4490011F2028
01,610406406,20140401,99999999,¥Ú¥ß¥é¥¹¥È¥ó¾û£µ£í£ç,000000034.00,¾û,00000,,,,,ÆâÍÑ,,,4490011F2036
01,610407025,20140401,99999999,¥¨¥ó¥·¥å¥¢¡¦£È,000000001.08,£í£Ì,00000,,,,,ÆâÍÑ,±ÕºÞ,,3259114S1026
01,610407158,20140401,99999999,¥Ð¥ì¥ª¥ó¾û£²£°£°£í£ç,000000108.30,¾û,00000,,,,,ÆâÍÑ,,,6241009F1028
01,610407447,20140401,99999999,¥à¥³¥À¥¤¥ó¾û£µ£°£°£í£ç,000000016.00,¾û,00000,,,,,ÆâÍÑ,,,2233002F2022
01,610409335,20140401,99999999,¥¨¥Ð¥¹¥Æ¥ë¾û£µ£í£ç,000000076.00,¾û,00000,,,,,ÆâÍÑ,,,4490019F1028
01,610409336,20140401,99999999,¥¨¥Ð¥¹¥Æ¥ë¾û£±£°£í£ç,000000100.50,¾û,00000,,,,,ÆâÍÑ,,,4490019F2024
01,610411056,20140401,99999999,¥Õ¥¡¥í¥à¾û£²£°£°£í£ç,000000066.10,¾û,00000,,,,,ÆâÍÑ,,,6139001F2024
01,610411058,20140401,99999999,¥Õ¥í¥â¥Ã¥¯¥¹¾û£±£°£°£í£ç,000000055.00,¾û,00000,,,,,ÆâÍÑ,,,6132016F2020
01,610411059,20140401,99999999,¥Õ¥í¥â¥Ã¥¯¥¹¾®»ùÍÑºÙÎ³£±£°£°£í£ç,000000185.10,£ç,00000,,,,,ÆâÍÑ,ðùÎ³ºÞ,,6132016C1027
01,610412202,20140401,99999999,¥Ñ¥ê¥¨¥Ã¥È¾û£±£°£í£ç,000000132.60,¾û,00000,,,,,ÆâÍÑ,,,2329028F1023
01,610421326,20140401,99999999,¥¸¥ë¥Æ¥Ã¥¯¾û£µ¡¡£µ£í£ç,000000082.50,¾û,00000,,,,,ÆâÍÑ,,,4490020F1020
01,610421327,20140401,99999999,¥¸¥ë¥Æ¥Ã¥¯¾û£±£°¡¡£±£°£í£ç,000000102.30,¾û,00000,,,,,ÆâÍÑ,,,4490020F2027
01,610421335,20140401,99999999,¥¬¥¹¥â¥Á¥ó¾û£µ£í£ç,000000018.40,¾û,00000,,,,,ÆâÍÑ,,,2399010F2024
01,610422300,20140401,99999999,¥ê¡¼¥¼¾û£µ£í£ç,000000006.70,¾û,00000,¸þÀº¿ÀÌô,,,,ÆâÍÑ,,,1179012F1118
01,610432031,20140401,99999999,¥É¥é¡¼¥ë¾û£²£°¡¡£²£°£í£ç,000000116.60,¾û,00000,¸þÀº¿ÀÌô,,,,ÆâÍÑ,,,1124030F2025
01,610433135,20120401,99999999,¥Þ¥°¥é¥Ã¥¯¥¹¾û£²£µ£°£í£ç,000000005.60,¾û,00000,,,,,ÆâÍÑ,,,2344009F1027
01,610443026,20140401,99999999,¥¸¥¹¥í¥Þ¥Ã¥¯¾û£²£µ£°£í£ç,000000264.40,¾û,00000,,,,,ÆâÍÑ,,,6149004F1028
01,610443030,20140401,99999999,¥Ð¥ë¥È¥ì¥Ã¥¯¥¹¾û£µ£°£°¡¡£µ£°£°£í£ç,000000436.00,¾û,00000,,,,,ÆâÍÑ,,,6250019F1020
01,610443040,20140401,99999999,¥¢¥ì¥°¥é¾û£¶£°£í£ç,000000071.90,¾û,00000,,,,,ÆâÍÑ,,,4490023F1024
01,610443045,20140401,99999999,¥Ñ¥­¥·¥ë¾û£±£°£í£ç,000000100.50,¾û,00000,,,,,ÆâÍÑ,,,1179041F1025
01,610443047,20140401,99999999,¥Þ¥¤¥¹¥ê¡¼¾û£µ£í£ç,000000043.70,¾û,00000,¸þÀº¿ÀÌô,,,,ÆâÍÑ,,,1129009F1025
01,610443048,20140401,99999999,¥Þ¥¤¥¹¥ê¡¼¾û£±£°£í£ç,000000069.70,¾û,00000,¸þÀº¿ÀÌô,,,,ÆâÍÑ,,,1129009F2021
01,610443053,20120401,99999999,¥Ð¥¤¥¢¥¹¥Ô¥ê¥ó¾û£±£°£°£í£ç,000000005.60,¾û,00000,,,,,ÆâÍÑ,,,3399007H1021
01,610443067,20140401,99999999,¥¢¥ì¥í¥Ã¥¯¾û£µ¡¡£µ£í£ç,000000056.80,¾û,00000,,,,,ÆâÍÑ,,,4490025F2020
01,610443079,20140401,99999999,¥í¥ë¥«¥à¾û£²£í£ç,000000018.20,¾û,00000,,,,,ÆâÍÑ,,,1149036F1025
01,610443080,20140401,99999999,¥í¥ë¥«¥à¾û£´£í£ç,000000025.80,¾û,00000,,,,,ÆâÍÑ,,,1149036F2021
01,610444041,20140401,99999999,¥¬¥¹¥¿¡¼£Ä¾û£±£°£í£ç,000000027.00,¾û,00000,,,,,ÆâÍÑ,,,2325003F3035
01,610444042,20140401,99999999,¥¬¥¹¥¿¡¼£Ä¾û£²£°£í£ç,000000046.40,¾û,00000,,,,,ÆâÍÑ,,,2325003F4031
01,610451012,20140401,99999999,¥¤¥ß¥°¥é¥ó¾û£µ£°¡¡£µ£°£í£ç,000000816.40,¾û,00000,,,,,ÆâÍÑ,,,2160003F1022
01,610451016,20140401,99999999,¥µ¥ê¥°¥ì¥ó¥«¥×¥»¥ë£³£°£í£ç,000000128.50,¥«¥×¥»¥ë,00000,,,,,ÆâÍÑ,,,2399012M1034
01,610453118,20120401,99999999,¥Þ¥°¥é¥Ã¥¯¥¹¾û£²£°£°£í£ç,000000005.60,¾û,00000,,,,,ÆâÍÑ,,,2344009F3020
01,610453151,20120401,99999999,¥ì¥Ü¥È¥ß¥ó¾û£²£µ£í£ç,000000005.60,¾û,00000,,,,,ÆâÍÑ,,,1172014F2120
01,610454012,20140401,99999999,¥ª¥¹¥Æ¥ó¾û£²£°£°£í£ç,000000037.60,¾û,00000,,,,,ÆâÍÑ,,,3999008F1273
01,610454015,20140401,99999999,¥«¥ê¥¯¥ì¥¤¥ó¾û£±£°Ã±°Ì,000000013.20,¾û,00000,,,,,ÆâÍÑ,,,2491001F4025
01,610454023,20140401,99999999,¥«¥ë¥Ê¥¯¥ê¥ó¾û£²£µ¡¡£²£µÃ±°Ì,000000012.60,¾û,00000,,,,,ÆâÍÑ,,,2491001F5056
01,610454024,20140401,99999999,¥«¥ë¥Ê¥¯¥ê¥ó¾û£µ£°¡¡£µ£°Ã±°Ì,000000022.30,¾û,00000,,,,,ÆâÍÑ,,,2491001F6060
01,610454047,20140401,99999999,¥½¥í¥ó¥«¥×¥»¥ë£±£°£°¡¡£±£°£°£í£ç,000000013.60,¥«¥×¥»¥ë,00000,,,,,ÆâÍÑ,,,2329011M2066
01,610454055,20100401,99999999,¥Ï¥¤¥·¡¼ðùÎ³£²£µ¡ó,000000006.20,£ç,00000,,,,,ÆâÍÑ,ðùÎ³ºÞ,,3140002D1037
01,610454065,20140401,99999999,¥Ó¥¿¥Î¥¤¥ê¥ó¥«¥×¥»¥ë£²£µ,000000007.20,¥«¥×¥»¥ë,00000,,,,,ÆâÍÑ,,,3179107M1040
01,610454071,20140401,99999999,¥×¥ì¥É¥Ë¥¾¥í¥ó»¶¡Ö¥¿¥±¥À¡×£±¡ó,000000008.90,£ç,00000,,,,,ÆâÍÑ,»¶ºÞ,,2456002B1062
01,610462009,20140401,99999999,¥¾¡¼¥ß¥Ã¥°£Ò£Í¾û£²¡¥£µ£í£ç,000000960.80,¾û,00000,,,,,ÆâÍÑ,,,2160004F2023
01,610462010,20140401,99999999,¥¿¥±¥×¥í¥ó£Ï£Ä¾û£±£µ¡¡£±£µ£í£ç,000000089.30,¾û,00000,,,,,ÆâÍÑ,,,2329023F1020
01,610462028,20140401,99999999,¥¯¥é¥ê¥Á¥ó¾û£±£°£í£ç,000000094.50,¾û,00000,,,,,ÆâÍÑ,,,4490027F1022
01,610463120,20140401,99999999,¥È¥é¥ó¥µ¥ß¥ó¾û£²£µ£°£í£ç,000000010.40,¾û,00000,,,,,ÆâÍÑ,,,3327002F1142
01,610463223,20140401,99999999,¥ì¥ó¥É¥ë¥ß¥ó£Ä¾û£°¡¥£²£µ£í£ç,000000026.40,¾û,00000,¸þÀº¿ÀÌô,,,,ÆâÍÑ,,,1124009F2025
01,611120055,20140401,99999999,¥Ï¥ë¥·¥ª¥ó£°¡¥£²£µ£í£ç¾û,000000014.70,¾û,00000,¸þÀº¿ÀÌô,,,,ÆâÍÑ,,,1124007F2026
01,611130101,20140401,99999999,¥Æ¥°¥ì¥È¡¼¥ë¾û£²£°£°£í£ç,000000012.10,¾û,00000,,,,,ÆâÍÑ,,,1139002F1062
01,611140236,20140401,99999999,¥½¥é¥ó¥¿¡¼¥ë¾û£±£°£°£í£ç,000000012.80,¾û,00000,,,,,ÆâÍÑ,,,1148001F2101
01,611140237,20120401,99999999,¥½¥é¥ó¥¿¡¼¥ë¾û£µ£°£í£ç,000000009.60,¾û,00000,,,,,ÆâÍÑ,,,1148001F1059
01,611140435,20120401,99999999,¥Ý¥ó¥¿¡¼¥ë¾û£²£µ£°£í£ç,000000009.30,¾û,00000,,,,,ÆâÍÑ,,,1141005F1048
01,611140844,20140401,99999999,¥½¥ì¥È¥ó¾û£¸£°¡¡£¸£°£í£ç,000000019.20,¾û,00000,,,,,ÆâÍÑ,,,1149029F1025
01,611140845,20140401,99999999,¥Ú¥ª¥ó¾û£¸£°¡¡£¸£°£í£ç,000000019.20,¾û,00000,,,,,ÆâÍÑ,,,1149029F1033
01,611170005,20120401,99999999,£²£í£ç¥»¥ë¥·¥ó¾û,000000005.90,¾û,00000,¸þÀº¿ÀÌô,,,,ÆâÍÑ,,,1124017F2135
01,611170430,20140401,99999999,¥ë¥¸¥ª¥ß¡¼¥ë¾û£²£µ£í£ç,000000025.60,¾û,00000,,,,,ÆâÍÑ,,,1179008F2029
01,611170513,20120401,99999999,¥Ç¥Ñ¥¹¾û£°¡¥£µ£í£ç,000000009.00,¾û,00000,,,,,ÆâÍÑ,,,1179025F1026
01,611170514,20140401,99999999,¥Ç¥Ñ¥¹¾û£±£í£ç,000000013.00,¾û,00000,,,,,ÆâÍÑ,,,1179025F2022
01,611170689,20140401,99999999,¥á¥¤¥é¥Ã¥¯¥¹¾û£±£í£ç,000000021.60,¾û,00000,¸þÀº¿ÀÌô,,,,ÆâÍÑ,,,1124029F1026
01,611170690,20140401,99999999,¥á¥¤¥é¥Ã¥¯¥¹¾û£²£í£ç,000000038.60,¾û,00000,¸þÀº¿ÀÌô,,,,ÆâÍÑ,,,1124029F2022
01,611170766,20100401,99999999,¥Î¥Ð¥ß¥ó¾û£µ£í£ç,000000009.60,¾û,00000,,,,,ÆâÍÑ,,,1172010F1010
01,611240248,20140401,99999999,¥ß¥ª¥Ê¡¼¥ë¾û£µ£°£í£ç,000000018.60,¾û,00000,,,,,ÆâÍÑ,,,1249009F1090
01,611240378,20140401,99999999,¥Æ¥ë¥Í¥ê¥ó¾û£±£í£ç,000000016.70,¾û,00000,,,,,ÆâÍÑ,,,1249010F1026
01,611410172,20120401,99999999,¥Ý¥é¥é¥ß¥ó¾û£²£í£ç,000000005.60,¾û,00000,,,,,ÆâÍÑ,,,4419002F1027
01,612140718,20140401,99999999,¥é¥ó¥Ç¥ë¾û£±£°¡¡£±£°£í£ç,000000020.60,¾û,00000,,,,,ÆâÍÑ,,,2149034F1020
01,612160027,20140401,99999999,¥á¥È¥ê¥¸¥ó¾û£²£í£ç,000000044.20,¾û,00000,,,,,ÆâÍÑ,,,2160002F1028
01,612180004,20140401,99999999,£Í£Ä£Ó¥³¡¼¥ï¾û£³£°£°¡¡£³£°£°£í£ç,000000009.30,¾û,00000,,,,,ÆâÍÑ,,,2189003F2035
01,612180263,20140401,99999999,¥ê¥Ý¥Ð¥¹¾û£µ¡¡£µ£í£ç,000000112.40,¾û,00000,,,,,ÆâÍÑ,,,2189011F1025
01,612220325,20120401,99999999,¥á¥¸¥³¥ó¾û£±£µ£í£ç,000000005.60,¾û,00000,,,,,ÆâÍÑ,,,2223001F2099
01,612220478,20140401,99999999,¥¢¥¼¥×¥Á¥ó¾û£±£í£ç,000000041.80,¾û,00000,,,,,ÆâÍÑ,,,4490004F2028
01,612220508,20120401,99999999,¥à¥³¥À¥¤¥ó¥·¥í¥Ã¥×£µ¡ó,000000006.00,£í£Ì,00000,,,,,ÆâÍÑ,±ÕºÞ,,2233002Q1035
01,612320201,20140401,99999999,¥É¥°¥Þ¥Á¡¼¥ë¾û£µ£°£í£ç,000000015.30,¾û,00000,,,,,ÆâÍÑ,,,2329009F1110
01,612320346,20140401,99999999,¥»¥ë¥Ù¥Ã¥¯¥¹¥«¥×¥»¥ë£µ£°£í£ç,000000010.30,¥«¥×¥»¥ë,00000,,,,,ÆâÍÑ,,,2329012M1021
01,612320381,20140401,99999999,¥¢¥×¥ì¡¼¥¹¾û£±£°£°£í£ç,000000013.80,¾û,00000,,,,,ÆâÍÑ,,,2329015F2022
01,612320417,20140401,99999999,¥¬¥¹¥¿¡¼¾û£±£°£í£ç,000000027.00,¾û,00000,,,,,ÆâÍÑ,,,2325003F1024
01,612320437,20140401,99999999,¥¬¥¹¥í¥ó£Î¾û£²£í£ç,000000029.80,¾û,00000,,,,,ÆâÍÑ,,,2329020F1027
01,612320438,20140401,99999999,¥¬¥¹¥í¥ó£Î¾û£´£í£ç,000000061.70,¾û,00000,,,,,ÆâÍÑ,,,2329020F2023
01,612420001,20120401,99999999,¥Ñ¥í¥Á¥ó¾û£±£°£í£ç,000000013.40,¾û,00000,,,,,ÆâÍÑ,,,2420001F1024
01,612450051,20100401,99999999,¥×¥ì¥É¥Ë¥¾¥í¥ó¾û¡¡£µ£í£ç,000000009.60,¾û,00000,,,,,ÆâÍÑ,,,2456001F1019
01,612450118,20100401,99999999,¥×¥ì¥É¥Ë¥ó¾û£µ£í£ç,000000009.60,¾û,00000,,,,,ÆâÍÑ,,,2456001F1019
01,613110002,20140401,99999999,¥¢¥ë¥Õ¥¡¥í¡¼¥ë¥«¥×¥»¥ë£°¡¥£µ¦Ì£ç,000000042.10,¥«¥×¥»¥ë,00000,,,,,ÆâÍÑ,,,3112001M2069
01,613130329,20140401,99999999,¥Õ¥é¥Ó¥¿¥ó¾û£±£°£í£ç,000000007.20,¾û,00000,,,,,ÆâÍÑ,,,3131001F2154
01,613130594,20140401,99999999,¥á¥Á¥³¥Ð¡¼¥ë¾û£²£µ£°¦Ì£ç¡¡£°¡¥£²£µ£í£ç,000000012.80,¾û,00000,,,,,ÆâÍÑ,,,3136004F1050
01,613130595,20140401,99999999,¥á¥Á¥³¥Ð¡¼¥ë¾û£µ£°£°¦Ì£ç¡¡£°¡¥£µ£í£ç,000000018.60,¾û,00000,,,,,ÆâÍÑ,,,3136004F2138
01,613220029,20140401,99999999,¥è¥¦¥ì¥Á¥ó¾û¡Ö£µ£°¡×¡¡£µ£°¦Ì£ç,000000006.10,¾û,00000,,,,,ÆâÍÑ,,,3221004F1029
01,613220039,20140401,99999999,¥Õ¥§¥í¥ß¥¢¾û£µ£°£í£ç¡¡Å´£µ£°£í£ç,000000009.90,¾û,00000,,,,,ÆâÍÑ,,,3222013F1025
01,613250027,20140401,99999999,¥¨¥ó¥·¥å¥¢¡¦¥ê¥­¥Ã¥É,000000000.61,£í£Ì,00000,,,,,ÆâÍÑ,±ÕºÞ,,3259109S1025
01,613320103,20140401,99999999,¥¿¥¸¥ó¾û£³£°¡¡£³£°£í£ç,000000010.20,¾û,00000,,,,,ÆâÍÑ,,,3321002F2269
01,613320130,20140401,99999999,¥È¥é¥ó¥µ¥ß¥ó¾û£µ£°£°£í£ç,000000019.20,¾û,00000,,,,,ÆâÍÑ,,,3327002F2041
01,613390023,20140401,99999999,¥É¥ë¥Ê¡¼¾û£²£°¦Ì£ç,000000061.80,¾û,00000,,,,,ÆâÍÑ,,,3399005F1021
01,613390027,20140401,99999999,¥¢¥ó¥×¥é¡¼¥°¾û£±£°£°£í£ç,000000126.00,¾û,00000,,,,,ÆâÍÑ,,,3399006F2022
01,613960082,20140401,99999999,¥°¥ë¥³¥Ð¥¤¾û£±£°£°£í£ç,000000039.00,¾û,00000,,,,,ÆâÍÑ,,,3969003F2022
01,613990039,20120401,99999999,¥¢¥Ç¥Û¥¹¥³¡¼¥ïÄ²ÍÏ¾û£²£°¡¡£²£°£í£ç,000000005.60,¾û,00000,,,,,ÆâÍÑ,,,3992001F1084
01,614490026,20140401,99999999,¥À¥ì¥ó¥«¥×¥»¥ë£²£í£ç,000000047.50,¥«¥×¥»¥ë,00000,,,,,ÆâÍÑ,,,4490013M2026
01,614490030,20140401,99999999,¥¢¥ì¥¸¥ª¥ó¾û£²£°¡¡£²£°£í£ç,000000135.00,¾û,00000,,,,,ÆâÍÑ,,,4490014F2021
01,615101025,20140401,99999999,¥ª¡¼¥¹¥®²ÃÌ£íöô£»¶¥¨¥­¥¹£Ç,000000012.10,£ç,00000,,,,,ÆâÍÑ,»¶ºÞ,,5200017D1024
01,615101050,20140401,99999999,¥ª¡¼¥¹¥®È¬Ì£ÃÏ²«´ÝÎÁ¥¨¥­¥¹£Ç,000000007.40,£ç,00000,,,,,ÆâÍÑ,ðùÎ³ºÞ,,5200121D1029
01,615101190,20140401,99999999,¥³¥¿¥í¡¼²«Ï¢²òÆÇÅò¥¨¥­¥¹¥«¥×¥»¥ë,000000015.80,¥«¥×¥»¥ë,00000,,,,,ÆâÍÑ,,,5200011M1027
01,615101208,20140401,99999999,¥³¥¿¥í¡¼¸ÞÎê»¶ÎÁ¥¨¥­¥¹ºÙÎ³,000000012.80,£ç,00000,,,,,ÆâÍÑ,ðùÎ³ºÞ,,5200048C1032
01,615101213,20120401,99999999,¥³¥¿¥í¡¼¼Æ¸ÕÀ¶´ÎÅò¥¨¥­¥¹ºÙÎ³,000000013.30,£ç,00000,,,,,ÆâÍÑ,ðùÎ³ºÞ,,5200053C1025
01,615101220,20140401,99999999,¥³¥¿¥í¡¼½½Á´ÂçÊäÅò¥¨¥­¥¹ºÙÎ³,000000007.30,£ç,00000,,,,,ÆâÍÑ,ðùÎ³ºÞ,,5200069C1034
01,615101223,20140401,99999999,¥³¥¿¥í¡¼¾®¼Æ¸ÕÅò¥¨¥­¥¹ºÙÎ³,000000023.40,£ç,00000,,,,,ÆâÍÑ,ðùÎ³ºÞ,,5200073C1030
01,615101263,20140401,99999999,¥³¥¿¥í¡¼Îê·ËÛ²´ÅÅò¥¨¥­¥¹ºÙÎ³,000000008.50,£ç,00000,,,,,ÆâÍÑ,ðùÎ³ºÞ,,5200145C1037
01,615101402,20120401,99999999,¥Ä¥à¥é±ÛÕ¹²ÃÛ²Åò¥¨¥­¥¹ðùÎ³¡Ê°åÎÅÍÑ¡Ë,000000011.60,£ç,00000,,,,,ÆâÍÑ,ðùÎ³ºÞ,,5200007D1047
01,615101406,20120401,99999999,¥Ä¥à¥é³ëº¬Åò¥¨¥­¥¹ðùÎ³¡Ê°åÎÅÍÑ¡Ë,000000009.00,£ç,00000,,,,,ÆâÍÑ,ðùÎ³ºÞ,,5200013D1123
01,615101407,20120401,99999999,¥Ä¥à¥é³ëº¬Åò²ÃÀî¤­¤å¤¦¿É°Ð¥¨¥­¥¹ðùÎ³¡Ê°åÎÅÍÑ¡Ë,000000011.00,£ç,00000,,,,,ÆâÍÑ,ðùÎ³ºÞ,,5200015D1084
01,615101408,20120401,99999999,¥Ä¥à¥é²ÃÌ£µ¢ç£Åò¥¨¥­¥¹ðùÎ³¡Ê°åÎÅÍÑ¡Ë,000000028.60,£ç,00000,,,,,ÆâÍÑ,ðùÎ³ºÞ,,5200016D1054
01,615101409,20120401,99999999,¥Ä¥à¥é²ÃÌ£íöô£»¶¥¨¥­¥¹ðùÎ³¡Ê°åÎÅÍÑ¡Ë,000000017.60,£ç,00000,,,,,ÆâÍÑ,ðùÎ³ºÞ,,5200017D1083
01,615101414,20120401,99999999,¥Ä¥à¥éµí¼Ö¿Õµ¤´Ý¥¨¥­¥¹ðùÎ³¡Ê°åÎÅÍÑ¡Ë,000000011.80,£ç,00000,,,,,ÆâÍÑ,ðùÎ³ºÞ,,5200025D1029
01,615101422,20120401,99999999,¥Ä¥à¥é·Ë»ÞèªÎê´Ý¥¨¥­¥¹ðùÎ³¡Ê°åÎÅÍÑ¡Ë,000000009.20,£ç,00000,,,,,ÆâÍÑ,ðùÎ³ºÞ,,5200038D1093
01,615101431,20120401,99999999,¥Ä¥à¥é¼Æ¸Õ·Ë»Þ´¥ÕªÅò¥¨¥­¥¹ðùÎ³¡Ê°åÎÅÍÑ¡Ë,000000020.40,£ç,00000,,,,,ÆâÍÑ,ðùÎ³ºÞ,,5200052D1034
01,615101433,20140401,99999999,¥Ä¥à¥é¼Æ¸ÕÀ¶´ÎÅò¥¨¥­¥¹ðùÎ³¡Ê°åÎÅÍÑ¡Ë,000000022.60,£ç,00000,,,,,ÆâÍÑ,ðùÎ³ºÞ,,5200053D1020
01,615101435,20140401,99999999,¥Ä¥à¥é¼ÆÎêÅò¥¨¥­¥¹ðùÎ³¡Ê°åÎÅÍÑ¡Ë,000000049.20,£ç,00000,,,,,ÆâÍÑ,ðùÎ³ºÞ,,5200055D1020
01,615101447,20120401,99999999,¥Ä¥à¥é½½Á´ÂçÊäÅò¥¨¥­¥¹ðùÎ³¡Ê°åÎÅÍÑ¡Ë,000000020.20,£ç,00000,,,,,ÆâÍÑ,ðùÎ³ºÞ,,5200069D1048
01,615101453,20120401,99999999,¥Ä¥à¥é¾®ÀÄÎµÅò¥¨¥­¥¹ðùÎ³¡Ê°åÎÅÍÑ¡Ë,000000014.10,£ç,00000,,,,,ÆâÍÑ,ðùÎ³ºÞ,,5200075D1086
01,615101492,20120401,99999999,¥Ä¥à¥éÇþÌçÅßÅò¥¨¥­¥¹ðùÎ³¡Ê°åÎÅÍÑ¡Ë,000000018.30,£ç,00000,,,,,ÆâÍÑ,ðùÎ³ºÞ,,5200119D1030
01,615101502,20120401,99999999,¥Ä¥à¥éËÉÉ÷ÄÌÀ»»¶¥¨¥­¥¹ðùÎ³¡Ê°åÎÅÍÑ¡Ë,000000009.10,£ç,00000,,,,,ÆâÍÑ,ðùÎ³ºÞ,,5200130D1060
01,615101503,20140401,99999999,¥Ä¥à¥éÊäÃæ±×µ¤Åò¥¨¥­¥¹ðùÎ³¡Ê°åÎÅÍÑ¡Ë,000000025.00,£ç,00000,,,,,ÆâÍÑ,ðùÎ³ºÞ,,5200131D1065
01,615101512,20140401,99999999,¥Ä¥à¥éÏ»·¯»ÒÅò¥¨¥­¥¹ðùÎ³¡Ê°åÎÅÍÑ¡Ë,000000020.00,£ç,00000,,,,,ÆâÍÑ,ðùÎ³ºÞ,,5200141D1034
01,615101702,20140401,99999999,¥³¥¿¥í¡¼Ëã²«Éí»ÒºÙ¿ÉÅò¥¨¥­¥¹¥«¥×¥»¥ë,000000023.50,¥«¥×¥»¥ë,00000,,,,,ÆâÍÑ,,,5200133M1021
01,615101824,20120401,99999999,£Ê£Ð£Ó±ÛÕ¹²ÃÛ²Åò¥¨¥­¥¹ðùÎ³¡ÌÄ´ºÞÍÑ¡Í,000000007.50,£ç,00000,,,,,ÆâÍÑ,ðùÎ³ºÞ,,5200007D1039
01,615101838,20140401,99999999,£Ê£Ð£ÓÇþÌçÅßÅò¥¨¥­¥¹ðùÎ³¡ÌÄ´ºÞÍÑ¡Í,000000013.00,£ç,00000,,,,,ÆâÍÑ,ðùÎ³ºÞ,,5200119D1021
01,616130110,20140401,99999999,¥±¥Õ¥é¡¼¥ë¥«¥×¥»¥ë£²£µ£°£í£ç,000000053.70,¥«¥×¥»¥ë,00000,,,,,ÆâÍÑ,,,6132005M1059
01,616130112,20140401,99999999,¥±¥Õ¥é¡¼¥ëºÙÎ³¾®»ùÍÑ£±£°£°£í£ç,000000043.50,£ç,00000,,,,,ÆâÍÑ,ðùÎ³ºÞ,,6132005C1053
01,616130132,20140401,99999999,¥µ¥ï¥·¥ê¥ó¾û£²£µ£°¡¡£²£µ£°£í£ç,000000013.00,¾û,00000,,,,,ÆâÍÑ,,,6131001F2026
01,616130333,20140401,99999999,¥Û¥¹¥ß¥·¥ó¥É¥é¥¤¥·¥í¥Ã¥×£´£°£°¡¡£´£°£°£í£ç,000000084.60,£ç,00000,,,,,ÆâÍÑ,ðùÎ³ºÞ,,6135001R2110
01,616130407,20140401,99999999,¥È¥ß¥í¥ó¾û£µ£°¡¡£µ£°£í£ç,000000032.80,¾û,00000,,,,,ÆâÍÑ,,,6132009F1023
01,616130408,20140401,99999999,¥È¥ß¥í¥ó¾û£±£°£°¡¡£±£°£°£í£ç,000000039.90,¾û,00000,,,,,ÆâÍÑ,,,6132009F2020
01,616130476,20140401,99999999,¥Ñ¥ó¥¹¥Ý¥ê¥ó£Ô¾û£±£°£°¡¡£±£°£°£í£ç,000000042.50,¾û,00000,,,,,ÆâÍÑ,,,6132012F1025
01,616130477,20140401,99999999,¥Ñ¥ó¥¹¥Ý¥ê¥ó£Ô¾û£²£°£°¡¡£²£°£°£í£ç,000000060.20,¾û,00000,,,,,ÆâÍÑ,,,6132012F2021
01,616130512,20140401,99999999,¥Û¥¹¥ß¥·¥ó¾û£²£µ£°¡¡£²£µ£°£í£ç,000000039.50,¾û,00000,,,,,ÆâÍÑ,,,6135001F1029
01,616130513,20140401,99999999,¥Û¥¹¥ß¥·¥ó¾û£µ£°£°¡¡£µ£°£°£í£ç,000000062.90,¾û,00000,,,,,ÆâÍÑ,,,6135001F2025
01,616130532,20140401,99999999,¥»¥Õ¥¾¥ó¥«¥×¥»¥ë£±£°£°£í£ç,000000063.00,¥«¥×¥»¥ë,00000,,,,,ÆâÍÑ,,,6132013M2025
01,616140101,20140401,99999999,¥¯¥é¥ê¥·¥Ã¥É¾û£µ£°£í£ç¾®»ùÍÑ,000000057.90,¾û,00000,,,,,ÆâÍÑ,,,6149003F1023
01,616140102,20140401,99999999,¥¯¥é¥ê¥·¥Ã¥É¾û£²£°£°£í£ç,000000086.10,¾û,00000,,,,,ÆâÍÑ,,,6149003F2020
01,616140104,20140401,99999999,¥¯¥é¥ê¥¹¾û£µ£°¾®»ùÍÑ¡¡£µ£°£í£ç,000000054.90,¾û,00000,,,,,ÆâÍÑ,,,6149003F1031
01,616140105,20140401,99999999,¥¯¥é¥ê¥¹¾û£²£°£°¡¡£²£°£°£í£ç,000000083.20,¾û,00000,,,,,ÆâÍÑ,,,6149003F2038
01,616240001,20140401,99999999,¾®»ùÍÑ¥Ð¥¯¥·¥À¡¼¥ë¾û£µ£°£í£ç,000000065.90,¾û,00000,,,,,ÆâÍÑ,,,6241005F3022
01,616250001,20140401,99999999,¥¾¥Ó¥é¥Ã¥¯¥¹¾û£´£°£°¡¡£´£°£°£í£ç,000000371.10,¾û,00000,,,,,ÆâÍÑ,,,6250002F2021
01,616290121,20140401,99999999,¥Ð¥¯¥·¥À¡¼¥ë¾û£±£°£°£í£ç,000000040.20,¾û,00000,,,,,ÆâÍÑ,,,6241005F1020
01,616290155,20140401,99999999,¥·¥×¥í¥­¥µ¥ó¾û£±£°£°£í£ç,000000053.10,¾û,00000,,,,,ÆâÍÑ,,,6241008F1023
01,616290156,20140401,99999999,¥·¥×¥í¥­¥µ¥ó¾û£²£°£°£í£ç,000000093.60,¾û,00000,,,,,ÆâÍÑ,,,6241008F2020
01,616290163,20140401,99999999,¥¾¥Ó¥é¥Ã¥¯¥¹¾û£²£°£°¡¡£²£°£°£í£ç,000000239.10,¾û,00000,,,,,ÆâÍÑ,,,6250002F1025
01,616290164,20140401,99999999,¥¸¥Õ¥ë¥«¥ó¥«¥×¥»¥ë£µ£°£í£ç,000000554.10,¥«¥×¥»¥ë,00000,,,,,ÆâÍÑ,,,6290002M1020
01,616290166,20140401,99999999,¥ª¥¼¥Ã¥¯¥¹¾û£·£µ¡¡£·£µ£í£ç,000000074.90,¾û,00000,,,,,ÆâÍÑ,,,6241010F1020
01,616290171,20140401,99999999,¥í¥á¥Ð¥¯¥È¥«¥×¥»¥ë£±£°£°£í£ç,000000101.70,¥«¥×¥»¥ë,00000,,,,,ÆâÍÑ,,,6241009M1035
01,620001925,20140401,99999999,¥¯¥é¥ê¥Á¥ó¥ì¥Ç¥£¥¿¥Ö¾û£±£°£í£ç,000000094.50,¾û,00000,,,,,ÆâÍÑ,,,4490027F2029
01,620002022,20140401,99999999,¥«¥í¥Ê¡¼¥ëºÙÎ³£²£°¡ó,000000008.60,£ç,00000,,,,,ÆâÍÑ,ðùÎ³ºÞ,,1141007C1075
01,620002032,20140401,99999999,¥°¥ê¥ß¥¯¥í¥ó¾û£´£°£í£ç,000000025.80,¾û,00000,,,,,ÆâÍÑ,,,3961007F1115
01,620002476,20140401,99999999,¥¢¥ì¥¸¥ª¥ó¥É¥é¥¤¥·¥í¥Ã¥×£±¡ó,000000090.90,£ç,00000,,,,,ÆâÍÑ,ðùÎ³ºÞ,,4490014R1021
01,620002477,20140401,99999999,¥¯¥ì¥¹¥È¡¼¥ë¾û£²¡¥£µ£í£ç,000000068.10,¾û,00000,,,,,ÆâÍÑ,,,2189017F1022
01,620002504,20140401,99999999,¥¢¥É¥Ê»¶£±£°¡ó,000000044.90,£ç,00000,,,,,ÆâÍÑ,»¶ºÞ,,3321002B1139
01,620002506,20140401,99999999,¥¢¥É¥Ê¾û£³£°£í£ç,000000011.40,¾û,00000,,,,,ÆâÍÑ,,,3321002F2366
01,620002509,20140401,99999999,¥ª¥Ñ¥ë¥â¥ó¾û£µ¦Ì£ç,000000069.30,¾û,00000,,,,,ÆâÍÑ,,,3399003F1073
01,620002549,20140401,99999999,¥ê¥¶¥Ù¥ó¥«¥×¥»¥ë£±£°£°£í£ç,000000051.20,¥«¥×¥»¥ë,00000,,,,,ÆâÍÑ,,,4490002M1315
01,620002659,20140401,99999999,¥¨¥Ð¥¹¥Æ¥ë£Ï£Ä¾û£µ£í£ç,000000076.00,¾û,00000,,,,,ÆâÍÑ,,,4490019F3020
01,620002660,20140401,99999999,¥¨¥Ð¥¹¥Æ¥ë£Ï£Ä¾û£±£°£í£ç,000000100.50,¾û,00000,,,,,ÆâÍÑ,,,4490019F4027
01,620003109,20140401,99999999,¥µ¥é¥¸¥§¥ó¾û£µ£í£ç,000000133.70,¾û,00000,,,,,ÆâÍÑ,,,2399013F1021
01,620003139,20140401,99999999,¥ª¥Î¥ó¥«¥×¥»¥ë£±£±£²¡¥£µ£í£ç,000000058.80,¥«¥×¥»¥ë,00000,,,,,ÆâÍÑ,,,4490017M1036
01,620003143,20140401,99999999,¥­¥Í¥À¥Ã¥¯¾û£µ£°£í£ç,000000121.70,¾û,00000,,,,,ÆâÍÑ,,,3999013F1231
01,620003496,20120401,99999999,¥¢¥»¥Á¥ë¥¹¥Ô¥é¥Þ¥¤¥·¥ó¾û£²£°£°¡¡£²£°£°£í£ç,000000032.80,¾û,00000,,,,,ÆâÍÑ,,,6142001F2038
01,620003533,20140401,99999999,¥¬¥¹¥È¥í¡¼¥àðùÎ³£¶£¶¡¥£·¡ó,000000021.40,£ç,00000,,,,,ÆâÍÑ,ðùÎ³ºÞ,,2329026D1031
01,620003548,20140401,99999999,¥µ¥¢¥ß¥ª¥ó¾û£µ£í£ç,000000032.30,¾û,00000,,,,,ÆâÍÑ,,,2190021F1348
01,620003555,20140401,99999999,¥¸¥ç¥µ¥Þ¥¤¥·¥ó¾û£²£°£°£í£ç,000000019.90,¾û,00000,,,,,ÆâÍÑ,,,6145001F2048
01,620003665,20140401,99999999,¥í¥Ú¥ß¥ó¥«¥×¥»¥ë£±£í£ç,000000051.80,¥«¥×¥»¥ë,00000,,,,,ÆâÍÑ,,,2319001M1213
01,620004080,20140401,99999999,¥á¥¤¥¢¥¯¥È£Í£Ó¾û£±£°£°£í£ç,000000055.60,¾û,00000,,,,,ÆâÍÑ,,,6132015F1037
01,620004412,20140401,99999999,¥¢¥ì¥°¥é¾û£³£°£í£ç,000000056.40,¾û,00000,,,,,ÆâÍÑ,,,4490023F2020
01,620004513,20140401,99999999,¥»¥Õ¥¾¥óºÙÎ³¾®»ùÍÑ£±£°¡ó¡¡£±£°£°£í£ç,000000114.30,£ç,00000,,,,,ÆâÍÑ,ðùÎ³ºÞ,,6132013C1031
01,620004518,20140401,99999999,¥À¥¤¥¢¥â¥Ã¥¯¥¹¾û£²£µ£°£í£ç,000000027.10,¾û,00000,,,,,ÆâÍÑ,,,2134002F1109
01,620004528,20140401,99999999,¥Á¥ç¥³¥é£Á¾û£±ËüÃ±°Ì¡¡£±£°¡¤£°£°£°Ã±°Ì,000000008.00,¾û,00000,,,,,ÆâÍÑ,,,3111002F1036
01,620004583,20140401,99999999,¥Ú¥ß¥é¥¹¥È¥ó¥É¥é¥¤¥·¥í¥Ã¥×£°¡¥£µ¡ó,000000060.40,£ç,00000,,,,,ÆâÍÑ,ðùÎ³ºÞ,,4490011R1060
01,620004607,20140401,99999999,¥æ¥Ù¥é£Î¥«¥×¥»¥ë£±£°£°£í£ç,000000005.80,¥«¥×¥»¥ë,00000,,,,,ÆâÍÑ,,,2190006M1156
01,620004625,20140401,99999999,¥ì¥ó¥É¥ë¥ß¥ó¾û£°¡¥£²£µ£í£ç,000000026.40,¾û,00000,¸þÀº¿ÀÌô,,,,ÆâÍÑ,,,1124009F1223
01,620004902,20120401,99999999,¥¢¥¹¥Ñ¥é¥«¥ê¥¦¥à¾û£³£°£°£í£ç,000000005.80,¾û,00000,,,,,ÆâÍÑ,,,3229005F1080
01,620005067,20140401,99999999,¥Ó¥ª¥Á¥ó»¶£°¡¥£²¡ó¡Ö¥Õ¥½¡¼¡×,000000010.60,£ç,00000,,,,,ÆâÍÑ,»¶ºÞ,,3190001B1041
01,620005126,20140401,99999999,¥á¥É¥í¡¼¥ë¾û£´£í£ç,000000018.90,¾û,00000,,,,,ÆâÍÑ,,,2456003F2030
01,620005133,20140401,99999999,¥ê¥ó¥Ç¥í¥ó»¶£°¡¥£±¡ó,000000032.80,£ç,00000,,,,,ÆâÍÑ,»¶ºÞ,,2454004B1040
01,620005134,20140401,99999999,¥ê¥ó¥Ç¥í¥ó¾û£°¡¥£µ£í£ç,000000015.60,¾û,00000,,,,,ÆâÍÑ,,,2454004F2090
01,620005328,20120401,99999999,¥¯¥é¥·¥¨¸ÞÎê»¶ÎÁ¥¨¥­¥¹ºÙÎ³,000000014.40,£ç,00000,,,,,ÆâÍÑ,ðùÎ³ºÞ,,5200048C1075
01,620005346,20120401,99999999,¥¯¥é¥·¥¨ËÉÉ÷ÄÌÀ»»¶ÎÁ¥¨¥­¥¹ºÙÎ³,000000007.20,£ç,00000,,,,,ÆâÍÑ,ðùÎ³ºÞ,,5200130C1065
01,620005401,20120401,99999999,¥¯¥é¥·¥¨¼ÆÎêÅò¥¨¥­¥¹ºÙÎ³,000000050.90,£ç,00000,,,,,ÆâÍÑ,ðùÎ³ºÞ,,5200055C1032
01,620005406,20120401,99999999,¥¯¥é¥·¥¨¾®ÀÄÎµÅò¥¨¥­¥¹¾û,000000006.80,¾û,00000,,,,,ÆâÍÑ,,,5200075F1052
01,620005413,20080401,99999999,¥¯¥é¥·¥¨È¬Ì£ÃÏ²«´ÝÎÁ¥¨¥­¥¹¾û,000000004.80,¾û,00000,,,,,ÆâÍÑ,,,5200121F1046
01,620005514,20140401,99999999,¥¿¥ê¥ª¥ó£Ï£Ä¾û£µ£í£ç,000000041.00,¾û,00000,,,,,ÆâÍÑ,,,4490022F3022
01,620005886,20140401,99999999,¥¯¥é¥ê¥Á¥ó¥É¥é¥¤¥·¥í¥Ã¥×£±¡ó,000000197.10,£ç,00000,,,,,ÆâÍÑ,ðùÎ³ºÞ,,4490027R1029
01,620005943,20140401,99999999,¥¨¥ó¥Ô¥Ê¡¼¥¹¡¦£Ð¾û£±£¸£°£°£°¡¡£±£¸¡¤£°£°£°Ã±°Ì,000000018.40,¾û,00000,,,,,ÆâÍÑ,,,3959004F1059
01,620005947,20140401,99999999,¥ª¥é¥¹¥Ý¥¢¾®»ùÍÑ¥É¥é¥¤¥·¥í¥Ã¥×£±£°¡ó¡¡£±£°£°£í£ç,000000031.00,£ç,00000,,,,,ÆâÍÑ,ðùÎ³ºÞ,,6132006R1093
01,620005966,20140401,99999999,¥¶¥¸¥Æ¥ó¥«¥×¥»¥ë£±£í£ç,000000056.30,¥«¥×¥»¥ë,00000,,,,,ÆâÍÑ,,,4490003M1263
01,620005968,20140401,99999999,¥¶¥¸¥Æ¥ó¥É¥é¥¤¥·¥í¥Ã¥×£°¡¥£±¡ó,000000072.50,£ç,00000,,,,,ÆâÍÑ,ðùÎ³ºÞ,,4490003R1228
01,620006008,20140401,99999999,¥»¥ë¥Æ¥¯¥È¾û£³£°¡¡£³£°£í£ç,000000058.40,¾û,00000,,,,,ÆâÍÑ,,,4490005F1387
01,620006009,20140401,99999999,¥»¥ë¥Æ¥¯¥È¥É¥é¥¤¥·¥í¥Ã¥×£²¡ó,000000097.90,£ç,00000,,,,,ÆâÍÑ,ðùÎ³ºÞ,,4490005R1308
01,620006027,20140401,99999999,¥À¥é¥·¥ó¥«¥×¥»¥ë£±£µ£°£í£ç,000000023.40,¥«¥×¥»¥ë,00000,,,,,ÆâÍÑ,,,6112001M2038
01,620006049,20140401,99999999,¥È¥ê¥¯¥í¥ê¡¼¥ë¥·¥í¥Ã¥×£±£°¡ó,000000011.50,£í£Ì,00000,,,,,ÆâÍÑ,±ÕºÞ,,1129004Q1031
01,620006058,20140401,99999999,¥Ë¥Ý¥é¥¸¥ó¾û£³£í£ç,000000008.20,¾û,00000,,,,,ÆâÍÑ,,,4413004F1200
01,620006100,20120401,99999999,¥×¥ê¥ó¥Ú¥é¥ó¾û£µ¡¡£µ£í£ç,000000006.40,¾û,00000,,,,,ÆâÍÑ,,,2399004F1200
01,620006886,20140401,99999999,¥­¥×¥ì¥¹¥Á¥å¥¢¥Ö¥ë¾û£µ£í£ç,000000208.00,¾û,00000,,,,,ÆâÍÑ,,,4490026F1044
01,620006919,20140401,99999999,¥µ¥ï¥·¥ê¥ó¥«¥×¥»¥ë£²£µ£°¡¡£²£µ£°£í£ç,000000012.80,¥«¥×¥»¥ë,00000,,,,,ÆâÍÑ,,,6131001M2300
01,620006934,20140401,99999999,¥·¥ó¥°¥ì¥¢¾û£±£°£í£ç,000000222.00,¾û,00000,,,,,ÆâÍÑ,,,4490026F2059
01,620006951,20140401,99999999,¥¹¥í¡¼¥±¡¼¾û£¶£°£°£í£ç,000000007.30,¾û,00000,,,,,ÆâÍÑ,,,3229002G1066
01,620006970,20140401,99999999,¥¿¥ê¥ª¥ó¾û£µ£í£ç,000000041.00,¾û,00000,,,,,ÆâÍÑ,,,4490022F1038
01,620006971,20140401,99999999,¥¿¥ê¥ª¥ó¾û£±£°£í£ç,000000049.90,¾û,00000,,,,,ÆâÍÑ,,,4490022F2034
01,620006972,20140401,99999999,¥¿¥ê¥Ó¥Ã¥É¾û£±£°£°£í£ç,000000081.30,¾û,00000,,,,,ÆâÍÑ,,,6241006F1121
01,620007000,20140401,99999999,¥È¥é¥ó¥µ¥ß¥ó¥«¥×¥»¥ë£²£µ£°£í£ç,000000010.40,¥«¥×¥»¥ë,00000,,,,,ÆâÍÑ,,,3327002M1303
01,620007018,20140401,99999999,¥Ë¥Ý¥é¥¸¥ó¾®»ùÍÑ¥·¥í¥Ã¥×£°¡¥£°£³¡ó,000000006.90,£í£Ì,00000,,,,,ÆâÍÑ,±ÕºÞ,,4413004Q1066
01,620007096,20140401,99999999,¥Ü¥ë¥¿¥ì¥ó¾û£²£µ£í£ç,000000013.10,¾û,00000,,,,,ÆâÍÑ,,,1147002F1560
01,620008588,20140401,99999999,¥¤¥µ¥í¥ó¾û£±£°£°£í£ç,000000005.60,¾û,00000,,,,,ÆâÍÑ,,,2329002F2165
01,620008631,20140401,99999999,¥·¥ó¥ì¥¹¥¿¡¼¥ë¾û£²£µ£°£í£ç,000000021.80,¾û,00000,,,,,ÆâÍÑ,,,2189008F1376
01,620008632,20140401,99999999,¥¹¥ê¥Î¥Õ¥§¥ó¾û£¶£°£í£ç,000000009.60,¾û,00000,,,,,ÆâÍÑ,,,1149019F1528
01,620008655,20140401,99999999,¥Æ¥ë¥®¥ó£Ç¥É¥é¥¤¥·¥í¥Ã¥×£°¡¥£±¡ó,000000010.00,£ç,00000,,,,,ÆâÍÑ,ðùÎ³ºÞ,,4419008R1080
01,620008672,20140401,99999999,¥Î¥¤¥¨¥ë¥«¥×¥»¥ë£²£°£°£í£ç,000000012.90,¥«¥×¥»¥ë,00000,,,,,ÆâÍÑ,,,2329004M1175
01,620008681,20140401,99999999,¥Ð¥Ê¥ó¾û£±£°£°£í£ç,000000075.90,¾û,00000,,,,,ÆâÍÑ,,,6132011F1080
01,620008682,20140401,99999999,¥Ð¥Ê¥ó¥É¥é¥¤¥·¥í¥Ã¥×£µ¡ó¡¡£µ£°£í£ç,000000074.00,£ç,00000,,,,,ÆâÍÑ,ðùÎ³ºÞ,,6132011R1078
01,620098801,20140401,99999999,¥í¥­¥½¥Ë¥ó¾û£¶£°£í£ç,000000017.50,¾û,00000,,,,,ÆâÍÑ,,,1149019F1560
01,620160501,20120401,99999999,£Ð£ÌÇÛ¹çðùÎ³,000000006.40,£ç,00000,,,,,ÆâÍÑ,ðùÎ³ºÞ,,1180107D1131
01,620161301,20140401,99999999,ÍÄ»ùÍÑ£Ð£ÌÇÛ¹çðùÎ³,000000006.50,£ç,00000,,,,,ÆâÍÑ,ðùÎ³ºÞ,,1180108D1039
01,620161401,20120401,99999999,¥Ô¡¼¥¨¥¤ÇÛ¹ç¾û,000000004.60,¾û,00000,,,,,ÆâÍÑ,,,1180109F1034
01,620207901,20140401,99999999,¥¢¥À¥×¥Á¥Î¡¼¥ë¾û£µ£í£ç,000000045.90,¾û,00000,,,,,ÆâÍÑ,,,1319004F1035
01,620389501,20140401,99999999,¥à¥³¥½¥ë¥Ð¥ó¾û£±£µ£í£ç,000000019.30,¾û,00000,,,,,ÆâÍÑ,,,2239001F1696
01,620418501,20120401,99999999,¥Ó¥ª¥Õ¥§¥ë¥ß¥ó£Ò»¶,000000006.20,£ç,00000,,,,,ÆâÍÑ,»¶ºÞ,,2316004B1036
01,620420001,20120401,99999999,¥Ó¥ª¥Õ¥§¥ë¥ß¥óÇÛ¹ç»¶,000000006.20,£ç,00000,,,,,ÆâÍÑ,»¶ºÞ,,2316012A1132
01,620452801,20140401,99999999,¥à¥³¥¹¥¿¾û£±£°£°£í£ç,000000016.40,¾û,00000,,,,,ÆâÍÑ,,,2329021F1102
01,620456601,20140401,99999999,¥¢¥ë¥í¥¤¥É£ÇÆâÍÑ±Õ£µ¡ó,000000001.81,£í£Ì,00000,,,,,ÆâÍÑ,±ÕºÞ,,2329116S1094
01,620459001,20140401,99999999,¥Þ¡¼¥º¥ì¥ó£ÓÇÛ¹çðùÎ³,000000015.50,£ç,00000,,,,,ÆâÍÑ,ðùÎ³ºÞ,,2329122D1414
01,620481301,20120401,99999999,¥×¥ë¥¼¥Ë¥É¾û£±£²£í£ç,000000005.60,¾û,00000,,,,,ÆâÍÑ,,,2354003F2316
01,620488701,20140401,99999999,¥é¥­¥½¥Ù¥í¥ó¾û£²¡¥£µ£í£ç,000000009.20,¾û,00000,,,,,ÆâÍÑ,,,2359005F1218
01,620530701,20140401,99999999,¥»¥ì¥¹¥¿¥ß¥óÇÛ¹ç¾û,000000010.50,¾û,00000,,,,,ÆâÍÑ,,,2459100F1162
01,620675501,20140401,99999999,¥ï¥ó¥¢¥ë¥Õ¥¡¾û£°¡¥£µ¦Ì£ç,000000041.00,¾û,00000,,,,,ÆâÍÑ,,,3112001F2051
01,620719401,20120401,99999999,¥Î¥¤¥í¥Ó¥¿¥óÇÛ¹ç¾û,000000005.70,¾û,00000,,,,,ÆâÍÑ,,,3179106F1039
01,620720101,20120401,99999999,¥Ó¥¿¥á¥¸¥óÇÛ¹ç¥«¥×¥»¥ë£Â£²£µ,000000005.60,¥«¥×¥»¥ë,00000,,,,,ÆâÍÑ,,,3179109M1074
01,620721301,20120401,99999999,¥·¥Ê¡¼¥ëÇÛ¹ç¾û,000000006.40,¾û,00000,,,,,ÆâÍÑ,,,3179115F2034
01,620722301,20100401,99999999,¥ï¥Ã¥µ¡¼£ÖÇÛ¹çðùÎ³,000000006.20,£ç,00000,,,,,ÆâÍÑ,ðùÎ³ºÞ,,3179122D1037
01,620729101,20120401,99999999,¥Õ¥§¥í¡¦¥°¥é¥Ç¥å¥á¥Ã¥È¾û£±£°£µ£í£ç,000000009.20,¾û,00000,,,,,ÆâÍÑ,,,3222007G1033
01,620814601,20140401,99999999,¥Ñ¥Ê¥ë¥¸¥ó¾û£±£°£°£í£ç,000000055.10,¾û,00000,,,,,ÆâÍÑ,,,3399001F1384
01,620858001,20140401,99999999,¥¦¥é¥ê¥Ã¥ÈÇÛ¹ç¾û,000000010.90,¾û,00000,,,,,ÆâÍÑ,,,3949101F1073
01,620932701,20140401,99999999,¥¼¥¹¥é¥ó¾û£³£í£ç,000000008.20,¾û,00000,,,,,ÆâÍÑ,,,4413004F1251
01,621076301,20140401,99999999,¥æ¥Ê¥·¥óºÙÎ³¾®»ùÍÑ£±£°¡ó¡¡£±£°£°£í£ç,000000060.80,£ç,00000,,,,,ÆâÍÑ,ðùÎ³ºÞ,,6131008C1033
01,621076401,20140401,99999999,¥æ¥Ê¥·¥ó¾û£³£·£µ£í£ç,000000058.90,¾û,00000,,,,,ÆâÍÑ,,,6131008F1030
01,621116201,20140401,99999999,¥ª¡¼¥°¥á¥ó¥Á¥óÇÛ¹ç¾û£±£²£µ£Ó£Ó¡¡£±£¸£·¡¥£µ£í£ç,000000025.50,¾û,00000,,,,,ÆâÍÑ,,,6139100F1048
01,621362001,20120401,99999999,¥Ð¥Õ¥¡¥ê¥óÇÛ¹ç¾û£Á£³£³£°¡¡£³£³£°£í£ç,000000005.70,¾û,00000,,,,,ÆâÍÑ,,,1143010F2074
01,621375001,20120401,99999999,¥Ð¥Õ¥¡¥ê¥óÇÛ¹ç¾û£Á£¸£±¡¡£¸£±£í£ç,000000005.60,¾û,00000,,,,,ÆâÍÑ,,,3399100F1116
01,621499601,20140401,99999999,¥¯¥ê¥¢¥ß¥óÇÛ¹ç¾û£Á£±¡¥£°,000000012.30,¾û,00000,,,,,ÆâÍÑ,,,1149109F1034
01,621499701,20140401,99999999,¥¯¥ê¥¢¥ß¥óÇÛ¹ç¾û£Ó£°¡¥£µ,000000007.50,¾û,00000,,,,,ÆâÍÑ,,,1149115F1030
01,621925701,20140401,99999999,¥¯¥é¥Ó¥Ã¥È¾û£²£µ£°£í£ç¡¡¡Ê¥ì¥Ü¥Õ¥í¥­¥µ¥·¥ó¤È¤·¤Æ¡Ë,000000253.60,¾û,00000,,,,,ÆâÍÑ,,,6241013F2020
01,621971501,20140401,99999999,¥ª¥¼¥Ã¥¯¥¹ºÙÎ³¾®»ùÍÑ£±£µ¡ó¡¡£±£µ£°£í£ç,000000568.40,£ç,00000,,,,,ÆâÍÑ,ðùÎ³ºÞ,,6241010C1024
01,622014201,20140401,99999999,¥¢¥ì¥í¥Ã¥¯£Ï£Ä¾û£µ¡¡£µ£í£ç,000000056.80,¾û,00000,,,,,ÆâÍÑ,,,4490025F4022
01,622036701,20140401,99999999,¥¶¥¤¥¶¥ë¾û£µ£í£ç,000000105.80,¾û,00000,,,,,ÆâÍÑ,,,4490028F1027
01,622090301,20140401,99999999,¥¢¥ì¥í¥Ã¥¯ðùÎ³£°¡¥£µ¡ó,000000075.20,£ç,00000,,,,,ÆâÍÑ,ðùÎ³ºÞ,,4490025D1022
01,620002309,20140401,99999999,¥¶¥¸¥Æ¥óÅÀ´ã±Õ£Õ£Ä£°¡¥£°£µ¡ó¡¡£°¡¥£²£·£¶£í£ç£°¡¥£´£í£Ì,000000029.10,¸Ä,00000,,,,,³°ÍÑ,,,1319730Q2024
01,620002620,20120401,99999999,¥¢¥ó¥Ò¥ÐºÁºÞ¾®»ùÍÑ£µ£°£í£ç,000000019.30,¸Ä,00000,,,,,³°ÍÑ,,,1141700J1045
01,620002621,20120401,99999999,¥¢¥ó¥Ò¥ÐºÁºÞ¾®»ùÍÑ£±£°£°£í£ç,000000019.30,¸Ä,00000,,,,,³°ÍÑ,,,1141700J2130
01,620002622,20140401,99999999,¥¢¥ó¥Ò¥ÐºÁºÞ¾®»ùÍÑ£²£°£°£í£ç,000000030.00,¸Ä,00000,,,,,³°ÍÑ,,,1141700J3110
01,620002624,20140401,99999999,ÅÀ´ã¡¦ÅÀÉ¡ÍÑ¥ê¥ó¥Ç¥í¥ó£Á±Õ,000000080.90,£í£Ì,00000,,,,,³°ÍÑ,,,1319813Q1049
01,620003130,20140401,99999999,¥Ñ¥Ô¥í¥Ã¥¯¥ß¥ËÅÀ´ã±Õ£°¡¥£±¡ó¡¡£°¡¥£´£í£Ì,000000208.90,¸Ä,00000,,,,,³°ÍÑ,,,1319750Q1025
01,620003475,20140401,99999999,¥ª¥¼¥Ã¥¯¥¹ÅÀ´ã±Õ£°¡¥£³¡ó,000000152.10,£í£Ì,00000,,,,,³°ÍÑ,,,1319751Q1020
01,620003844,20100401,99999999,£Æ£Á£ÄÅÀ´ã±Õ£°¡¥£°£µ¡ó¡Ö¥µ¥ó¥Æ¥ó¡×¡¡£µ£í£Ì,000000084.80,ÉÓ,00000,,,,,³°ÍÑ,,,1319714Q3099
01,620003857,20140401,99999999,¥Á¥â¥×¥È¡¼¥ë£Ø£ÅÅÀ´ã±Õ£°¡¥£²£µ¡ó,000000503.20,£í£Ì,00000,,,,,³°ÍÑ,,,1319702Q3037
01,620003858,20140401,99999999,¥Á¥â¥×¥È¡¼¥ë£Ø£ÅÅÀ´ã±Õ£°¡¥£µ¡ó,000000719.20,£í£Ì,00000,,,,,³°ÍÑ,,,1319702Q4033
01,620003859,20140401,99999999,¥Á¥â¥×¥È¡¼¥ëÅÀ´ã±Õ£°¡¥£²£µ¡ó,000000241.10,£í£Ì,00000,,,,,³°ÍÑ,,,1319702Q1107
01,620003860,20140401,99999999,¥Á¥â¥×¥È¡¼¥ëÅÀ´ã±Õ£°¡¥£µ¡ó,000000337.20,£í£Ì,00000,,,,,³°ÍÑ,,,1319702Q2111
01,620003864,20140401,99999999,¥Ï¥¤¥Ñ¥¸¡¼¥ë¥³¡¼¥ïÅÀ´ã±Õ£°¡¥£²£µ¡ó,000000376.50,£í£Ì,00000,,,,,³°ÍÑ,,,1319740Q1056
01,620003868,20140401,99999999,¥Õ¥é¥Ó¥¿¥óÅÀ´ã±Õ£°¡¥£°£µ¡ó¡¡£µ£í£Ì,000000095.40,ÉÓ,00000,,,,,³°ÍÑ,,,1319714Q3102
01,620003871,20140401,99999999,¥ß¥É¥ê¥ó£ÍÅÀ´ã±Õ£°¡¥£´¡ó,000000022.70,£í£Ì,00000,,,,,³°ÍÑ,,,1311705Q1048
01,620003872,20140401,99999999,¥ß¥É¥ê¥ó£ÐÅÀ´ã±Õ,000000029.90,£í£Ì,00000,,,,,³°ÍÑ,,,1319810Q1053
01,620004261,20140401,99999999,¥Õ¥ë¥Ê¡¼¥¼ÅÀÉ¡±Õ£µ£°¦Ì£ç£µ£¶Ê®Ì¸ÍÑ¡¡£´¡¥£°£¸£í£ç£¸£í£Ì,000001518.10,ÉÓ,00000,,,,,³°ÍÑ,,,1329707Q3052
01,620004365,20140401,99999999,¥Ñ¥¿¥Î¡¼¥ëÅÀ´ã±Õ£°¡¥£±¡ó,000000197.50,£í£Ì,00000,,,,,³°ÍÑ,,,1319752Q1024
01,620004368,20140401,99999999,¥Ù¥¬¥â¥Ã¥¯¥¹ÅÀ´ã±Õ£°¡¥£µ¡ó,000000130.50,£í£Ì,00000,,,,,³°ÍÑ,,,1319753Q1029
01,620004798,20140401,99999999,¥¯¥é¥Ó¥Ã¥ÈÅÀ´ã±Õ£°¡¥£µ¡ó,000000114.90,£í£Ì,00000,,,,,³°ÍÑ,,,1319742Q1039
01,620004800,20140401,99999999,¥±¥Ê¥í¥°¸ý¹ÐÍÑÆð¹Ñ£°¡¥£±¡ó,000000069.60,£ç,00000,,,,,³°ÍÑ,,,2399707M1049
01,620004801,20120401,99999999,¥¶¡¼¥ÍÆð¹Ñ£°¡¥£µ¡ó¡¡£µ¡¤£°£°£°Ã±°Ì,000000003.50,£ç,00000,,,,,³°ÍÑ,,,2649724M1039
01,620004805,20140401,99999999,¥¸¥¯¥í¡¼¥ÉÅÀ´ã±Õ£°¡¥£±¡ó,000000086.70,£í£Ì,00000,,,,,³°ÍÑ,,,1319726Q1102
01,620004806,20140401,99999999,¿Í¹©ÎÞ±Õ¥Þ¥¤¥Æ¥£¥¢ÅÀ´ã±Õ¡¡£µ£í£Ì,000000085.50,ÉÓ,00000,,,,,³°ÍÑ,,,1319808Q2036
01,620004809,20140401,99999999,¥¿¥ê¥Ó¥Ã¥É´ãÆð¹Ñ£°¡¥£³¡ó,000000119.70,£ç,00000,,,,,³°ÍÑ,,,1319722M1056
01,620004810,20140401,99999999,¥¿¥ê¥Ó¥Ã¥ÉÅÀ´ã±Õ£°¡¥£³¡ó,000000111.50,£í£Ì,00000,,,,,³°ÍÑ,,,1319722Q1163
01,620004816,20140401,99999999,¥Ò¥¢¥ì¥¤¥óÅÀ´ã±Õ£°¡¥£±¡ó¡¡£µ£í£Ì,000000431.80,ÉÓ,00000,,,,,³°ÍÑ,,,1319720Q3078
01,620004817,20140401,99999999,¥Ò¥¢¥ì¥¤¥ó¥ß¥ËÅÀ´ã±Õ£°¡¥£±¡ó¡¡£°¡¥£´£í£Ì,000000015.70,¸Ä,00000,,,,,³°ÍÑ,,,1319720Q4031
01,620004818,20140401,99999999,¥Ò¥¢¥ì¥¤¥ó¥ß¥ËÅÀ´ã±Õ£°¡¥£³¡ó¡¡£°¡¥£´£í£Ì,000000022.50,¸Ä,00000,,,,,³°ÍÑ,,,1319720Q5038
01,620004828,20140401,99999999,¥Ú¥ß¥é¥¹¥È¥óÅÀ´ã±Õ£°¡¥£±¡ó¡¡£µ£í£ç£µ£í£Ì,000000598.20,ÉÓ,00000,,,,,³°ÍÑ,,,1319735Q1063
01,620004892,20140401,99999999,¥ß¥±¥é¥ó£Ì£ÁÅÀ´ã±Õ£²¡ó,000000558.20,£í£Ì,00000,,,,,³°ÍÑ,,,1319701Q4020
01,620005244,20140401,99999999,¥¢¥¤¥ª¥Ô¥¸¥ó£Õ£ÄÅÀ´ã±Õ£±¡ó¡¡£°¡¥£±£í£Ì,000000693.60,¸Ä,00000,,,,,³°ÍÑ,,,1319737Q1038
01,620005245,20140401,99999999,¥¢¥¯¥¢¥Á¥à¥¯¥ê¡¼¥à£±¡ó,000000041.10,£ç,00000,,,,,³°ÍÑ,,,2639700N1032
01,620005246,20140401,99999999,¥¢¥¯¥¢¥Á¥à¥í¡¼¥·¥ç¥ó£±¡ó,000000041.10,£í£Ì,00000,,,,,³°ÍÑ,,,2639700Q1055
01,620005255,20140401,99999999,¥¦¥ì¥Ñ¡¼¥ë¥¯¥ê¡¼¥à£±£°¡ó,000000007.10,£ç,00000,,,,,³°ÍÑ,,,2669701N1044
01,620005256,20140401,99999999,¥¦¥ì¥Ñ¡¼¥ë¥í¡¼¥·¥ç¥ó£±£°¡ó,000000007.10,£ç,00000,,,,,³°ÍÑ,,,2669701Q1040
01,620005257,20140401,99999999,¥¨¥¤¥¾¥×¥È·üÂùÀ­ÅÀ´ã±Õ£±¡ó,000000450.70,£í£Ì,00000,,,,,³°ÍÑ,,,1319748Q1036
01,620005261,20140401,99999999,¥­¥ó¥À¥Ù¡¼¥ÈÆð¹Ñ£°¡¥£°£µ¡ó,000000034.40,£ç,00000,,,,,³°ÍÑ,,,2646722M1100
01,620005266,20140401,99999999,¥µ¥ó¥³¥ÐÅÀ´ã±Õ£°¡¥£°£²¡ó¡¡£µ£í£Ì,000000092.00,ÉÓ,00000,,,,,³°ÍÑ,,,1319710Q2078
01,620005268,20140401,99999999,¾®»ùÍÑ¥Õ¥ë¥Ê¡¼¥¼ÅÀÉ¡±Õ£²£µ¦Ì£ç£µ£¶Ê®Ì¸ÍÑ¡¡£²¡¥£°£´£í£ç£´£í£Ì,000000770.50,ÉÓ,00000,,,,,³°ÍÑ,,,1329707Q2030
01,620005271,20140401,99999999,¥¾¥Ó¥é¥Ã¥¯¥¹´ãÆð¹Ñ£³¡ó,000000586.10,£ç,00000,,,,,³°ÍÑ,,,1319719M1046
01,620005272,20140401,99999999,¥¿¥Á¥ª¥óÅÀ´ãÍÑ£²¡ó,000000023.00,£í£Ì,00000,,,,,³°ÍÑ,,,1319708Q1090
01,620005279,20140401,99999999,¥Î¥Õ¥íÅÀ´ã±Õ£°¡¥£³¡ó,000000114.00,£í£Ì,00000,,,,,³°ÍÑ,,,1319727Q1158
01,620005282,20140401,99999999,¥Ð¥­¥½ºÁºÞ£²£°£í£ç,000000141.10,¸Ä,00000,,,,,³°ÍÑ,,,1149701J1102
01,620005297,20140401,99999999,¥Õ¥µ¥³¡¼¥ëÅÀ´ã±Õ£°¡¥£°£µ¡ó¡¡£³¡¥£´£µ£í£ç£µ£í£Ì,000000404.80,ÉÓ,00000,,,,,³°ÍÑ,,,1319730Q1214
01,620005298,20140401,99999999,¥Õ¥ë¥Ê¡¼¥¼ÅÀÉ¡±Õ£µ£°¦Ì£ç£²£¸Ê®Ì¸ÍÑ¡¡£²¡¥£°£´£í£ç£´£í£Ì,000000770.50,ÉÓ,00000,,,,,³°ÍÑ,,,1329707Q1181
01,620005301,20140401,99999999,¥Ù¥È¥×¥Æ¥£¥Ã¥¯ÅÀ´ã±Õ£°¡¥£µ¡ó,000000376.30,£í£Ì,00000,,,,,³°ÍÑ,,,1319733Q1072
01,620005305,20140401,99999999,¥é¥¯¥ê¥ß¥óÅÀ´ã±Õ£°¡¥£°£µ¡ó¡¡£µ£í£Ì,000000105.70,ÉÓ,00000,,,,,³°ÍÑ,,,1313700Q3034
01,620005309,20140401,99999999,¥ê¥¶¥Ù¥óÅÀ´ã±Õ£°¡¥£µ¡ó¡¡£²£µ£í£ç£µ£í£Ì,000000687.30,ÉÓ,00000,,,,,³°ÍÑ,,,1319736Q1076
01,620005311,20140401,99999999,¥ê¥Ü¥¹¥Á¥óÅÀÉ¡±Õ£°¡¥£°£²£µ£í£ç£±£±£²Ê®Ì¸ÍÑ¡¡£°¡¥£°£²£µ¡ó£±£µ£í£Ì,000000920.90,ÉÓ,00000,,,,,³°ÍÑ,,,1329708Q1038
01,620005312,20140401,99999999,¥ì¥¹¥­¥å¥éÅÀ´ã±Õ£°¡¥£±£²¡ó,000000369.90,£í£Ì,00000,,,,,³°ÍÑ,,,1319732Q1035
01,620005833,20140401,99999999,¥È¥é¥Ð¥¿¥ó¥ºÅÀ´ã±Õ£°¡¥£°£°£´¡ó,000001007.60,£í£Ì,00000,,,,,³°ÍÑ,,,1319754Q1023
01,620006372,20140401,99999999,¥¢¥ë¥®¥Î¥óÅÀ´ã±Õ£²¡ó¡¡£±£°£°£í£ç£µ£í£Ì,000000268.90,ÉÓ,00000,,,,,³°ÍÑ,,,1319717Q1219
01,620006373,20140401,99999999,¥¢¥ì¥®¥µ¡¼¥ëÅÀ´ã±Õ£°¡¥£±¡ó¡¡£µ£í£ç£µ£í£Ì,000000787.40,ÉÓ,00000,,,,,³°ÍÑ,,,1319735Q1071
01,620006407,20120401,99999999,¥«¥ê¡¼¥æ¥ËÅÀ´ã±Õ£°¡¥£°£°£µ¡ó¡¡£µ£í£Ì,000000063.70,ÉÓ,00000,,,,,³°ÍÑ,,,1319706Q3035
01,620006416,20140401,99999999,¥±¥¿¥¹ÅÀ´ã±Õ£°¡¥£°£±¡ó¡¡£°¡¥£µ£í£ç£µ£í£Ì,000000977.30,ÉÓ,00000,,,,,³°ÍÑ,,,1319741Q1050
01,620006425,20140401,99999999,¥¶¥¸¥Æ¥óÅÀ´ã±Õ£°¡¥£°£µ¡ó¡¡£³¡¥£´£µ£í£ç£µ£í£Ì,000000720.20,ÉÓ,00000,,,,,³°ÍÑ,,,1319730Q1249
01,620006457,20140401,99999999,¥È¥Ö¥é¥·¥óÅÀ´ã±Õ£°¡¥£³¡ó¡¡£³£í£ç,000000042.60,£í£Ì,00000,,,,,³°ÍÑ,,,1317708Q1037
01,620006464,20140401,99999999,¥Ê¥¤¥¹¥Ô¡¼ÅÀÉ¡±Õ£µ£°¦Ì£ç¡¡£¸¡¥£µ£í£ç£¸¡¥£µ£ç,000000551.50,ÉÓ,00000,,,,,³°ÍÑ,,,1329702R3110
01,620006466,20140401,99999999,¥Ë¥Õ¥é¥óÅÀ´ã±Õ£°¡¥£±¡ó,000000047.10,£í£Ì,00000,,,,,³°ÍÑ,,,1319724Q1120
01,620006472,20140401,99999999,¥Î¥¹¥é¥óÅÀ´ã±Õ£²¡ó¡¡£±£°£°£í£ç£µ£í£Ì,000000408.80,ÉÓ,00000,,,,,³°ÍÑ,,,1319717Q1251
01,620006475,20140401,99999999,¥Ï¥ª¥×¥éÅÀ´ã±Õ£°¡¥£±¡ó,000000029.30,£í£Ì,00000,,,,,³°ÍÑ,,,1319724Q1138
01,620006476,20140401,99999999,¥Ð¥¯¥·¥À¡¼¥ëÅÀ´ã±Õ£°¡¥£³¡ó,000000114.00,£í£Ì,00000,,,,,³°ÍÑ,,,1319727Q1174
01,620006480,20140401,99999999,¥Ï¥Ã¥×¥¹¥¿¡¼£É£Ä£·£°£í£ç¡¡£±£°£ã£í¡ß£±£´£ã£í,000000012.30,Ëç,00000,,,,,³°ÍÑ,,,2649719S1207
01,620006488,20140401,99999999,¥Ò¥¢¥í¥ó¥µ¥óÅÀ´ã±Õ£°¡¥£±¡ó¡¡£µ£í£Ì,000000307.00,ÉÓ,00000,,,,,³°ÍÑ,,,1319720Q3094
01,620006489,20140401,99999999,£Ð£Á¡¦¥è¡¼¥ÉÅÀ´ã¡¦Àö´ã±Õ¡¡£°¡¥£²¡ó,000000022.10,£í£Ì,00000,,,,,³°ÍÑ,,,1319715Q1031
01,620006517,20140401,99999999,¥Ù¥¹¥È¥í¥óÅÀ´ãÍÑ£°¡¥£µ¡ó¡¡£µ£í£ç¡ÊÍÏ²ò¸å¤Î±Õ¤È¤·¤Æ¡Ë,000000056.00,£í£Ì,00000,,,,,³°ÍÑ,,,1317713Q1038
01,620006521,20140401,99999999,¥Ù¥ë¥Ù¥¾¥í¥ó£ÆÅÀ´ã¡¦ÅÀÉ¡±Õ,000000038.70,£í£Ì,00000,,,,,³°ÍÑ,,,1319813Q1057
01,620006546,20140401,99999999,¥ê¥ó¥Ç¥í¥óÅÀ´ã¡¦ÅÀ¼ª¡¦ÅÀÉ¡±Õ£°¡¥£±¡ó,000000072.60,£í£Ì,00000,,,,,³°ÍÑ,,,1315706Q2102
01,620006548,20140401,99999999,¥í¥á¥Õ¥í¥óÅÀ´ã±Õ£°¡¥£³¡ó,000000123.70,£í£Ì,00000,,,,,³°ÍÑ,,,1319734Q1042
01,620006790,20140401,99999999,¥¿¥ê¥à¥¹ÅÀ´ã±Õ£°¡¥£±¡ó¡¡£µ£í£Ì,000009651.30,ÉÓ,00000,,,,,³°ÍÑ,,,1319755Q1028
01,620007573,20140401,99999999,¥¢¥Õ¥¿¥·¡¼¥ë£²£µ¦Ì£ç,000000041.50,Ëç,00000,,,,,³°ÍÑ,,,2399707D2045
01,620007600,20140401,99999999,¥¤¥ó¥Æ¥Ð¥ó¥¯¥ê¡¼¥à£±¡ó,000000007.40,£ç,00000,,,,,³°ÍÑ,,,2649719N1106
01,620007709,20140401,99999999,¥Ê¥Ñ¥²¥ë¥ó¥í¡¼¥·¥ç¥ó£³¡ó,000000008.60,£í£Ì,00000,,,,,³°ÍÑ,,,2649731Q1065
01,620007730,20120401,99999999,¥Ñ¥Ë¥Þ¥¤¥·¥óÅÀ´ã±Õ£°¡¥£³¡ó¡¡£³£í£ç,000000041.00,£í£Ì,00000,,,,,³°ÍÑ,,,1317710Q1034
01,620007742,20140401,99999999,¥Ô¥Ð¥ì¥Õ¥ê¥óÅÀ´ã±Õ£°¡¥£°£´¡ó,000000172.10,£í£Ì,00000,,,,,³°ÍÑ,,,1311707Q1071
01,620007743,20140401,99999999,¥Ô¥Ð¥ì¥Õ¥ê¥óÅÀ´ã±Õ£°¡¥£±¡ó,000000255.70,£í£Ì,00000,,,,,³°ÍÑ,,,1311707Q2078
01,620007758,20140401,99999999,¥Õ¥é¥Ó¥¿¥ó´ãÆð¹Ñ£°¡¥£±¡ó,000000030.30,£ç,00000,,,,,³°ÍÑ,,,1319714M1060
01,620007763,20140401,99999999,¥Õ¥ë¥á¥È¥í¥óÅÀ´ã±Õ£°¡¥£°£²¡ó,000000042.20,£í£Ì,00000,,,,,³°ÍÑ,,,1315704Q1115
01,620007764,20140401,99999999,¥Õ¥ë¥á¥È¥í¥óÅÀ´ã±Õ£°¡¥£±¡ó,000000067.40,£í£Ì,00000,,,,,³°ÍÑ,,,1315704Q3126
01,620007773,20140401,99999999,¥×¥í¥é¥Î¥óÅÀ´ã±Õ£°¡¥£±¡ó,000000029.30,£í£Ì,00000,,,,,³°ÍÑ,,,1319724Q1154
01,620007780,20140401,99999999,¥Ü¥¢¥é¥¯¥ê¡¼¥à£°¡¥£±£²¡ó,000000023.60,£ç,00000,,,,,³°ÍÑ,,,2646724N1040
01,620007788,20140401,99999999,¥Ü¥ë¥¿¥ì¥ó¥Æ¡¼¥×£±£µ£í£ç¡¡£·£ã£í¡ß£±£°£ã£í,000000018.50,Ëç,00000,,,,,³°ÍÑ,,,2649734S1074
01,620007804,20140401,99999999,¥â¡¼¥é¥¹¥Æ¡¼¥×£Ì£´£°£í£ç¡¡£±£°£ã£í¡ß£±£´£ã£í,000000043.70,Ëç,00000,,,,,³°ÍÑ,,,2649729S3084
01,620007805,20140401,99999999,¥â¡¼¥é¥¹¥Æ¡¼¥×£²£°£í£ç¡¡£·£ã£í¡ß£±£°£ã£í,000000028.40,Ëç,00000,,,,,³°ÍÑ,,,2649729S2169
01,620007812,20140401,99999999,¥í¥­¥½¥Ë¥ó¥Æ¡¼¥×£µ£°£í£ç¡¡£·£ã£í¡ß£±£°£ã£í,000000027.00,Ëç,00000,,,,,³°ÍÑ,,,2649735S2024
01,620007813,20140401,99999999,¥í¥­¥½¥Ë¥ó¥Æ¡¼¥×£±£°£°£í£ç¡¡£±£°£ã£í¡ß£±£´£ã£í,000000041.50,Ëç,00000,,,,,³°ÍÑ,,,2649735S3020
01,620008268,20140401,99999999,¥Ö¥í¥Ê¥Ã¥¯ÅÀ´ã±Õ£°¡¥£±¡ó,000000110.90,£í£Ì,00000,,,,,³°ÍÑ,,,1319743Q1033
01,620008450,20140401,99999999,¥Ê¥¾¥Í¥Ã¥¯¥¹ÅÀÉ¡±Õ£µ£°¦Ì£ç£µ£¶Ê®Ì¸ÍÑ¡¡£µ£í£ç£±£°£ç,000001928.20,ÉÓ,00000,,,,,³°ÍÑ,,,1329710Q1027
01,620008568,20140401,99999999,¥¿¥×¥í¥¹ÅÀ´ã±Õ£°¡¥£°£°£±£µ¡ó,000000985.20,£í£Ì,00000,,,,,³°ÍÑ,,,1319756Q1022
01,620008961,20140401,99999999,¥¢¥é¥»¥Ê¡Ý£ÁÆð¹Ñ£³¡ó,000000325.40,£ç,00000,,,,,³°ÍÑ,,,6250700M1189
01,620008965,20140401,99999999,¥¢¥ó¥Æ¥Ù¡¼¥ÈÆð¹Ñ£°¡¥£°£µ¡ó,000000031.90,£ç,00000,,,,,³°ÍÑ,,,2646730M1059
01,620008969,20120401,99999999,¥¤¥½¥¸¥ó¥¬¡¼¥°¥ë±Õ£·¡ó,000000003.30,£í£Ì,00000,,,,,³°ÍÑ,,,2260701F1271
01,620008980,20140401,99999999,¥ª¥É¥á¡¼¥ëÅÀ´ã±Õ£°¡¥£°£²¡ó,000000017.60,£í£Ì,00000,,,,,³°ÍÑ,,,1315704Q1123
01,620008981,20140401,99999999,¥ª¥É¥á¡¼¥ëÅÀ´ã±Õ£°¡¥£°£µ¡ó,000000021.20,£í£Ì,00000,,,,,³°ÍÑ,,,1315704Q2057
01,620008982,20140401,99999999,¥ª¥É¥á¡¼¥ëÅÀ´ã±Õ£°¡¥£±¡ó,000000024.10,£í£Ì,00000,,,,,³°ÍÑ,,,1315704Q3134
01,620008984,20140401,99999999,¥¬¥Á¥Õ¥íÅÀ´ã±Õ£°¡¥£³¡ó,000000129.00,£í£Ì,00000,,,,,³°ÍÑ,,,1319749Q1030
01,620008993,20140401,99999999,¥²¥ó¥¿¥·¥óÆð¹Ñ£°¡¥£±¡ó¡¡£±£í£ç,000000013.20,£ç,00000,,,,,³°ÍÑ,,,2634710M1077
01,620009022,20140401,99999999,¥Æ¥£¥¢¥Ð¥é¥ó¥¹ÅÀ´ã±Õ£°¡¥£±¡ó¡¡£µ£í£Ì,000000307.00,ÉÓ,00000,,,,,³°ÍÑ,,,1319720Q3108
01,620009024,20140401,99999999,¥Ç¥­¥µ¥ë¥Á¥ó¸ý¹ÐÍÑÆð¹Ñ£±£í£ç¡¿£ç¡¡£°¡¥£±¡ó,000000059.80,£ç,00000,,,,,³°ÍÑ,,,2399706M1109
01,620009046,20140401,99999999,¥Ò¥ë¥É¥¤¥É¥¯¥ê¡¼¥à£°¡¥£³¡ó,000000025.30,£ç,00000,,,,,³°ÍÑ,,,3339950N1035
01,620009047,20140401,99999999,¥Ò¥ë¥É¥¤¥É¥²¥ë£°¡¥£³¡ó,000000014.30,£ç,00000,,,,,³°ÍÑ,,,2649950M1143
01,620009048,20140401,99999999,¥Ò¥ë¥É¥¤¥É¥½¥Õ¥ÈÆð¹Ñ£°¡¥£³¡ó,000000025.30,£ç,00000,,,,,³°ÍÑ,,,3339950M1137
01,620009049,20140401,99999999,¥Ò¥ë¥É¥¤¥É¥í¡¼¥·¥ç¥ó£°¡¥£³¡ó,000000025.30,£ç,00000,,,,,³°ÍÑ,,,3339950Q1074
01,620009205,20140401,99999999,¥¤¥ó¥¿¡¼¥ëÅÀ´ã±Õ£²¡ó¡¡£±£°£°£í£ç£µ£í£Ì,000000704.50,ÉÓ,00000,,,,,³°ÍÑ,,,1319717Q1308
01,620009206,20140401,99999999,¥¤¥ó¥¿¡¼¥ëÅÀÉ¡±Õ£²¡ó¡¡£±£¹£°£í£ç£¹¡¥£µ£í£Ì,000000837.20,ÉÓ,00000,,,,,³°ÍÑ,,,1329700Q1210
01,620198201,20140401,99999999,¥µ¥ó¥Ô¥íÅÀ´ã±Õ£°¡¥£µ¡ó¡¡£µ£í£Ì,000000119.50,ÉÓ,00000,,,,,³°ÍÑ,,,1312701Q1063
01,620198601,20140401,99999999,¥µ¥ó¥Ô¥íÅÀ´ã±Õ£±¡ó¡¡£µ£í£Ì,000000132.10,ÉÓ,00000,,,,,³°ÍÑ,,,1312701Q2086
01,620199001,20140401,99999999,¥µ¥ó¥Ô¥íÅÀ´ã±Õ£²¡ó¡¡£µ£í£Ì,000000158.00,ÉÓ,00000,,,,,³°ÍÑ,,,1312701Q3082
01,620199601,20140401,99999999,¥µ¥ó¥Ô¥íÅÀ´ã±Õ£´¡ó¡¡£µ£í£Ì,000000176.10,ÉÓ,00000,,,,,³°ÍÑ,,,1312701Q5050
01,620207301,20140401,99999999,¥Ô¥Þ¥ê¥·¥ó´ãÆð¹Ñ£±¡ó¡Ö¥»¥ó¥¸¥å¡×¡¡£±£°£í£ç,000000610.60,£ç,00000,,,,,³°ÍÑ,,,1317712M1031
01,620207401,20140401,99999999,¥Ô¥Þ¥ê¥·¥óÅÀ´ã±Õ£µ¡ó¡Ö¥»¥ó¥¸¥å¡×¡¡£µ£°£í£ç,000000634.00,£í£Ì,00000,,,,,³°ÍÑ,,,1317712Q1033
01,620216501,20140401,99999999,¥¤¥ó¥¿¡¼¥ëÅÀ´ã±Õ£Õ£Ä£²¡ó¡¡£·£í£ç£°¡¥£³£µ£í£Ì,000000028.20,¸Ä,00000,,,,,³°ÍÑ,,,1319717Q2037
01,620224801,20140401,99999999,¥­¥µ¥é¥¿¥óÅÀ´ã±Õ£°¡¥£°£°£µ¡ó,000000739.50,£í£Ì,00000,,,,,³°ÍÑ,,,1319739Q1037
01,620230001,20140401,99999999,¥ê¥Î¥³¡¼¥È¥«¥×¥»¥ëÉ¡ÍÑ£µ£°¦Ì£ç,000000038.50,¥«¥×¥»¥ë,00000,,,,,³°ÍÑ,,,1329702A1040
01,620231501,20140401,99999999,¥¶¥¸¥Æ¥óÅÀÉ¡±Õ£°¡¥£°£µ¡ó¡¡£¶¡¥£°£´£¸£í£ç£¸£í£Ì,000000781.10,ÉÓ,00000,,,,,³°ÍÑ,,,1329705Q1298
01,620510801,20140401,99999999,¥µ¥ê¥Ù¡¼¥È¥¨¥¢¥¾¡¼¥ë¡¡£µ£°£ç,000000641.20,¸Ä,00000,,,,,³°ÍÑ,,,2399801E1037
01,620618001,20140401,99999999,¥×¥í¥Ñ¥Ç¥ë¥àÆð¹Ñ£°¡¥£°£²£µ¡ó,000000016.70,£ç,00000,,,,,³°ÍÑ,,,2646714M1181
01,620620901,20140401,99999999,¥ê¥É¥á¥Ã¥¯¥¹¥³¡¼¥ïÆð¹Ñ£°¡¥£³¡ó,000000023.00,£ç,00000,,,,,³°ÍÑ,,,2646720M1080
01,620625001,20140401,99999999,¥¶¥ë¥Ã¥¯¥¹Æð¹Ñ£°¡¥£±£²¡ó,000000026.40,£ç,00000,,,,,³°ÍÑ,,,2646724M1053
01,620625401,20140401,99999999,¥Þ¥¤¥¶¡¼Æð¹Ñ£°¡¥£°£µ¡ó,000000022.50,£ç,00000,,,,,³°ÍÑ,,,2646725M1201
01,620626201,20140401,99999999,¥Þ¥¤¥¶¡¼¥¯¥ê¡¼¥à£°¡¥£°£µ¡ó,000000022.50,£ç,00000,,,,,³°ÍÑ,,,2646725N1150
01,620647401,20140401,99999999,¥¹¥ë¥×¥í¥Á¥óÆð¹Ñ£±¡ó,000000021.30,£ç,00000,,,,,³°ÍÑ,,,2649733M1097
01,620814001,20140401,99999999,¥Ó¡¼¥½¥Õ¥Æ¥ó¥í¡¼¥·¥ç¥ó£°¡¥£³¡ó,000000010.10,£ç,00000,,,,,³°ÍÑ,,,3339950Q1082
01,621415301,20140401,99999999,¥ä¥¯¥Ð¥ó¥Æ¡¼¥×£²£°£í£ç¡¡£·£ã£í¡ß£±£°£ã£í,000000012.80,Ëç,00000,,,,,³°ÍÑ,,,2649732S3051
01,621564801,20140401,99999999,¥ê¥ó¥Ù¥¿£Ð£Æ´ã¼ªÉ¡²ÊÍÑ±Õ£°¡¥£±¡ó,000000024.70,£í£Ì,00000,,,,,³°ÍÑ,,,1315706Q2110
01,621911701,20140401,99999999,¥¢¥é¥ß¥¹¥ÈÅÀÉ¡±Õ£²£·¡¥£µ¦Ì£ç£µ£¶Ê®Ì¸ÍÑ¡¡£³£í£ç£¶£ç,000002039.90,¥­¥Ã¥È,00000,,,,,³°ÍÑ,,,1329711Q1021
01,621933101,20140401,99999999,¥ë¥ß¥¬¥óÅÀ´ã±Õ£°¡¥£°£³¡ó,000000959.70,£í£Ì,00000,,,,,³°ÍÑ,,,1319757Q1027
01,621933201,20140401,99999999,¥Ê¥¾¥Í¥Ã¥¯¥¹ÅÀÉ¡±Õ£µ£°¦Ì£ç£±£±£²Ê®Ì¸ÍÑ¡¡£¹£í£ç£±£¸£ç,000003856.40,ÉÓ,00000,,,,,³°ÍÑ,,,1329710Q2023
01,621972901,20140401,99999999,¥é¥¿¥Î¥×¥í¥¹¥ÈÅÀ´ã±Õ£°¡¥£°£°£µ¡ó¡Ö¥­¥Ã¥»¥¤¡×,000000482.90,£í£Ì,00000,,,,,³°ÍÑ,,,1319739Q1126
01,621974201,20140401,99999999,¥¶¥é¥«¥àÇÛ¹çÅÀ´ã±Õ,000001211.50,£í£Ì,00000,,,,,³°ÍÑ,,,1319817Q1020
01,621974301,20140401,99999999,¥é¥¿¥Î¥×¥í¥¹¥ÈÅÀ´ã±Õ£°¡¥£°£°£µ¡ó¡Ö¤ï¤«¤â¤È¡×,000000482.90,£í£Ì,00000,,,,,³°ÍÑ,,,1319739Q1240
01,621984601,20140401,99999999,¥é¥¿¥Î¥×¥í¥¹¥ÈÅÀ´ã±Õ£°¡¥£°£°£µ¡ó¡Ö¥»¥ó¥¸¥å¡×,000000482.90,£í£Ì,00000,,,,,³°ÍÑ,,,1319739Q1177
01,621984801,20140401,99999999,¥³¥½¥×¥ÈÇÛ¹çÅÀ´ã±Õ,000000632.50,£í£Ì,00000,,,,,³°ÍÑ,,,1319819Q1020
01,621985001,20140401,99999999,¥Ç¥å¥ª¥È¥é¥ÐÇÛ¹çÅÀ´ã±Õ,000001275.20,£í£Ì,00000,,,,,³°ÍÑ,,,1319820Q1022
01,621985701,20140401,99999999,¥¸¥¯¥¢¥¹ÅÀ´ã±Õ£³¡ó¡¡£µ£í£Ì,000000641.20,ÉÓ,00000,,,,,³°ÍÑ,,,1319758Q1021
01,621989001,20140401,99999999,¥é¥¿¥Î¥×¥í¥¹¥ÈÅÀ´ã±Õ£°¡¥£°£°£µ¡ó¡Ö»°ÏÂ¡×,000000312.00,£í£Ì,00000,,,,,³°ÍÑ,,,1319739Q1169
01,621999201,20140401,99999999,¥Ò¥¢¥ì¥¤¥óÅÀ´ã±Õ£°¡¥£³¡ó¡¡£µ£í£Ì,000000617.90,ÉÓ,00000,,,,,³°ÍÑ,,,1319720Y2020
01,622017801,20140401,99999999,¥é¥¿¥Î¥×¥í¥¹¥ÈÅÀ´ã±Õ£°¡¥£°£°£µ¡ó¡Ö£Î£Ð¡×,000000482.90,£í£Ì,00000,,,,,³°ÍÑ,,,1319739Q1266
01,622038501,20140401,99999999,¥Í¥Ð¥Ê¥Ã¥¯·üÂùÀ­ÅÀ´ã±Õ£°¡¥£±¡ó,000000191.30,£í£Ì,00000,,,,,³°ÍÑ,,,1319759Q1026
01,622061301,20140401,99999999,¥¯¥é¥Ó¥Ã¥ÈÅÀ´ã±Õ£±¡¥£µ¡ó,000000116.00,£í£Ì,00000,,,,,³°ÍÑ,,,1319742Q2027
01,622104901,20140401,99999999,¥à¥³¥¹¥¿ÅÀ´ã±Õ£Õ£Ä£²¡ó¡¡£°¡¥£³£µ£í£Ì,000000027.10,ËÜ,00000,,,,,³°ÍÑ,,,1319760Q1029
01,622150001,20140401,99999999,¥¢¥¤¥Õ¥¡¥¬¥óÅÀ´ã±Õ£°¡¥£±¡ó,000000450.70,£í£Ì,00000,,,,,³°ÍÑ,,,1319761Q1023
01,622278801,20140401,99999999,¥¢¥¾¥ë¥¬ÇÛ¹ç·üÂùÀ­ÅÀ´ã±Õ,000000450.70,£í£Ì,00000,,,,,³°ÍÑ,,,1319821Q1027
01,622279001,20140401,99999999,¥¢¥ì¥¸¥ª¥óÅÀ´ã±Õ£°¡¥£°£µ¡ó,000000382.70,£í£Ì,00000,,,,,³°ÍÑ,,,1319762Q1028
01,660432003,20140401,99999999,¥È¥ë¥½¥×¥ÈÅÀ´ã±Õ£±¡ó,000000297.10,£í£Ì,00000,,,,,³°ÍÑ,,,1319738Q2020
01,660432014,20140401,99999999,¥×¥í¥È¥Ô¥Ã¥¯Æð¹Ñ£°¡¥£±¡ó,000000125.40,£ç,00000,,,,,³°ÍÑ,,,2699709M1028
01,660432022,20140401,99999999,¥ê¥º¥â¥ó£Ô£ÇÅÀ´ã±Õ£°¡¥£µ¡ó,000000701.20,£í£Ì,00000,,,,,³°ÍÑ,,,1319702Q6028
01,660443013,20140401,99999999,¥ß¥í¥ëÅÀ´ã±Õ£°¡¥£µ¡ó,000000416.10,£í£Ì,00000,,,,,³°ÍÑ,,,1319744Q1020
01,660443014,20140401,99999999,¥¼¥Ú¥ê¥óÅÀ´ã±Õ£°¡¥£±¡ó¡¡£µ£í£ç£µ£í£Ì,000000920.70,ÉÓ,00000,,,,,³°ÍÑ,,,1319745Q1024
01,660443015,20140401,99999999,¥ê¥Ü¥¹¥Á¥óÅÀ´ã±Õ£°¡¥£°£²£µ¡ó,000000141.70,£í£Ì,00000,,,,,³°ÍÑ,,,1319746Q1029
01,660451004,20140401,99999999,¥Ç¥¿¥ó¥È¡¼¥ë£°¡¥£°£±¡óÅÀ´ã±Õ,000000315.30,£í£Ì,00000,,,,,³°ÍÑ,,,1319747Q1023
01,660453001,20140401,99999999,¥¢¥é¥»¥Ê¡Ý£Á¥¯¥ê¡¼¥à£³¡ó,000000325.40,£ç,00000,,,,,³°ÍÑ,,,6250700N1036
01,660453010,20140401,99999999,¥ª¥×¡¼¥ëÅÀ´ã±Õ£°¡¥£³¡ó,000000048.90,£í£Ì,00000,,,,,³°ÍÑ,,,1319722Q1058
01,660453012,20140401,99999999,¥ª¥Õ¥í¥­¥·¥óÅÀ´ã±Õ£°¡¥£³¡ó,000000065.70,£í£Ì,00000,,,,,³°ÍÑ,,,1319722Q1090
01,660453048,20140401,99999999,¥Þ¥í¥á¡¼¥ëÅÀ´ã±Õ£°¡¥£³¡ó,000000048.90,£í£Ì,00000,,,,,³°ÍÑ,,,1319722Q1147
01,660463002,20140401,99999999,¥¢¥º¥Î¡¼¥ë¤¦¤¬¤¤±Õ£´¡ó,000000046.80,£í£Ì,00000,,,,,³°ÍÑ,,,2260700F1021
01,660463005,20140401,99999999,¥¢¥ó¥Æ¥Ù¡¼¥È¥í¡¼¥·¥ç¥ó£°¡¥£°£µ¡ó,000000031.90,£ç,00000,,,,,³°ÍÑ,,,2646730Q1026
01,661140079,20140401,99999999,¥Ü¥ë¥¿¥ì¥ó¥µ¥Ý£±£²¡¥£µ£í£ç,000000044.30,¸Ä,00000,,,,,³°ÍÑ,,,1147700J1057
01,661140080,20140401,99999999,¥Ü¥ë¥¿¥ì¥ó¥µ¥Ý£²£µ£í£ç,000000051.40,¸Ä,00000,,,,,³°ÍÑ,,,1147700J2061
01,661140081,20140401,99999999,¥Ü¥ë¥¿¥ì¥ó¥µ¥Ý£µ£°£í£ç,000000063.10,¸Ä,00000,,,,,³°ÍÑ,,,1147700J3084
01,661310031,20140401,99999999,¥¨¥³¥ê¥·¥ó´ãÆð¹Ñ,000000045.80,£ç,00000,,,,,³°ÍÑ,,,1319800M1023
01,661310032,20140401,99999999,¥¨¥³¥ê¥·¥óÅÀ´ã±Õ,000000024.80,£í£Ì,00000,,,,,³°ÍÑ,,,1319801Q1020
01,661310066,20140401,99999999,¥µ¥¤¥×¥ì¥¸¥ó£±¡óÅÀ´ã±Õ,000000087.00,£í£Ì,00000,,,,,³°ÍÑ,,,1311701Q1031
01,661310073,20140401,99999999,¥µ¥ó¥Æ¥¾¡¼¥ó£°¡¥£°£µ¡ó´ãÆð¹Ñ,000000068.60,£ç,00000,,,,,³°ÍÑ,,,1315700M1026
01,661310074,20140401,99999999,¥µ¥ó¥Æ¥¾¡¼¥óÅÀ´ã±Õ¡Ê£°¡¥£±¡ó¡Ë,000000046.30,£í£Ì,00000,,,,,³°ÍÑ,,,1315701Q3033
01,661310098,20140401,99999999,¥Í¥ª¥·¥Í¥¸¥ó¥³¡¼¥ï£µ¡óÅÀ´ã±Õ,000000046.20,£í£Ì,00000,,,,,³°ÍÑ,,,1311702Q1036
01,661310099,20140401,99999999,¥Í¥ª¥á¥É¥í¡¼¥ë£Å£ÅÆð¹Ñ,000000052.70,£ç,00000,,,,,³°ÍÑ,,,1319807M1025
01,661310130,20140401,99999999,¥×¥ì¥É¥Ë¥ó´ãÆð¹Ñ¡¡£°¡¥£²£µ¡ó,000000051.80,£ç,00000,,,,,³°ÍÑ,,,1315705M1037
01,661310146,20140401,99999999,¥ê¥ó¥Ç¥í¥óÅÀ´ã±Õ£°¡¥£°£±¡ó,000000045.80,£í£Ì,00000,,,,,³°ÍÑ,,,1315706Q1025
01,661310157,20140401,99999999,´ã¡¦¼ª²ÊÍÑ¥ê¥ó¥Ç¥í¥ó£ÁÆð¹Ñ,000000069.60,£ç,00000,,,,,³°ÍÑ,,,1319812M1026
01,661310208,20140401,99999999,¥ß¥±¥é¥óÅÀ´ã±Õ£±¡ó,000000201.80,£í£Ì,00000,,,,,³°ÍÑ,,,1319701Q1021
01,661310209,20140401,99999999,¥ß¥±¥é¥óÅÀ´ã±Õ£²¡ó,000000277.70,£í£Ì,00000,,,,,³°ÍÑ,,,1319701Q2028
01,661310249,20140401,99999999,¥ê¥º¥â¥óÅÀ´ã±Õ£°¡¥£µ¡ó,000000112.10,£í£Ì,00000,,,,,³°ÍÑ,,,1319702Q2057
01,661310277,20140401,99999999,ÆüÅÀ¥¢¥È¥í¥Ô¥óÅÀ´ã±Õ£±¡ó¡¡£µ£í£Ì,000000145.50,ÉÓ,00000,,,,,³°ÍÑ,,,1311706Q2022
01,662610032,20140401,99999999,¥¨¥¿¥Î¡¼¥ë,000000001.69,£í£Ì,00000,,¿À·ÐÇË²õ,,,³°ÍÑ,,,2615702X1014
01,662630023,20140401,99999999,¥Æ¥é¥Þ¥¤¥·¥óÆð¹Ñ¡Ê¥Ý¥ê¥ß¥­¥·¥ó£Â´ÞÍ­¡Ë,000000011.30,£ç,00000,,,,,³°ÍÑ,,,2639804M1025
01,662640416,20140401,99999999,¥ê¥ó¥Ç¥í¥ó¡Ý£Ö£Ç¥¯¥ê¡¼¥à£°¡¥£±£²¡ó,000000029.20,£ç,00000,,,,,³°ÍÑ,,,2647709N1060
01,662640417,20140401,99999999,¥ê¥ó¥Ç¥í¥ó¡Ý£Ö£Ç¥í¡¼¥·¥ç¥ó,000000029.20,£í£Ì,00000,,,,,³°ÍÑ,,,2647709Q1040
01,662640418,20140401,99999999,¥ê¥ó¥Ç¥í¥ó¡Ý£Ö£ÇÆð¹Ñ£°¡¥£±£²¡ó,000000029.20,£ç,00000,,,,,³°ÍÑ,,,2647709M1102
01,662640421,20140401,99999999,¥ê¥ó¥Ç¥í¥ó¡Ý£Ö¥í¡¼¥·¥ç¥ó¡¡£°¡¥£±£²¡ó,000000029.10,£í£Ì,00000,,,,,³°ÍÑ,,,2646701Q1038
01,662650002,20140401,99999999,£µ¡ó¥µ¥ê¥Á¥ë»À¥ï¥»¥ê¥óÆð¹ÑÅìË­,000000002.58,£ç,00000,,,,,³°ÍÑ,,,2652701M1025
01,667120036,20140401,99999999,¥×¥í¥Ú¥È,000000001.63,£ç,00000,,,,,³°ÍÑ,,,7121703X1330
01,620000328,20140401,99999999,¥Þ¥¤¥È¥Þ¥¤¥·¥óÃíÍÑ£²£í£ç,000000459.00,ÉÓ,00000,,,,,Ãí¼Í,,,4231400D1031
01,620002559,20140401,99999999,¥¢¥É¥ÊÃí¡ÊÀÅÌ®ÍÑ¡Ë£µ£°£í£ç¡¡£°¡¥£µ¡ó£±£°£í£Ì,000000062.00,´É,00010,,,,,Ãí¼Í,,,3321401A3142
01,620002593,20120401,99999999,¥Í¥ª¥·¥Í¥¸¥ó¥³¡¼¥ïÃí£±£í£ç¡¡£°¡¥£±¡ó£±£í£Ì,000000059.00,´É,00001,,,,,Ãí¼Í,,,2160400A1032
01,620003193,20140401,99999999,¥¤¥»¥Ñ¥·¥óÃí¼Í±Õ£²£°£°¡¡£²£°£°£í£ç£²£í£Ì,000000561.00,´É,00002,,,,,Ãí¼Í,,,6123404A1086
01,620003726,20140401,99999999,¥¸¥Õ¥ë¥«¥óÀÅÃí±Õ£µ£°£í£ç¡¡£°¡¥£±¡ó£µ£°£í£Ì,000002393.00,ÉÓ,00050,,,,,Ãí¼Í,,,6290401A1099
01,620003739,20140401,99999999,¥»¥Õ¥¡¥á¥¸¥ó¦ÁÅÀÅ©ÍÑ¥­¥Ã¥È£±£ç¡¡¡ÊÀ¸Íý¿©±ö±Õ£±£°£°£í£ÌÉÕ¡Ë,000000698.00,¥­¥Ã¥È,00100,,,,,Ãí¼Í,,,6132401G3052
01,620003746,20140401,99999999,¥¾¥Ó¥é¥Ã¥¯¥¹ÅÀÅ©ÀÅÃíÍÑ£²£µ£°¡¡£²£µ£°£í£ç,000003993.00,ÉÓ,00000,,,,,Ãí¼Í,,,6250401F1155
01,620004660,20140401,99999999,¥±¥Ê¥³¥ë¥È¡Ý£Á¶ÚÃíÍÑ´ØÀá¹ÐÆâÍÑ¿å·üÃí£´£°£í£ç¡¿£±£í£Ì,000000857.00,ÉÓ,00001,,,,,Ãí¼Í,,,2454402A3033
01,620004661,20140401,99999999,¥±¥Ê¥³¥ë¥È¡Ý£ÁÈéÆâÍÑ´ØÀá¹ÐÆâÍÑ¿å·üÃí£µ£°£í£ç¡¿£µ£í£Ì¡¡£±£°£í£ç,000000218.00,£í£Ì£Ö,00005,,,,,Ãí¼Í,,,2454402A2037
01,620004694,20140401,99999999,¥À¥¤¥¢¥â¥Ã¥¯¥¹Ãí¼ÍÍÑ£µ£°£°£í£ç,000000651.00,ÉÓ,00000,,,,,Ãí¼Í,,,2134400D1039
01,620004717,20140401,99999999,¥Î¥¤¥í¥È¥í¥Ô¥óÃí¼Í±Õ£³¡¥£¶Ã±°Ì¡¡£³£í£Ì,000000167.00,´É,00003,,,,,Ãí¼Í,,,1149601A2062
01,620004730,20140401,99999999,¥Ï¥Ù¥«¥·¥óÃí¼Í±Õ£±£°£°£í£ç¡¡£²£í£Ì,000004543.00,´É,00002,,,,,Ãí¼Í,,,6119400A2073
01,620005210,20140401,99999999,¥Õ¥ë¥ª¥ì¥µ¥¤¥ÈÀÅÃí£µ£°£°£í£ç¡¡£±£°¡ó£µ£í£Ì,000001207.00,ÉÓ,00005,,,,,Ãí¼Í,,,7290402A2035
01,620006258,20140401,99999999,¥½¥ë¥é¥¯¥ÈÍ¢±Õ¡¡£²£µ£°£í£Ì,000000136.00,ÂÞ,00250,,,,,Ãí¼Í,,,3319534A8041
01,620006259,20120401,99999999,¥½¥ë¥é¥¯¥ÈÍ¢±Õ¡¡£µ£°£°£í£Ì,000000155.00,ÂÞ,00500,,,,,Ãí¼Í,,,3319534A4160
01,620007175,20140401,99999999,¥¢¥ß¥«¥ê¥Ã¥¯Í¢±Õ¡¡£²£°£°£í£Ì,000000416.00,ÂÞ,00200,,,,,Ãí¼Í,,,3259514A2038
01,620007335,20140401,99999999,¥½¥ë¡¦¥³¡¼¥Æ¥ÕÃí¼ÍÍÑ£±£°£°£í£ç¡¡¡ÊÍÏ²ò±ÕÉÕ¡Ë,000000336.00,ÉÓ,00000,,,,,Ãí¼Í,,,2452400D1084
01,620007343,20140401,99999999,¥½¥ë¥Ç¥à£³£ÁÍ¢±Õ¡¡£²£°£°£í£Ì,000000125.00,ÂÞ,00200,,,,,Ãí¼Í,,,3319510A5098
01,620007344,20140401,99999999,¥½¥ë¥Ç¥à£³£ÁÍ¢±Õ¡¡£µ£°£°£í£Ì,000000125.00,ÂÞ,00500,,,,,Ãí¼Í,,,3319510A4083
01,620007536,20140401,99999999,¥é¥ó¥¿¥¹Ãí¥½¥í¥¹¥¿¡¼¡¡£³£°£°Ã±°Ì,000002525.00,¥­¥Ã¥È,00000,,,,,Ãí¼Í,,,2492416G2024
01,620008384,20100401,99999999,¥Î¥ë¥¢¥É¥ê¥Ê¥ê¥óÃí£±£í£ç¡¡£°¡¥£±¡ó£±£í£Ì,000000092.00,´É,00001,,,,,Ãí¼Í,,,2451401A1018
01,620517902,20120401,99999999,¥Ü¥¹¥ß¥óÃí£±£í£ç¡¡£°¡¥£±¡ó£±£í£Ì,000000092.00,´É,00001,,,,,Ãí¼Í,,,2451400A1013
01,620525001,20140401,99999999,¥Ç¥«¥É¥í¥óÃí¼Í±Õ£±¡¥£¶£µ£í£ç¡¡£°¡¥£µ£í£Ì,000000107.00,´É,00000,,,,,Ãí¼Í,,,2454405H1024
01,620525301,20140401,99999999,¥Ç¥«¥É¥í¥óÃí¼Í±Õ£³¡¥£³£í£ç¡¡£±£í£Ì,000000188.00,´É,00001,,,,,Ãí¼Í,,,2454405H3027
01,621893501,20140401,99999999,¥Ü¥È¥Ã¥¯¥¹ÃíÍÑ£µ£°Ã±°Ì,000049231.00,ÉÓ,00000,ÆÇÌô,,,,Ãí¼Í,,,1229404D1020
01,640407077,20140401,99999999,Ãí¼ÍÍÑ¥Þ¥­¥·¥Ô¡¼¥à£±£ç,000000935.00,ÉÓ,00000,,,,,Ãí¼Í,,,6132425D2020
01,640412045,20140401,99999999,ÄãÊ¬»Ò¥Ç¥­¥¹¥È¥é¥ó£ÌÃí¡¡£²£µ£°£í£Ì,000000482.00,ÂÞ,00250,,,,,Ãí¼Í,,,3319536A4029
01,640454022,20140401,99999999,¥»¥ë¥·¥óÃí¼Í±Õ£±£°£í£ç,000000098.00,´É,00000,¸þÀº¿ÀÌô,,,,Ãí¼Í,,,1124402A2053
01,640454034,20140401,99999999,¥Ñ¥ë¥¯¥¹Ãí£µ¦Ì£ç¡¡£±£í£Ì,000002988.00,´É,00001,,,,,Ãí¼Í,,,2190406A1055
01,640454035,20140401,99999999,¥Ñ¥ë¥¯¥¹Ãí£±£°¦Ì£ç¡¡£²£í£Ì,000004877.00,´É,00002,,,,,Ãí¼Í,,,2190406A2051
01,640454044,20140401,99999999,¥ê¥×¥ëÃí£µ¦Ì£ç¡¡£±£í£Ì,000002877.00,´É,00001,,,,,Ãí¼Í,,,2190406A1063
01,640454045,20140401,99999999,¥ê¥×¥ëÃí£±£°¦Ì£ç¡¡£²£í£Ì,000004598.00,´É,00002,,,,,Ãí¼Í,,,2190406A2060
01,640463091,20140401,99999999,ÅÀÅ©ÀÅÃíÍÑ¥Ð¥ó¥³¥Þ¥¤¥·¥ó£°¡¥£µ¡Ö£Í£Å£Å£Ë¡×¡¡£°¡¥£µ£ç,000001132.00,ÉÓ,00000,,,,,Ãí¼Í,,,6113400A1030
01,640470011,20140401,99999999,¥í¥»¥Õ¥£¥óÅÀÅ©ÀÅÃíÍÑ£±£ç¥Ð¥Ã¥°¡¡¡ÊÀ¸Íý¿©±ö±Õ£±£°£°£í£ÌÉÕ¡Ë,000001217.00,¥­¥Ã¥È,00100,,,,,Ãí¼Í,,,6132419G1025
01,641210005,20140401,99999999,¥­¥·¥í¥«¥¤¥óÃí¼Í±Õ¡Ö£²¡ó¡×¥¨¥Ô¥ì¥Ê¥ß¥ó¡Ê£±¡§£¸£°¡¤£°£°£°¡Ë´ÞÍ­,000000016.50,£í£Ì£Ö,00000,,,,,Ãí¼Í,,,1214400A3025
01,641240040,20140401,99999999,¥¢¥È¥í¥Ô¥óÎ²»À±öÃí¼Í±Õ¡¡£°¡¥£°£µ¡ó£±£í£Ì,000000093.00,´É,00001,,,,,Ãí¼Í,,,1242405A1011
01,642220029,20100401,99999999,¥ñ¥Õ¥§¥É¥ê¥ó¡Ö¥Ê¥¬¥ð¡×Ãí¼Í±Õ£´£°£í£ç¡¡£´¡ó£±£í£Ì,000000092.00,´É,00001,,,,,Ãí¼Í,,,2221400A2010
01,643130224,20140401,99999999,¥á¥Á¥³¥Ð¡¼¥ëÃí¼Í±Õ£µ£°£°¦Ì£ç¡¡£°¡¥£µ£í£ç,000000116.00,´É,00000,,,,,Ãí¼Í,,,3136403A1140
01,643230038,20140401,99999999,¥Ö¥É¥¦ÅüÃí¼Í±Õ¡¡£µ¡ó£µ£°£°£í£Ì,000000174.00,ÉÓ,00500,,,,,Ãí¼Í,,,3231401A6010
01,643230298,20140401,99999999,ÂçÄÍÅü±Õ£²£°¡ó¡¡£²£°£í£Ì,000000066.00,´É,00020,,,,,Ãí¼Í,,,3231401H1033
01,643310181,20100401,99999999,À¸Íý¿©±ö±Õ¡¡£µ£í£Ì,000000061.00,´É,00005,,,,,Ãí¼Í,,,3311401A1011
01,643310182,20100401,99999999,À¸Íý¿©±ö±Õ¡¡£²£°£í£Ì,000000061.00,´É,00020,,,,,Ãí¼Í,,,3311401A2018
01,643310183,20140401,99999999,À¸Íý¿©±ö±Õ¡¡£±£°£°£í£Ì,000000113.00,ÉÓ,00100,,,,,Ãí¼Í,,,3311401A3014
01,643310184,20140401,99999999,À¸Íý¿©±ö±Õ¡¡£²£°£°£í£Ì,000000131.00,ÉÓ,00200,,,,,Ãí¼Í,,,3311401A4010
01,643310187,20140401,99999999,À¸Íý¿©±ö±Õ¡¡£µ£°£°£í£Ì,000000149.00,ÉÓ,00500,,,,,Ãí¼Í,,,3311401A7010
01,643310335,20120401,99999999,À¸Íý¿©±ö±Õ¡¡£µ£°£í£Ì,000000110.00,ÉÓ,00050,,,,,Ãí¼Í,,,3311401H2016
01,646120080,20140401,99999999,¥¤¥»¥Ñ¥·¥óÃí¼Í±Õ£´£°£°¡¡£´£°£°£í£ç£²£í£Ì,000001098.00,´É,00002,,,,,Ãí¼Í,,,6123404A2023
01,646130268,20140401,99999999,¥í¥»¥Õ¥£¥óÀÅÃíÍÑ£°¡¥£µ£ç¡¡£µ£°£°£í£ç,000000515.00,ÉÓ,00000,,,,,Ãí¼Í,,,6132419F1020
01,646130269,20140401,99999999,¥í¥»¥Õ¥£¥óÀÅÃíÍÑ£±£ç,000000788.00,ÉÓ,00000,,,,,Ãí¼Í,,,6132419F2026
01,646310016,20140401,99999999,¥Ó¡¼¥à¥²¥ó¡¡£°¡¥£µ£í£Ì,000002434.00,ÉÓ,00000,,,À¸ÊªÀ½ºÞ,,Ãí¼Í,,,6313402A2010
01,646320005,20140401,99999999,ÄÀ¹ßÇË½ýÉ÷¥È¥­¥½¥¤¥É¡ÖÀ¸¸¦¡×¡¡£°¡¥£µ£í£Ì,000000424.00,ÉÓ,00000,,,À¸ÊªÀ½ºÞ,,Ãí¼Í,,,6322400X2048
01,646390063,20140401,99999999,ÀºÀ½¥Ä¥Ù¥ë¥¯¥ê¥ó¡¡¡Ê°ìÈÌ¿ÇÃÇÍÑ¡¦£±¿ÍÍÑ¡Ë£°¡¥£²£µ¦Ì£ç¡ÊÍÏ²ò±ÕÉÕ¡Ë,000000817.00,ÉÓ,00000,,,,,Ãí¼Í,,,6393401X2010
