<collection xmlns="http://exist.sourceforge.net/NS/exist" name="/db/system/security/exist/accounts" owner="SYSTEM" group="dba" mode="770" created="2014-08-20T03:25:53+09:00" version="1">
    <acl entries="0" version="1"/>
    <resource type="XMLResource" name="admin.xml" owner="SYSTEM" group="dba" mode="770" created="2014-10-22T07:14:45+09:00" modified="2014-10-22T07:14:45+09:00" filename="admin.xml" mimetype="application/xml">
        <acl entries="0" version="1"/>
    </resource>
    <resource type="XMLResource" name="guest.xml" owner="SYSTEM" group="dba" mode="770" created="2014-08-20T03:25:53+09:00" modified="2014-08-20T03:25:53+09:00" filename="guest.xml" mimetype="application/xml">
        <acl entries="0" version="1"/>
    </resource>
    <subcollection name="removed" filename="removed"/>
</collection>