<collection xmlns="http://exist.sourceforge.net/NS/exist" name="/db/apps/eXide/modules" owner="admin" group="dba" mode="775" created="2014-08-20T03:28:17+09:00" version="1">
    <acl entries="0" version="1"/>
    <resource type="BinaryResource" name="util.xql" owner="admin" group="dba" mode="775" created="2014-08-20T03:28:17+09:00" modified="2014-08-20T03:28:17+09:00" filename="util.xql" mimetype="application/xquery">
        <acl entries="0" version="1"/>
    </resource>
    <resource type="BinaryResource" name="upload.xql" owner="admin" group="dba" mode="775" created="2014-08-20T03:28:17+09:00" modified="2014-08-20T03:28:17+09:00" filename="upload.xql" mimetype="application/xquery">
        <acl entries="0" version="1"/>
    </resource>
    <resource type="BinaryResource" name="validate-xml.xql" owner="admin" group="dba" mode="775" created="2014-08-20T03:28:17+09:00" modified="2014-08-20T03:28:17+09:00" filename="validate-xml.xql" mimetype="application/xquery">
        <acl entries="0" version="1"/>
    </resource>
    <resource type="BinaryResource" name="collections.xql" owner="admin" group="dba" mode="775" created="2014-08-20T03:28:17+09:00" modified="2014-08-20T03:28:17+09:00" filename="collections.xql" mimetype="application/xquery">
        <acl entries="0" version="1"/>
    </resource>
    <resource type="BinaryResource" name="view.xql" owner="admin" group="dba" mode="775" created="2014-08-20T03:28:17+09:00" modified="2014-08-20T03:28:17+09:00" filename="view.xql" mimetype="application/xquery">
        <acl entries="0" version="1"/>
    </resource>
    <resource type="BinaryResource" name="load.xql" owner="admin" group="dba" mode="775" created="2014-08-20T03:28:17+09:00" modified="2014-08-20T03:28:17+09:00" filename="load.xql" mimetype="application/xquery">
        <acl entries="0" version="1"/>
    </resource>
    <resource type="BinaryResource" name="docs.xql" owner="admin" group="dba" mode="775" created="2014-08-20T03:28:17+09:00" modified="2014-08-20T03:28:17+09:00" filename="docs.xql" mimetype="application/xquery">
        <acl entries="0" version="1"/>
    </resource>
    <resource type="BinaryResource" name="session.xql" owner="admin" group="dba" mode="775" created="2014-08-20T03:28:17+09:00" modified="2014-08-20T03:28:17+09:00" filename="session.xql" mimetype="application/xquery">
        <acl entries="0" version="1"/>
    </resource>
    <resource type="BinaryResource" name="synchronize.xql" owner="admin" group="dba" mode="775" created="2014-08-20T03:28:17+09:00" modified="2014-08-20T03:28:17+09:00" filename="synchronize.xql" mimetype="application/xquery">
        <acl entries="0" version="1"/>
    </resource>
    <resource type="BinaryResource" name="compile.xql" owner="admin" group="dba" mode="775" created="2014-08-20T03:28:17+09:00" modified="2014-08-20T03:28:17+09:00" filename="compile.xql" mimetype="application/xquery">
        <acl entries="0" version="1"/>
    </resource>
    <resource type="BinaryResource" name="documentation.xql" owner="admin" group="dba" mode="775" created="2014-08-20T03:28:17+09:00" modified="2014-08-20T03:28:17+09:00" filename="documentation.xql" mimetype="application/xquery">
        <acl entries="0" version="1"/>
    </resource>
    <resource type="BinaryResource" name="config.xqm" owner="admin" group="dba" mode="775" created="2014-08-20T03:28:17+09:00" modified="2014-08-20T03:28:17+09:00" filename="config.xqm" mimetype="application/xquery">
        <acl entries="0" version="1"/>
    </resource>
    <resource type="BinaryResource" name="error-handler.xql" owner="admin" group="dba" mode="775" created="2014-08-20T03:28:17+09:00" modified="2014-08-20T03:28:17+09:00" filename="error-handler.xql" mimetype="application/xquery">
        <acl entries="0" version="1"/>
    </resource>
    <resource type="BinaryResource" name="tmpl.xql" owner="admin" group="dba" mode="775" created="2014-08-20T03:28:17+09:00" modified="2014-08-20T03:28:17+09:00" filename="tmpl.xql" mimetype="application/xquery">
        <acl entries="0" version="1"/>
    </resource>
    <resource type="BinaryResource" name="deployment.xql" owner="admin" group="dba" mode="775" created="2014-08-20T03:28:17+09:00" modified="2014-08-20T03:28:17+09:00" filename="deployment.xql" mimetype="application/xquery">
        <acl entries="0" version="1"/>
    </resource>
    <resource type="BinaryResource" name="apply-config.xql" owner="admin" group="dba" mode="775" created="2014-08-20T03:28:17+09:00" modified="2014-08-20T03:28:17+09:00" filename="apply-config.xql" mimetype="application/xquery">
        <acl entries="0" version="1"/>
    </resource>
    <resource type="BinaryResource" name="run-test.xql" owner="admin" group="dba" mode="775" created="2014-08-20T03:28:17+09:00" modified="2014-08-20T03:28:17+09:00" filename="run-test.xql" mimetype="application/xquery">
        <acl entries="0" version="1"/>
    </resource>
    <resource type="BinaryResource" name="debuger.xql" owner="admin" group="dba" mode="775" created="2014-08-20T03:28:17+09:00" modified="2014-08-20T03:28:17+09:00" filename="debuger.xql" mimetype="application/xquery">
        <acl entries="0" version="1"/>
    </resource>
    <resource type="BinaryResource" name="dates.xqm" owner="admin" group="dba" mode="775" created="2014-08-20T03:28:17+09:00" modified="2014-08-20T03:28:17+09:00" filename="dates.xqm" mimetype="application/xquery">
        <acl entries="0" version="1"/>
    </resource>
    <resource type="BinaryResource" name="store.xql" owner="admin" group="dba" mode="775" created="2014-08-20T03:28:17+09:00" modified="2014-08-20T03:28:17+09:00" filename="store.xql" mimetype="application/xquery">
        <acl entries="0" version="1"/>
    </resource>
    <resource type="BinaryResource" name="outline.xql" owner="admin" group="dba" mode="775" created="2014-08-20T03:28:17+09:00" modified="2014-08-20T03:28:17+09:00" filename="outline.xql" mimetype="application/xquery">
        <acl entries="0" version="1"/>
    </resource>
    <resource type="BinaryResource" name="find.xql" owner="admin" group="dba" mode="775" created="2014-08-20T03:28:17+09:00" modified="2014-08-20T03:28:17+09:00" filename="find.xql" mimetype="application/xquery">
        <acl entries="0" version="1"/>
    </resource>
    <resource type="BinaryResource" name="pretty-print.xql" owner="admin" group="dba" mode="775" created="2014-08-20T03:28:17+09:00" modified="2014-08-20T03:28:17+09:00" filename="pretty-print.xql" mimetype="application/xquery">
        <acl entries="0" version="1"/>
    </resource>
    <resource type="BinaryResource" name="get-template.xql" owner="admin" group="dba" mode="775" created="2014-08-20T03:28:17+09:00" modified="2014-08-20T03:28:17+09:00" filename="get-template.xql" mimetype="application/xquery">
        <acl entries="0" version="1"/>
    </resource>
</collection>