<collection xmlns="http://exist.sourceforge.net/NS/exist" name="/db/apps/betterform" owner="admin" group="dba" mode="775" created="2014-08-20T03:28:04+09:00" version="1">
    <acl entries="0" version="1"/>
    <resource type="XMLResource" name="collection.xconf" owner="admin" group="dba" mode="775" created="2014-08-20T03:28:04+09:00" modified="2014-08-20T03:28:04+09:00" filename="collection.xconf" mimetype="application/xml">
        <acl entries="0" version="1"/>
    </resource>
    <resource type="XMLResource" name="repo.xml" owner="admin" group="dba" mode="775" created="2014-08-20T03:28:07+09:00" modified="2014-08-20T03:28:07+09:00" filename="repo.xml" mimetype="application/xml">
        <acl entries="0" version="1"/>
    </resource>
    <resource type="BinaryResource" name="icon.png" owner="admin" group="dba" mode="775" created="2014-08-20T03:28:04+09:00" modified="2014-08-20T03:28:04+09:00" filename="icon.png" mimetype="image/png">
        <acl entries="0" version="1"/>
    </resource>
    <resource type="BinaryResource" name="controller.xql" owner="admin" group="dba" mode="775" created="2014-08-20T03:28:04+09:00" modified="2014-08-20T03:28:04+09:00" filename="controller.xql" mimetype="application/xquery">
        <acl entries="0" version="1"/>
    </resource>
    <resource type="BinaryResource" name="pre-install.xql" owner="admin" group="dba" mode="775" created="2014-08-20T03:28:04+09:00" modified="2014-08-20T03:28:04+09:00" filename="pre-install.xql" mimetype="application/xquery">
        <acl entries="0" version="1"/>
    </resource>
    <resource type="XMLResource" name="error-page.html" owner="admin" group="dba" mode="775" created="2014-08-20T03:28:04+09:00" modified="2014-08-20T03:28:04+09:00" filename="error-page.html" mimetype="text/html">
        <acl entries="0" version="1"/>
    </resource>
    <resource type="XMLResource" name="expath-pkg.xml" owner="admin" group="dba" mode="775" created="2014-08-20T03:28:04+09:00" modified="2014-08-20T03:28:04+09:00" filename="expath-pkg.xml" mimetype="application/xml">
        <acl entries="0" version="1"/>
    </resource>
    <resource type="XMLResource" name="Status.xhtml" owner="admin" group="dba" mode="775" created="2014-08-20T03:28:04+09:00" modified="2014-08-20T03:28:04+09:00" filename="Status.xhtml" mimetype="application/xhtml+xml">
        <acl entries="0" version="1"/>
    </resource>
    <resource type="XMLResource" name="dashboard.html" owner="admin" group="dba" mode="775" created="2014-08-20T03:28:04+09:00" modified="2014-08-20T03:28:04+09:00" filename="dashboard.html" mimetype="text/html">
        <acl entries="0" version="1"/>
    </resource>
    <resource type="XMLResource" name="FeatureExplorer.xhtml" owner="admin" group="dba" mode="775" created="2014-08-20T03:28:04+09:00" modified="2014-08-20T03:28:04+09:00" filename="FeatureExplorer.xhtml" mimetype="application/xhtml+xml" namedoctype="html" publicid="-//W3C//DTD XHTML 1.0 Transitional//EN" systemid="http://www.w3.org/TR/xhtml1/DTD/xhtml1-transitional.dtd">
        <acl entries="0" version="1"/>
    </resource>
    <subcollection name="resources" filename="resources"/>
    <subcollection name="demo" filename="demo"/>
    <subcollection name="reference" filename="reference"/>
    <subcollection name="modules" filename="modules"/>
</collection>