<meta xmlns="http://exist-db.org/xquery/repo"><description>betterFORM Demo and Reference XForms</description><author>Tobi Krebs</author><author>Robert Netzschwitz</author><author>Jörn Turner</author><author>Lars Windauer</author><website>http://www.betterfrom.de</website><version>1.2</version><status>stable</status><license>BSD License</license><copyright>true</copyright><type>application</type><target>/db/betterform</target><prepare>pre-install.xql</prepare><finish/><permissions user="admin" password="" group="dba" mode="rwxrwxr-x"/><deployed>2014-08-20T03:28:07.051Z</deployed></meta>