<collection xmlns="http://exist.sourceforge.net/NS/exist" name="/db/apps/dashboard/resources/scripts" owner="admin" group="dba" mode="775" created="2014-08-20T03:28:07+09:00" version="1">
    <acl entries="0" version="1"/>
    <resource type="BinaryResource" name="dashboard-1.7.js" owner="admin" group="dba" mode="775" created="2014-08-20T03:28:07+09:00" modified="2014-08-20T03:28:07+09:00" filename="dashboard-1.7.js" mimetype="application/x-javascript">
        <acl entries="0" version="1"/>
    </resource>
    <resource type="BinaryResource" name="jquery.ui.widget.js" owner="admin" group="dba" mode="775" created="2014-08-20T03:28:07+09:00" modified="2014-08-20T03:28:07+09:00" filename="jquery.ui.widget.js" mimetype="application/x-javascript">
        <acl entries="0" version="1"/>
    </resource>
    <resource type="BinaryResource" name="jquery.fileupload.js" owner="admin" group="dba" mode="775" created="2014-08-20T03:28:07+09:00" modified="2014-08-20T03:28:07+09:00" filename="jquery.fileupload.js" mimetype="application/x-javascript">
        <acl entries="0" version="1"/>
    </resource>
</collection>