<collection xmlns="http://exist.sourceforge.net/NS/exist" name="/db/apps/shared-resources" owner="admin" group="dba" mode="775" created="2014-08-20T03:28:02+09:00" version="1">
    <acl entries="0" version="1"/>
    <resource type="XMLResource" name="expath-pkg.xml" owner="admin" group="dba" mode="775" created="2014-08-20T03:28:02+09:00" modified="2014-08-20T03:28:02+09:00" filename="expath-pkg.xml" mimetype="application/xml">
        <acl entries="0" version="1"/>
    </resource>
    <resource type="XMLResource" name="build.xml" owner="admin" group="dba" mode="775" created="2014-08-20T03:28:02+09:00" modified="2014-08-20T03:28:02+09:00" filename="build.xml" mimetype="application/xml">
        <acl entries="0" version="1"/>
    </resource>
    <resource type="BinaryResource" name="README.md" owner="admin" group="dba" mode="775" created="2014-08-20T03:28:02+09:00" modified="2014-08-20T03:28:02+09:00" filename="README.md" mimetype="application/octet-stream">
        <acl entries="0" version="1"/>
    </resource>
    <resource type="XMLResource" name="repo.xml" owner="admin" group="dba" mode="775" created="2014-08-20T03:28:04+09:00" modified="2014-08-20T03:28:04+09:00" filename="repo.xml" mimetype="application/xml">
        <acl entries="0" version="1"/>
    </resource>
    <subcollection name="resources" filename="resources"/>
    <subcollection name="content" filename="content"/>
</collection>