<package xmlns="http://expath.org/ns/pkg" name="http://exist-db.org/apps/shared" abbrev="shared" version="0.3.6" spec="1.0"><title>Shared Resources: jquery, dojo, ace ...</title>
    <!-- fixme! This test needs to change.  --><dependency processor="eXist-db" version="trunk &gt; rev 18070"/><xquery><namespace>http://exist-db.org/xquery/apps</namespace><file>apputil.xql</file></xquery><xquery><namespace>http://exist-db.org/xquery/templates</namespace><file>templates.xql</file></xquery><xquery><namespace>http://exist-db.org/apps/site-utils</namespace><file>siteutils.xql</file></xquery><xquery><namespace>http://exist-db.org/xquery/dbutil</namespace><file>dbutils.xql</file></xquery></package>