<repo:meta xmlns="http://exist-db.org/xquery/repo" xmlns:repo="http://exist-db.org/xquery/repo"><repo:description>Shared resources used by other apps</repo:description><repo:author>Wolfgang Meier</repo:author><repo:website/><repo:status>alpha</repo:status><repo:license>GNU-LGPL</repo:license><repo:copyright>true</repo:copyright><repo:type>library</repo:type><repo:target>shared-resources</repo:target><repo:prepare/><repo:finish/><repo:permissions user="admin" password="" group="dba" mode="0775"/><changelog><change version="0.3.5"><ul xmlns=""><li>Move site-wide CSS to shared-resources. Modularize design using less.</li><li>Added bootstrap</li><li>Bug fixes and minor improvements in templating</li><li>Updated ace</li></ul></change><change version="0.3.6"><ul xmlns=""><li>Small syntax error in templates.xql</li></ul></change></changelog><deployed>2014-08-20T03:28:04.081Z</deployed></repo:meta>