<collection xmlns="http://exist.sourceforge.net/NS/exist" name="/db/apps/demo/examples/basic" owner="admin" group="dba" mode="775" created="2014-08-20T03:28:12+09:00" version="1">
    <acl entries="0" version="1"/>
    <resource type="XMLResource" name="xslt.html" owner="admin" group="dba" mode="775" created="2014-08-20T03:28:12+09:00" modified="2014-08-20T03:28:12+09:00" filename="xslt.html" mimetype="text/html">
        <acl entries="0" version="1"/>
    </resource>
    <resource type="XMLResource" name="DemoValidation-Invalid.xml" owner="admin" group="dba" mode="775" created="2014-08-20T03:28:12+09:00" modified="2014-08-20T03:28:12+09:00" filename="DemoValidation-Invalid.xml" mimetype="application/xml">
        <acl entries="0" version="1"/>
    </resource>
    <resource type="XMLResource" name="DemoValidation-Valid.xml" owner="admin" group="dba" mode="775" created="2014-08-20T03:28:12+09:00" modified="2014-08-20T03:28:12+09:00" filename="DemoValidation-Valid.xml" mimetype="application/xml">
        <acl entries="0" version="1"/>
    </resource>
    <resource type="XMLResource" name="hello.html" owner="admin" group="dba" mode="775" created="2014-08-20T03:28:12+09:00" modified="2014-08-20T03:28:12+09:00" filename="hello.html" mimetype="text/html">
        <acl entries="0" version="1"/>
    </resource>
    <resource type="XMLResource" name="trycatch.html" owner="admin" group="dba" mode="775" created="2014-08-20T03:28:12+09:00" modified="2014-08-20T03:28:12+09:00" filename="trycatch.html" mimetype="text/html">
        <acl entries="0" version="1"/>
    </resource>
    <resource type="XMLResource" name="mondial.html" owner="admin" group="dba" mode="775" created="2014-08-20T03:28:12+09:00" modified="2014-08-20T03:28:12+09:00" filename="mondial.html" mimetype="text/html">
        <acl entries="0" version="1"/>
    </resource>
    <resource type="XMLResource" name="groupby.html" owner="admin" group="dba" mode="775" created="2014-08-20T03:28:12+09:00" modified="2014-08-20T03:28:12+09:00" filename="groupby.html" mimetype="text/html">
        <acl entries="0" version="1"/>
    </resource>
    <resource type="XMLResource" name="basics.html" owner="admin" group="dba" mode="775" created="2014-08-20T03:28:12+09:00" modified="2014-08-20T03:28:12+09:00" filename="basics.html" mimetype="text/html">
        <acl entries="0" version="1"/>
    </resource>
    <resource type="XMLResource" name="ConvertItems.xsl" owner="admin" group="dba" mode="775" created="2014-08-20T03:28:12+09:00" modified="2014-08-20T03:28:12+09:00" filename="ConvertItems.xsl" mimetype="application/xslt+xml">
        <acl entries="0" version="1"/>
    </resource>
    <resource type="XMLResource" name="fulltext.html" owner="admin" group="dba" mode="775" created="2014-08-20T03:28:12+09:00" modified="2014-08-20T03:28:12+09:00" filename="fulltext.html" mimetype="text/html">
        <acl entries="0" version="1"/>
    </resource>
    <resource type="XMLResource" name="htmlgenerate.html" owner="admin" group="dba" mode="775" created="2014-08-20T03:28:12+09:00" modified="2014-08-20T03:28:12+09:00" filename="htmlgenerate.html" mimetype="text/html">
        <acl entries="0" version="1"/>
    </resource>
    <resource type="XMLResource" name="Items.xml" owner="admin" group="dba" mode="775" created="2014-08-20T03:28:12+09:00" modified="2014-08-20T03:28:12+09:00" filename="Items.xml" mimetype="application/xml">
        <acl entries="0" version="1"/>
    </resource>
    <resource type="XMLResource" name="xquery3.html" owner="admin" group="dba" mode="775" created="2014-08-20T03:28:12+09:00" modified="2014-08-20T03:28:12+09:00" filename="xquery3.html" mimetype="text/html">
        <acl entries="0" version="1"/>
    </resource>
    <resource type="XMLResource" name="switch.html" owner="admin" group="dba" mode="775" created="2014-08-20T03:28:12+09:00" modified="2014-08-20T03:28:12+09:00" filename="switch.html" mimetype="text/html">
        <acl entries="0" version="1"/>
    </resource>
    <resource type="XMLResource" name="DemoValidation.xsd" owner="admin" group="dba" mode="775" created="2014-08-20T03:28:12+09:00" modified="2014-08-20T03:28:12+09:00" filename="DemoValidation.xsd" mimetype="application/xml">
        <acl entries="0" version="1"/>
    </resource>
    <resource type="XMLResource" name="functions.html" owner="admin" group="dba" mode="775" created="2014-08-20T03:28:12+09:00" modified="2014-08-20T03:28:12+09:00" filename="functions.html" mimetype="text/html">
        <acl entries="0" version="1"/>
    </resource>
    <resource type="XMLResource" name="xq3operators.html" owner="admin" group="dba" mode="775" created="2014-08-20T03:28:12+09:00" modified="2014-08-20T03:28:12+09:00" filename="xq3operators.html" mimetype="text/html">
        <acl entries="0" version="1"/>
    </resource>
    <resource type="XMLResource" name="validation.html" owner="admin" group="dba" mode="775" created="2014-08-20T03:28:12+09:00" modified="2014-08-20T03:28:12+09:00" filename="validation.html" mimetype="text/html">
        <acl entries="0" version="1"/>
    </resource>
    <resource type="XMLResource" name="hof.html" owner="admin" group="dba" mode="775" created="2014-08-20T03:28:12+09:00" modified="2014-08-20T03:28:12+09:00" filename="hof.html" mimetype="text/html">
        <acl entries="0" version="1"/>
    </resource>
</collection>