<collection xmlns="http://exist.sourceforge.net/NS/exist" name="/db/apps/shared-resources/resources/scripts" owner="admin" group="dba" mode="775" created="2014-08-20T03:28:03+09:00" version="1">
    <acl entries="0" version="1"/>
    <resource type="BinaryResource" name="bootstrap.min.js" owner="admin" group="dba" mode="775" created="2014-08-20T03:28:03+09:00" modified="2014-08-20T03:28:03+09:00" filename="bootstrap.min.js" mimetype="application/x-javascript">
        <acl entries="0" version="1"/>
    </resource>
    <resource type="BinaryResource" name="loadsource.js" owner="admin" group="dba" mode="775" created="2014-08-20T03:28:03+09:00" modified="2014-08-20T03:28:03+09:00" filename="loadsource.js" mimetype="application/x-javascript">
        <acl entries="0" version="1"/>
    </resource>
    <resource type="BinaryResource" name="highlight.js" owner="admin" group="dba" mode="775" created="2014-08-20T03:28:03+09:00" modified="2014-08-20T03:28:03+09:00" filename="highlight.js" mimetype="application/x-javascript">
        <acl entries="0" version="1"/>
    </resource>
    <subcollection name="jquery" filename="jquery"/>
    <subcollection name="ace" filename="ace"/>
</collection>