<collection xmlns="http://exist.sourceforge.net/NS/exist" name="/db/apps/shared-resources/resources/scripts/jquery" owner="admin" group="dba" mode="775" created="2014-11-27T11:31:40+09:00" version="1">
    <acl entries="0" version="1"/>
    <resource type="BinaryResource" name="jquery.dynatree-1.1.1.min.js" owner="admin" group="dba" mode="775" created="2014-08-20T03:28:03+09:00" modified="2014-08-20T03:28:03+09:00" filename="jquery.dynatree-1.1.1.min.js" mimetype="application/x-javascript">
        <acl entries="0" version="1"/>
    </resource>
    <resource type="BinaryResource" name="jquery-utils.js" owner="admin" group="dba" mode="775" created="2014-08-20T03:28:03+09:00" modified="2014-08-20T03:28:03+09:00" filename="jquery-utils.js" mimetype="application/x-javascript">
        <acl entries="0" version="1"/>
    </resource>
    <resource type="BinaryResource" name="jquery.cookie.js" owner="admin" group="dba" mode="775" created="2014-08-20T03:28:03+09:00" modified="2014-08-20T03:28:03+09:00" filename="jquery.cookie.js" mimetype="application/x-javascript">
        <acl entries="0" version="1"/>
    </resource>
    <resource type="BinaryResource" name="jquery-1.7.1.min.js" owner="admin" group="dba" mode="775" created="2014-08-20T03:28:03+09:00" modified="2014-08-20T03:28:03+09:00" filename="jquery-1.7.1.min.js" mimetype="application/x-javascript">
        <acl entries="0" version="1"/>
    </resource>
    <resource type="BinaryResource" name="jquery.scrollExtend.min.js" owner="admin" group="dba" mode="775" created="2014-08-20T03:28:03+09:00" modified="2014-08-20T03:28:03+09:00" filename="jquery.scrollExtend.min.js" mimetype="application/x-javascript">
        <acl entries="0" version="1"/>
    </resource>
    <resource type="BinaryResource" name="jquery.pnotify.min.js" owner="admin" group="dba" mode="775" created="2014-08-20T03:28:03+09:00" modified="2014-08-20T03:28:03+09:00" filename="jquery.pnotify.min.js" mimetype="application/x-javascript">
        <acl entries="0" version="1"/>
    </resource>
    <resource type="BinaryResource" name="jquery.dataTables-1.8.1.min.js" owner="admin" group="dba" mode="775" created="2014-08-20T03:28:03+09:00" modified="2014-08-20T03:28:03+09:00" filename="jquery.dataTables-1.8.1.min.js" mimetype="application/x-javascript">
        <acl entries="0" version="1"/>
    </resource>
    <resource type="BinaryResource" name="jquery-ui-1.8.custom.min.js" owner="admin" group="dba" mode="775" created="2014-08-20T03:28:03+09:00" modified="2014-08-20T03:28:03+09:00" filename="jquery-ui-1.8.custom.min.js" mimetype="application/x-javascript">
        <acl entries="0" version="1"/>
    </resource>
    <resource type="BinaryResource" name="jquery-ui.min.js" owner="admin" group="dba" mode="775" created="2014-08-20T03:28:03+09:00" modified="2014-08-20T03:28:03+09:00" filename="jquery-ui.min.js" mimetype="application/x-javascript">
        <acl entries="0" version="1"/>
    </resource>
    <subcollection name="skin" filename="skin"/>
    <subcollection name="flot" filename="flot"/>
    <subcollection name="css" filename="css"/>
</collection>