<collection xmlns="http://exist.sourceforge.net/NS/exist" name="/db/apps" owner="admin" group="dba" mode="775" created="2014-11-24T05:28:55+09:00" version="1">
    <acl entries="0" version="1"/>
    <subcollection name="betterform" filename="betterform"/>
    <subcollection name="dashboard" filename="dashboard"/>
    <subcollection name="doc" filename="doc"/>
    <subcollection name="fundocs" filename="fundocs"/>
    <subcollection name="xsltforms" filename="xsltforms"/>
    <subcollection name="tutorial" filename="tutorial"/>
    <subcollection name="XSLTForms-Demo" filename="XSLTForms-Demo"/>
    <subcollection name="shared-resources" filename="shared-resources"/>
    <subcollection name="eyeehr" filename="eyeehr"/>
    <subcollection name="eXide" filename="eXide"/>
    <subcollection name="demo" filename="demo"/>
</collection>