<repo:meta xmlns="http://exist-db.org/xquery/repo" xmlns:repo="http://exist-db.org/xquery/repo"><repo:description>eXist 2.0 documentation application.</repo:description><repo:author>Joe Wicentowski</repo:author><repo:author>Wolfgang Meier</repo:author><repo:website/><repo:status>alpha</repo:status><repo:license>GNU-LGPL</repo:license><repo:copyright>true</repo:copyright><repo:type>application</repo:type><repo:target>doc</repo:target><repo:prepare>pre-install.xql</repo:prepare><repo:finish/><repo:permissions user="admin" password="" group="dba" mode="rw-rw-r--"/><note>When upgrading, please make sure you also updated the shared-resources package to &gt; 0.3.5.</note><deployed>2014-08-20T03:28:17.433Z</deployed></repo:meta>