<meta xmlns="http://exist-db.org/xquery/repo"><description>eXide - a web based XQuery IDE</description><author>Wolfgang Meier</author><website/><status>stable</status><license>GNU-GPLv3</license><copyright>true</copyright><type>application</type><target>eXide</target><prepare>pre-install.xql</prepare><finish/><permissions user="admin" password="" group="dba" mode="rw-rw-r--"/><note>When upgrading, please make sure you also updated the shared-resources package to &gt; 0.3.5.</note><changelog><change version="2.0"><ul xmlns=""><li>Context-sensitive code completion</li><li>Refactoring: extract function/variable</li><li>Refactoring: rename function/variable/XML tag</li><li>Quick fixes and code hints</li><li>Show raw result of queries in embedded browser</li><li>And more ...</li></ul></change><change version="1.0.14"><ul xmlns=""><li>Improved outline view</li><li>Fixed quicksearch</li><li>Outline for CSS files</li><li>Set syntax to XQuery for code snippets passed in from demo app</li><li>Change indicator "*" not cleared properly after save</li></ul></change><change version="1.0.15"><ul xmlns=""><li>Fixed new app templates</li><li>Removed annoying log output</li><li>Updated code snippets</li></ul></change></changelog><deployed>2014-08-20T03:28:18.008Z</deployed></meta>