<collection xmlns="http://exist.sourceforge.net/NS/exist" name="/db/apps/fundocs/modules" owner="admin" group="dba" mode="775" created="2014-11-27T11:31:58+09:00" version="1">
    <acl entries="0" version="1"/>
    <resource type="BinaryResource" name="app.xql" owner="admin" group="dba" mode="775" created="2014-08-20T03:28:18+09:00" modified="2014-08-20T03:28:18+09:00" filename="app.xql" mimetype="application/xquery">
        <acl entries="0" version="1"/>
    </resource>
    <resource type="BinaryResource" name="templates.xql" owner="admin" group="dba" mode="775" created="2014-08-20T03:28:18+09:00" modified="2014-08-20T03:28:18+09:00" filename="templates.xql" mimetype="application/xquery">
        <acl entries="0" version="1"/>
    </resource>
    <resource type="BinaryResource" name="scan.xql" owner="admin" group="dba" mode="775" created="2014-08-20T03:28:18+09:00" modified="2014-08-20T03:28:18+09:00" filename="scan.xql" mimetype="application/xquery">
        <acl entries="0" version="1"/>
    </resource>
    <resource type="BinaryResource" name="view.xql" owner="admin" group="dba" mode="775" created="2014-08-20T03:28:18+09:00" modified="2014-08-20T03:28:18+09:00" filename="view.xql" mimetype="application/xquery">
        <acl entries="0" version="1"/>
    </resource>
    <resource type="BinaryResource" name="xqdoc.xql" owner="admin" group="dba" mode="775" created="2014-08-20T03:28:18+09:00" modified="2014-08-20T03:28:18+09:00" filename="xqdoc.xql" mimetype="application/xquery">
        <acl entries="0" version="1"/>
    </resource>
    <resource type="BinaryResource" name="dbutils.xql" owner="admin" group="dba" mode="775" created="2014-08-20T03:28:18+09:00" modified="2014-08-20T03:28:18+09:00" filename="dbutils.xql" mimetype="application/xquery">
        <acl entries="0" version="1"/>
    </resource>
    <resource type="BinaryResource" name="config.xqm" owner="admin" group="dba" mode="775" created="2014-08-20T03:28:18+09:00" modified="2014-08-20T03:28:18+09:00" filename="config.xqm" mimetype="application/xquery">
        <acl entries="0" version="1"/>
    </resource>
    <resource type="BinaryResource" name="reindex.xql" owner="admin" group="dba" mode="775" created="2014-08-20T03:28:18+09:00" modified="2014-08-20T03:28:18+09:00" filename="reindex.xql" mimetype="application/xquery">
        <acl entries="0" version="1"/>
    </resource>
</collection>