<note id="undefined"><NoteItemContainerComplaint left="auto" top="auto"><NoteItemComplaint id="6681996553"><formats/><images/><remarks>目に<strong>かゆみ</strong>あり。<br/>本日急ぎの用があるため、早く帰りたい。<br/><br/><br/>院外処方あり<br/>○○内科<br/>アスピリン　朝夕2回<br/>ロキソニン　頓服</remarks></NoteItemComplaint></NoteItemContainerComplaint><NoteItemContainerDisease left="auto" top="auto"/><NoteItemContainerMedicalCheck left="auto" top="auto"/><NoteItemContainerPrescription left="auto" top="auto"/><NoteItemContainerOperation left="auto" top="auto"/><NoteItemContainerMemo left="232px" top="69px"><NoteItemMemo id="5093516246"><formats/><images/><remarks>今回は目薬があるが、次回はなくなりそうとの事。</remarks></NoteItemMemo><NoteItemMemo id="7541591992"><formats/><images/><remarks>野球部の練習は続けたいので、眼鏡はつけたくない。ハードコンタクトはよく落としてしまった。<br/><br/></remarks></NoteItemMemo><NoteItemMemo id="2175353910"><formats/><images/><remarks><strong>第三中学校　TEL : 054-333-3333</strong></remarks></NoteItemMemo></NoteItemContainerMemo><NoteItemContainerScheme left="auto" top="auto"/></note>