<collection xmlns="http://exist.sourceforge.net/NS/exist" name="/db/apps/eXide/resources/css/black-tie" owner="admin" group="dba" mode="775" created="2014-11-27T11:31:57+09:00" version="1">
    <acl entries="0" version="1"/>
    <resource type="BinaryResource" name="jquery-ui-1.10.3.custom.css" owner="admin" group="dba" mode="664" created="2014-08-20T03:28:17+09:00" modified="2014-08-20T03:28:17+09:00" filename="jquery-ui-1.10.3.custom.css" mimetype="text/css">
        <acl entries="0" version="1"/>
    </resource>
    <resource type="BinaryResource" name="jquery-ui-1.10.3.custom.min.css" owner="admin" group="dba" mode="664" created="2014-08-20T03:28:17+09:00" modified="2014-08-20T03:28:17+09:00" filename="jquery-ui-1.10.3.custom.min.css" mimetype="text/css">
        <acl entries="0" version="1"/>
    </resource>
    <subcollection name="images" filename="images"/>
</collection>