<collection xmlns="http://exist.sourceforge.net/NS/exist" name="/db/apps/betterform/reference" owner="admin" group="dba" mode="775" created="2014-11-27T11:31:41+09:00" version="1">
    <acl entries="0" version="1"/>
    <resource type="XMLResource" name="Select1RadioButton.xhtml" owner="admin" group="dba" mode="775" created="2014-08-20T03:28:05+09:00" modified="2014-08-20T03:28:05+09:00" filename="Select1RadioButton.xhtml" mimetype="application/xhtml+xml">
        <acl entries="0" version="1"/>
    </resource>
    <resource type="XMLResource" name="OutputImage.xhtml" owner="admin" group="dba" mode="775" created="2014-08-20T03:28:06+09:00" modified="2014-08-20T03:28:06+09:00" filename="OutputImage.xhtml" mimetype="application/xhtml+xml">
        <acl entries="0" version="1"/>
    </resource>
    <resource type="XMLResource" name="SwitchPlain.xhtml" owner="admin" group="dba" mode="775" created="2014-08-20T03:28:06+09:00" modified="2014-08-20T03:28:06+09:00" filename="SwitchPlain.xhtml" mimetype="application/xhtml+xml">
        <acl entries="0" version="1"/>
    </resource>
    <resource type="XMLResource" name="Select1Combobox.xhtml" owner="admin" group="dba" mode="775" created="2014-08-20T03:28:06+09:00" modified="2014-08-20T03:28:06+09:00" filename="Select1Combobox.xhtml" mimetype="application/xhtml+xml">
        <acl entries="0" version="1"/>
    </resource>
    <resource type="XMLResource" name="EmbedHTML.xhtml" owner="admin" group="dba" mode="775" created="2014-08-20T03:28:06+09:00" modified="2014-08-20T03:28:06+09:00" filename="EmbedHTML.xhtml" mimetype="application/xhtml+xml">
        <acl entries="0" version="1"/>
    </resource>
    <resource type="XMLResource" name="AlertDefaultTypes.xhtml" owner="admin" group="dba" mode="775" created="2014-08-20T03:28:05+09:00" modified="2014-08-20T03:28:05+09:00" filename="AlertDefaultTypes.xhtml" mimetype="application/xhtml+xml">
        <acl entries="0" version="1"/>
    </resource>
    <resource type="XMLResource" name="container-overview.html" owner="admin" group="dba" mode="775" created="2014-08-20T03:28:06+09:00" modified="2014-08-20T03:28:06+09:00" filename="container-overview.html" mimetype="text/html">
        <acl entries="0" version="1"/>
    </resource>
    <resource type="XMLResource" name="SelectListOpen.xhtml" owner="admin" group="dba" mode="775" created="2014-08-20T03:28:06+09:00" modified="2014-08-20T03:28:06+09:00" filename="SelectListOpen.xhtml" mimetype="application/xhtml+xml">
        <acl entries="0" version="1"/>
    </resource>
    <resource type="XMLResource" name="AlertDefault.xhtml" owner="admin" group="dba" mode="775" created="2014-08-20T03:28:04+09:00" modified="2014-08-20T03:28:04+09:00" filename="AlertDefault.xhtml" mimetype="application/xhtml+xml">
        <acl entries="0" version="1"/>
    </resource>
    <resource type="XMLResource" name="GroupFocus.xhtml" owner="admin" group="dba" mode="775" created="2014-08-20T03:28:06+09:00" modified="2014-08-20T03:28:06+09:00" filename="GroupFocus.xhtml" mimetype="application/xhtml+xml">
        <acl entries="0" version="1"/>
    </resource>
    <resource type="XMLResource" name="SwitchTabContainer.xhtml" owner="admin" group="dba" mode="775" created="2014-08-20T03:28:06+09:00" modified="2014-08-20T03:28:06+09:00" filename="SwitchTabContainer.xhtml" mimetype="application/xhtml+xml">
        <acl entries="0" version="1"/>
    </resource>
    <resource type="XMLResource" name="InputTextHintHelp.xhtml" owner="admin" group="dba" mode="775" created="2014-08-20T03:28:05+09:00" modified="2014-08-20T03:28:05+09:00" filename="InputTextHintHelp.xhtml" mimetype="application/xhtml+xml">
        <acl entries="0" version="1"/>
    </resource>
    <resource type="XMLResource" name="InputText.xhtml" owner="admin" group="dba" mode="775" created="2014-08-20T03:28:06+09:00" modified="2014-08-20T03:28:06+09:00" filename="InputText.xhtml" mimetype="application/xhtml+xml">
        <acl entries="0" version="1"/>
    </resource>
    <resource type="XMLResource" name="TriggerLink.xhtml" owner="admin" group="dba" mode="775" created="2014-08-20T03:28:06+09:00" modified="2014-08-20T03:28:06+09:00" filename="TriggerLink.xhtml" mimetype="application/xhtml+xml">
        <acl entries="0" version="1"/>
    </resource>
    <resource type="XMLResource" name="AVTThemeSwitcher.xhtml" owner="admin" group="dba" mode="775" created="2014-08-20T03:28:05+09:00" modified="2014-08-20T03:28:05+09:00" filename="AVTThemeSwitcher.xhtml" mimetype="application/xhtml+xml">
        <acl entries="0" version="1"/>
    </resource>
    <resource type="XMLResource" name="intro.html" owner="admin" group="dba" mode="775" created="2014-08-20T03:28:04+09:00" modified="2014-08-20T03:28:04+09:00" filename="intro.html" mimetype="text/html">
        <acl entries="0" version="1"/>
    </resource>
    <resource type="XMLResource" name="RepeatCompact.xhtml" owner="admin" group="dba" mode="775" created="2014-08-20T03:28:06+09:00" modified="2014-08-20T03:28:06+09:00" filename="RepeatCompact.xhtml" mimetype="application/xhtml+xml">
        <acl entries="0" version="1"/>
    </resource>
    <resource type="XMLResource" name="InputCalendar.xhtml" owner="admin" group="dba" mode="775" created="2014-08-20T03:28:06+09:00" modified="2014-08-20T03:28:06+09:00" filename="InputCalendar.xhtml" mimetype="application/xhtml+xml">
        <acl entries="0" version="1"/>
    </resource>
    <resource type="XMLResource" name="TriggerButton.xhtml" owner="admin" group="dba" mode="775" created="2014-08-20T03:28:06+09:00" modified="2014-08-20T03:28:06+09:00" filename="TriggerButton.xhtml" mimetype="application/xhtml+xml">
        <acl entries="0" version="1"/>
    </resource>
    <resource type="XMLResource" name="Select1Open.xhtml" owner="admin" group="dba" mode="775" created="2014-08-20T03:28:05+09:00" modified="2014-08-20T03:28:05+09:00" filename="Select1Open.xhtml" mimetype="application/xhtml+xml">
        <acl entries="0" version="1"/>
    </resource>
    <resource type="XMLResource" name="TriggerImage.xhtml" owner="admin" group="dba" mode="775" created="2014-08-20T03:28:05+09:00" modified="2014-08-20T03:28:05+09:00" filename="TriggerImage.xhtml" mimetype="application/xhtml+xml">
        <acl entries="0" version="1"/>
    </resource>
    <resource type="XMLResource" name="UploadhexBinary.xhtml" owner="admin" group="dba" mode="775" created="2014-08-20T03:28:05+09:00" modified="2014-08-20T03:28:05+09:00" filename="UploadhexBinary.xhtml" mimetype="application/xhtml+xml">
        <acl entries="0" version="1"/>
    </resource>
    <resource type="XMLResource" name="InputDropDownDate.xhtml" owner="admin" group="dba" mode="775" created="2014-08-20T03:28:04+09:00" modified="2014-08-20T03:28:04+09:00" filename="InputDropDownDate.xhtml" mimetype="application/xhtml+xml">
        <acl entries="0" version="1"/>
    </resource>
    <resource type="XMLResource" name="GroupVerticalTable.xhtml" owner="admin" group="dba" mode="775" created="2014-08-20T03:28:06+09:00" modified="2014-08-20T03:28:06+09:00" filename="GroupVerticalTable.xhtml" mimetype="application/xhtml+xml">
        <acl entries="0" version="1"/>
    </resource>
    <resource type="XMLResource" name="SelectCheckboxes.xhtml" owner="admin" group="dba" mode="775" created="2014-08-20T03:28:04+09:00" modified="2014-08-20T03:28:04+09:00" filename="SelectCheckboxes.xhtml" mimetype="application/xhtml+xml">
        <acl entries="0" version="1"/>
    </resource>
    <resource type="XMLResource" name="control-overview.html" owner="admin" group="dba" mode="775" created="2014-08-20T03:28:05+09:00" modified="2014-08-20T03:28:05+09:00" filename="control-overview.html" mimetype="text/html">
        <acl entries="0" version="1"/>
    </resource>
    <resource type="XMLResource" name="TextareaHTML.xhtml" owner="admin" group="dba" mode="775" created="2014-08-20T03:28:04+09:00" modified="2014-08-20T03:28:04+09:00" filename="TextareaHTML.xhtml" mimetype="application/xhtml+xml">
        <acl entries="0" version="1"/>
    </resource>
    <resource type="XMLResource" name="GroupCompact.xhtml" owner="admin" group="dba" mode="775" created="2014-08-20T03:28:04+09:00" modified="2014-08-20T03:28:04+09:00" filename="GroupCompact.xhtml" mimetype="application/xhtml+xml">
        <acl entries="0" version="1"/>
    </resource>
    <resource type="XMLResource" name="OutputHTML.xhtml" owner="admin" group="dba" mode="775" created="2014-08-20T03:28:06+09:00" modified="2014-08-20T03:28:06+09:00" filename="OutputHTML.xhtml" mimetype="application/xhtml+xml">
        <acl entries="0" version="1"/>
    </resource>
    <resource type="XMLResource" name="SelectList.xhtml" owner="admin" group="dba" mode="775" created="2014-08-20T03:28:05+09:00" modified="2014-08-20T03:28:05+09:00" filename="SelectList.xhtml" mimetype="application/xhtml+xml">
        <acl entries="0" version="1"/>
    </resource>
    <resource type="XMLResource" name="OutputDefault.xhtml" owner="admin" group="dba" mode="775" created="2014-08-20T03:28:06+09:00" modified="2014-08-20T03:28:06+09:00" filename="OutputDefault.xhtml" mimetype="application/xhtml+xml">
        <acl entries="0" version="1"/>
    </resource>
    <resource type="XMLResource" name="InputTime.xhtml" owner="admin" group="dba" mode="775" created="2014-08-20T03:28:06+09:00" modified="2014-08-20T03:28:06+09:00" filename="InputTime.xhtml" mimetype="application/xhtml+xml">
        <acl entries="0" version="1"/>
    </resource>
    <resource type="XMLResource" name="UploadFile.xhtml" owner="admin" group="dba" mode="775" created="2014-08-20T03:28:06+09:00" modified="2014-08-20T03:28:06+09:00" filename="UploadFile.xhtml" mimetype="application/xhtml+xml">
        <acl entries="0" version="1"/>
    </resource>
    <resource type="XMLResource" name="LoadEmbed.xhtml" owner="admin" group="dba" mode="775" created="2014-08-20T03:28:05+09:00" modified="2014-08-20T03:28:05+09:00" filename="LoadEmbed.xhtml" mimetype="application/xhtml+xml">
        <acl entries="0" version="1"/>
    </resource>
    <resource type="XMLResource" name="GroupVerticalTableComplex.xhtml" owner="admin" group="dba" mode="775" created="2014-08-20T03:28:05+09:00" modified="2014-08-20T03:28:05+09:00" filename="GroupVerticalTableComplex.xhtml" mimetype="application/xhtml+xml">
        <acl entries="0" version="1"/>
    </resource>
    <resource type="XMLResource" name="RangeRating.xhtml" owner="admin" group="dba" mode="775" created="2014-08-20T03:28:05+09:00" modified="2014-08-20T03:28:05+09:00" filename="RangeRating.xhtml" mimetype="application/xhtml+xml">
        <acl entries="0" version="1"/>
    </resource>
    <resource type="XMLResource" name="LoadNew.xhtml" owner="admin" group="dba" mode="775" created="2014-08-20T03:28:06+09:00" modified="2014-08-20T03:28:06+09:00" filename="LoadNew.xhtml" mimetype="application/xhtml+xml">
        <acl entries="0" version="1"/>
    </resource>
    <resource type="XMLResource" name="AlertTooltip.xhtml" owner="admin" group="dba" mode="775" created="2014-08-20T03:28:06+09:00" modified="2014-08-20T03:28:06+09:00" filename="AlertTooltip.xhtml" mimetype="application/xhtml+xml">
        <acl entries="0" version="1"/>
    </resource>
    <resource type="XMLResource" name="InputCheckbox.xhtml" owner="admin" group="dba" mode="775" created="2014-08-20T03:28:05+09:00" modified="2014-08-20T03:28:05+09:00" filename="InputCheckbox.xhtml" mimetype="application/xhtml+xml">
        <acl entries="0" version="1"/>
    </resource>
    <resource type="BinaryResource" name="reference.css" owner="admin" group="dba" mode="775" created="2014-08-20T03:28:04+09:00" modified="2014-08-20T03:28:04+09:00" filename="reference.css" mimetype="text/css">
        <acl entries="0" version="1"/>
    </resource>
    <resource type="BinaryResource" name="reference.less" owner="admin" group="dba" mode="775" created="2014-08-20T03:28:05+09:00" modified="2014-08-20T03:28:05+09:00" filename="reference.less" mimetype="application/less">
        <acl entries="0" version="1"/>
    </resource>
    <resource type="XMLResource" name="TriggerLinkedImage.xhtml" owner="admin" group="dba" mode="775" created="2014-08-20T03:28:06+09:00" modified="2014-08-20T03:28:06+09:00" filename="TriggerLinkedImage.xhtml" mimetype="application/xhtml+xml">
        <acl entries="0" version="1"/>
    </resource>
    <resource type="XMLResource" name="RepeatFull.xhtml" owner="admin" group="dba" mode="775" created="2014-08-20T03:28:05+09:00" modified="2014-08-20T03:28:05+09:00" filename="RepeatFull.xhtml" mimetype="application/xhtml+xml">
        <acl entries="0" version="1"/>
    </resource>
    <resource type="XMLResource" name="Secret.xhtml" owner="admin" group="dba" mode="775" created="2014-08-20T03:28:05+09:00" modified="2014-08-20T03:28:05+09:00" filename="Secret.xhtml" mimetype="application/xhtml+xml">
        <acl entries="0" version="1"/>
    </resource>
    <resource type="XMLResource" name="InputCalendarWithDatePattern.xhtml" owner="admin" group="dba" mode="775" created="2014-08-20T03:28:04+09:00" modified="2014-08-20T03:28:04+09:00" filename="InputCalendarWithDatePattern.xhtml" mimetype="application/xhtml+xml">
        <acl entries="0" version="1"/>
    </resource>
    <resource type="XMLResource" name="ModelToModelSubmission.xhtml" owner="admin" group="dba" mode="775" created="2014-08-20T03:28:06+09:00" modified="2014-08-20T03:28:06+09:00" filename="ModelToModelSubmission.xhtml" mimetype="application/xhtml+xml">
        <acl entries="0" version="1"/>
    </resource>
    <resource type="XMLResource" name="InputCalendarAndTime.xhtml" owner="admin" group="dba" mode="775" created="2014-08-20T03:28:05+09:00" modified="2014-08-20T03:28:05+09:00" filename="InputCalendarAndTime.xhtml" mimetype="application/xhtml+xml">
        <acl entries="0" version="1"/>
    </resource>
    <resource type="XMLResource" name="Dialog.xhtml" owner="admin" group="dba" mode="775" created="2014-08-20T03:28:06+09:00" modified="2014-08-20T03:28:06+09:00" filename="Dialog.xhtml" mimetype="application/xhtml+xml">
        <acl entries="0" version="1"/>
    </resource>
    <resource type="XMLResource" name="RepeatTable.xhtml" owner="admin" group="dba" mode="775" created="2014-08-20T03:28:04+09:00" modified="2014-08-20T03:28:04+09:00" filename="RepeatTable.xhtml" mimetype="application/xhtml+xml">
        <acl entries="0" version="1"/>
    </resource>
    <resource type="XMLResource" name="Uploadbase64.xhtml" owner="admin" group="dba" mode="775" created="2014-08-20T03:28:04+09:00" modified="2014-08-20T03:28:04+09:00" filename="Uploadbase64.xhtml" mimetype="application/xhtml+xml">
        <acl entries="0" version="1"/>
    </resource>
    <resource type="XMLResource" name="RangeSlider.xhtml" owner="admin" group="dba" mode="775" created="2014-08-20T03:28:06+09:00" modified="2014-08-20T03:28:06+09:00" filename="RangeSlider.xhtml" mimetype="application/xhtml+xml">
        <acl entries="0" version="1"/>
    </resource>
    <resource type="XMLResource" name="TriggerCSSImage.xhtml" owner="admin" group="dba" mode="775" created="2014-08-20T03:28:04+09:00" modified="2014-08-20T03:28:04+09:00" filename="TriggerCSSImage.xhtml" mimetype="application/xhtml+xml">
        <acl entries="0" version="1"/>
    </resource>
    <resource type="XMLResource" name="TextareaSimple.xhtml" owner="admin" group="dba" mode="775" created="2014-08-20T03:28:06+09:00" modified="2014-08-20T03:28:06+09:00" filename="TextareaSimple.xhtml" mimetype="application/xhtml+xml">
        <acl entries="0" version="1"/>
    </resource>
    <resource type="XMLResource" name="Select1List.xhtml" owner="admin" group="dba" mode="775" created="2014-08-20T03:28:06+09:00" modified="2014-08-20T03:28:06+09:00" filename="Select1List.xhtml" mimetype="application/xhtml+xml">
        <acl entries="0" version="1"/>
    </resource>
    <resource type="XMLResource" name="GroupDefault.xhtml" owner="admin" group="dba" mode="775" created="2014-08-20T03:28:06+09:00" modified="2014-08-20T03:28:06+09:00" filename="GroupDefault.xhtml" mimetype="application/xhtml+xml">
        <acl entries="0" version="1"/>
    </resource>
    <resource type="XMLResource" name="TextareaGrowing.xhtml" owner="admin" group="dba" mode="775" created="2014-08-20T03:28:05+09:00" modified="2014-08-20T03:28:05+09:00" filename="TextareaGrowing.xhtml" mimetype="application/xhtml+xml">
        <acl entries="0" version="1"/>
    </resource>
    <resource type="XMLResource" name="GroupHorizontalTable.xhtml" owner="admin" group="dba" mode="775" created="2014-08-20T03:28:06+09:00" modified="2014-08-20T03:28:06+09:00" filename="GroupHorizontalTable.xhtml" mimetype="application/xhtml+xml">
        <acl entries="0" version="1"/>
    </resource>
    <resource type="XMLResource" name="GroupMinimal.xhtml" owner="admin" group="dba" mode="775" created="2014-08-20T03:28:06+09:00" modified="2014-08-20T03:28:06+09:00" filename="GroupMinimal.xhtml" mimetype="application/xhtml+xml">
        <acl entries="0" version="1"/>
    </resource>
    <resource type="XMLResource" name="FeatureExplorer.xhtml" owner="admin" group="dba" mode="775" created="2014-08-20T03:28:06+09:00" modified="2014-08-20T03:28:06+09:00" filename="FeatureExplorer.xhtml" mimetype="application/xhtml+xml">
        <acl entries="0" version="1"/>
    </resource>
    <resource type="XMLResource" name="GroupFull.xhtml" owner="admin" group="dba" mode="775" created="2014-08-20T03:28:06+09:00" modified="2014-08-20T03:28:06+09:00" filename="GroupFull.xhtml" mimetype="application/xhtml+xml">
        <acl entries="0" version="1"/>
    </resource>
    <resource type="XMLResource" name="OutputLink.xhtml" owner="admin" group="dba" mode="775" created="2014-08-20T03:28:06+09:00" modified="2014-08-20T03:28:06+09:00" filename="OutputLink.xhtml" mimetype="application/xhtml+xml">
        <acl entries="0" version="1"/>
    </resource>
    <subcollection name="images" filename="images"/>
    <subcollection name="resources" filename="resources"/>
</collection>