<collection xmlns="http://exist.sourceforge.net/NS/exist" name="/db/apps/demo/examples/xforms" owner="admin" group="dba" mode="775" created="2014-08-20T03:28:12+09:00" version="1">
    <acl entries="0" version="1"/>
    <resource type="BinaryResource" name="controller.xql" owner="admin" group="dba" mode="775" created="2014-08-20T03:28:12+09:00" modified="2014-09-23T06:27:21+09:00" filename="controller.xql" mimetype="application/xquery">
        <acl entries="0" version="1"/>
    </resource>
    <resource type="BinaryResource" name="restxq-demo.xql" owner="admin" group="dba" mode="775" created="2014-08-20T03:28:12+09:00" modified="2014-09-23T06:31:37+09:00" filename="restxq-demo.xql" mimetype="application/xquery">
        <acl entries="0" version="1"/>
    </resource>
    <resource type="XMLResource" name="demo.html" owner="admin" group="dba" mode="775" created="2014-09-23T06:48:50+09:00" modified="2014-09-23T06:48:50+09:00" filename="demo.html" mimetype="text/html">
        <acl entries="0" version="1"/>
    </resource>
</collection>