<collection xmlns="http://exist.sourceforge.net/NS/exist" name="/db/apps/demo/data" owner="admin" group="dba" mode="775" created="2014-08-20T03:28:08+09:00" version="1">
    <acl entries="0" version="1"/>
    <resource type="XMLResource" name="shakes.xsl" owner="admin" group="dba" mode="775" created="2014-08-20T03:28:08+09:00" modified="2014-08-20T03:28:08+09:00" filename="shakes.xsl" mimetype="application/xslt+xml">
        <acl entries="0" version="1"/>
    </resource>
    <resource type="XMLResource" name="mondial.xml" owner="admin" group="dba" mode="775" created="2014-08-20T03:28:08+09:00" modified="2014-08-20T03:28:08+09:00" filename="mondial.xml" mimetype="application/xml">
        <acl entries="0" version="1"/>
    </resource>
    <resource type="XMLResource" name="macbeth.xml" owner="admin" group="dba" mode="775" created="2014-08-20T03:28:09+09:00" modified="2014-08-20T03:28:09+09:00" filename="macbeth.xml" mimetype="application/xml">
        <acl entries="0" version="1"/>
    </resource>
    <resource type="XMLResource" name="hamlet.xml" owner="admin" group="dba" mode="775" created="2014-08-20T03:28:10+09:00" modified="2014-08-20T03:28:10+09:00" filename="hamlet.xml" mimetype="application/xml">
        <acl entries="0" version="1"/>
    </resource>
    <resource type="XMLResource" name="r_and_j.xml" owner="admin" group="dba" mode="775" created="2014-08-20T03:28:11+09:00" modified="2014-08-20T03:28:11+09:00" filename="r_and_j.xml" mimetype="application/xml">
        <acl entries="0" version="1"/>
    </resource>
    <subcollection name="addresses" filename="addresses"/>
    <subcollection name="binary" filename="binary"/>
    <subcollection name="i18n" filename="i18n"/>
    <subcollection name="hoges" filename="hoges"/>
</collection>