<collection xmlns="http://exist.sourceforge.net/NS/exist" name="/db/apps/eyeehr" owner="admin" group="dba" mode="775" created="2014-09-22T23:52:09+09:00" version="1">
    <acl entries="0" version="1"/>
    <resource type="XMLResource" name="repo.xml" owner="admin" group="dba" mode="664" created="2014-10-22T06:24:45+09:00" modified="2014-10-22T06:24:45+09:00" filename="repo.xml" mimetype="application/xml">
        <acl entries="0" version="1"/>
    </resource>
    <resource type="XMLResource" name="build.xml" owner="admin" group="dba" mode="644" created="2014-09-22T23:57:25+09:00" modified="2014-09-22T23:57:25+09:00" filename="build.xml" mimetype="application/xml">
        <acl entries="0" version="1"/>
    </resource>
    <resource type="BinaryResource" name="upload.xq" owner="admin" group="dba" mode="755" created="2014-09-29T02:37:26+09:00" modified="2014-10-02T04:25:05+09:00" filename="upload.xq" mimetype="application/xquery">
        <acl entries="0" version="1"/>
    </resource>
    <resource type="BinaryResource" name="pre-install.xql" owner="admin" group="dba" mode="775" created="2014-09-22T23:52:09+09:00" modified="2014-09-22T23:57:25+09:00" filename="pre-install.xql" mimetype="application/xquery">
        <acl entries="0" version="1"/>
    </resource>
    <resource type="BinaryResource" name="controller.xql" owner="admin" group="dba" mode="775" created="2014-09-22T23:52:09+09:00" modified="2014-09-22T23:57:25+09:00" filename="controller.xql" mimetype="application/xquery">
        <acl entries="0" version="1"/>
    </resource>
    <resource type="XMLResource" name="error-page.html" owner="admin" group="dba" mode="664" created="2014-09-22T23:57:25+09:00" modified="2014-09-22T23:57:25+09:00" filename="error-page.html" mimetype="text/html">
        <acl entries="0" version="1"/>
    </resource>
    <resource type="XMLResource" name="index.html" owner="admin" group="dba" mode="664" created="2014-09-30T01:41:44+09:00" modified="2014-09-30T01:41:44+09:00" filename="index.html" mimetype="text/html">
        <acl entries="0" version="1"/>
    </resource>
    <resource type="XMLResource" name="collection.xconf" owner="admin" group="dba" mode="664" created="2014-09-22T23:57:25+09:00" modified="2014-09-22T23:57:25+09:00" filename="collection.xconf" mimetype="application/xml">
        <acl entries="0" version="1"/>
    </resource>
    <resource type="XMLResource" name="test.html" owner="admin" group="dba" mode="644" created="2014-09-29T02:40:20+09:00" modified="2014-09-29T02:40:20+09:00" filename="test.html" mimetype="text/html">
        <acl entries="0" version="1"/>
    </resource>
    <resource type="XMLResource" name="expath-pkg.xml" owner="admin" group="dba" mode="664" created="2014-10-22T06:24:45+09:00" modified="2014-10-22T06:24:45+09:00" filename="expath-pkg.xml" mimetype="application/xml">
        <acl entries="0" version="1"/>
    </resource>
    <subcollection name="data" filename="data"/>
    <subcollection name="templates" filename="templates"/>
    <subcollection name="img" filename="img"/>
    <subcollection name="modules" filename="modules"/>
    <subcollection name="resources" filename="resources"/>
</collection>