<collection xmlns="http://exist.sourceforge.net/NS/exist" name="/db/apps/eyeehr/data/note/patient-to-10000/patient-00001" owner="admin" group="dba" mode="755" created="2014-10-27T07:26:50+09:00" version="1">
    <acl entries="0" version="1"/>
    <subcollection name="20141026" filename="20141026"/>
    <subcollection name="20141003" filename="20141003"/>
    <subcollection name="20141027" filename="20141027"/>
    <subcollection name="20141024" filename="20141024"/>
    <subcollection name="20141023" filename="20141023"/>
    <subcollection name="20141008" filename="20141008"/>
    <subcollection name="20141007" filename="20141007"/>
</collection>