<note id="undefined"><NoteItemContainerComplaint left="458px" top="168px"><NoteItemComplaint id="6015278652"><formats/><attachments/><remarks>目に<strong>かゆみ</strong>あり。<br/>本日急ぎの用があるため、早く帰りたい。<br/><br/><br/>院外処方あり<br/>○○内科<br/>アスピリン　朝夕2回<br/>ロキソニン　頓服</remarks></NoteItemComplaint></NoteItemContainerComplaint><NoteItemContainerDisease left="487px" top="601px"><NoteItemDisease id="3115214447"><formats/><attachments/><remarks/></NoteItemDisease><NoteItemDisease id="7173063196"><formats><disease-name>アレルギー性結膜炎</disease-name></formats><attachments/><remarks/></NoteItemDisease></NoteItemContainerDisease><NoteItemContainerMedicalCheck left="175px" top="129px"><NoteItemMedicalCheck id="7622596556"><formats/><attachments><img src="/exist/rest/db/apps/eyeehr/img/fa_vascoccdis_BRVO.jpg" width="25%" ondblclick="$(this).remove()"/><img src="/exist/rest/db/apps/eyeehr/img/fa_melanoma_Tumor.jpg" width="25%" ondblclick="$(this).remove()"/></attachments><remarks/></NoteItemMedicalCheck></NoteItemContainerMedicalCheck><NoteItemContainerPrescription left="173px" top="560px"><NoteItemPrescription id="1039176686"><formats/><attachments/><remarks>ヒアルロン酸点眼薬から変更</remarks></NoteItemPrescription><NoteItemPrescription id="1073614245"><formats/><attachments/><remarks>朝夕２回　※厳守　</remarks></NoteItemPrescription></NoteItemContainerPrescription><NoteItemContainerOperation left="156px" top="354px"><NoteItemOperation id="9047100841"><formats/><attachments/><remarks>○○に気をつける。</remarks></NoteItemOperation></NoteItemContainerOperation><NoteItemContainerMemo left="425px" top="383px"><NoteItemMemo id="8511956405"><formats/><attachments/><remarks>今回は目薬があるが、次回はなくなりそうとの事。</remarks></NoteItemMemo><NoteItemMemo id="5798166119"><formats/><attachments/><remarks>野球部の練習は続けたいので、眼鏡はつけたくない。ハードコンタクトはよく落としてしまった。<br/><br/></remarks></NoteItemMemo><NoteItemMemo id="636055234"><formats/><attachments/><remarks><strong>第三中学校　TEL : 054-333-3333</strong></remarks></NoteItemMemo></NoteItemContainerMemo><NoteItemContainerScheme left="156px" top="459px"/></note>