<collection xmlns="http://exist.sourceforge.net/NS/exist" name="/db/apps/eXide/resources/scripts/jquery" owner="admin" group="dba" mode="775" created="2014-11-27T11:31:57+09:00" version="1">
    <acl entries="0" version="1"/>
    <resource type="BinaryResource" name="jquery.fileupload-ui.js" owner="admin" group="dba" mode="664" created="2014-08-20T03:28:17+09:00" modified="2014-08-20T03:28:17+09:00" filename="jquery.fileupload-ui.js" mimetype="application/x-javascript">
        <acl entries="0" version="1"/>
    </resource>
    <resource type="BinaryResource" name="slick.core.js" owner="admin" group="dba" mode="664" created="2014-08-20T03:28:17+09:00" modified="2014-08-20T03:28:17+09:00" filename="slick.core.js" mimetype="application/x-javascript">
        <acl entries="0" version="1"/>
    </resource>
    <resource type="BinaryResource" name="jquery.layout-latest.css" owner="admin" group="dba" mode="664" created="2014-08-20T03:28:17+09:00" modified="2014-08-20T03:28:17+09:00" filename="jquery.layout-latest.css" mimetype="text/css">
        <acl entries="0" version="1"/>
    </resource>
    <resource type="BinaryResource" name="jquery.layout-1.3.0.rc30.79.js" owner="admin" group="dba" mode="664" created="2014-08-20T03:28:17+09:00" modified="2014-08-20T03:28:17+09:00" filename="jquery.layout-1.3.0.rc30.79.js" mimetype="application/x-javascript">
        <acl entries="0" version="1"/>
    </resource>
    <resource type="BinaryResource" name="jquery.fileupload.js" owner="admin" group="dba" mode="664" created="2014-08-20T03:28:17+09:00" modified="2014-08-20T03:28:17+09:00" filename="jquery.fileupload.js" mimetype="application/x-javascript">
        <acl entries="0" version="1"/>
    </resource>
    <resource type="BinaryResource" name="slick.cellselectionmodel.js" owner="admin" group="dba" mode="664" created="2014-08-20T03:28:17+09:00" modified="2014-08-20T03:28:17+09:00" filename="slick.cellselectionmodel.js" mimetype="application/x-javascript">
        <acl entries="0" version="1"/>
    </resource>
    <resource type="BinaryResource" name="jquery.plugins.min.js" owner="admin" group="dba" mode="664" created="2014-08-20T03:28:17+09:00" modified="2014-08-20T03:28:17+09:00" filename="jquery.plugins.min.js" mimetype="application/x-javascript">
        <acl entries="0" version="1"/>
    </resource>
    <resource type="BinaryResource" name="slick.cellrangeselector.js" owner="admin" group="dba" mode="664" created="2014-08-20T03:28:17+09:00" modified="2014-08-20T03:28:17+09:00" filename="slick.cellrangeselector.js" mimetype="application/x-javascript">
        <acl entries="0" version="1"/>
    </resource>
    <resource type="BinaryResource" name="slick.editors.js" owner="admin" group="dba" mode="664" created="2014-08-20T03:28:17+09:00" modified="2014-08-20T03:28:17+09:00" filename="slick.editors.js" mimetype="application/x-javascript">
        <acl entries="0" version="1"/>
    </resource>
    <resource type="BinaryResource" name="slick.rowselectionmodel.js" owner="admin" group="dba" mode="664" created="2014-08-20T03:28:17+09:00" modified="2014-08-20T03:28:17+09:00" filename="slick.rowselectionmodel.js" mimetype="application/x-javascript">
        <acl entries="0" version="1"/>
    </resource>
    <resource type="BinaryResource" name="jquery-ui-1.10.3.custom.min.js" owner="admin" group="dba" mode="664" created="2014-08-20T03:28:17+09:00" modified="2014-08-20T03:28:17+09:00" filename="jquery-ui-1.10.3.custom.min.js" mimetype="application/x-javascript">
        <acl entries="0" version="1"/>
    </resource>
    <resource type="BinaryResource" name="jquery-1.9.1.min.js" owner="admin" group="dba" mode="664" created="2014-08-20T03:28:17+09:00" modified="2014-08-20T03:28:17+09:00" filename="jquery-1.9.1.min.js" mimetype="application/x-javascript">
        <acl entries="0" version="1"/>
    </resource>
    <resource type="BinaryResource" name="slick.grid.css" owner="admin" group="dba" mode="664" created="2014-08-20T03:28:17+09:00" modified="2014-08-20T03:28:17+09:00" filename="slick.grid.css" mimetype="text/css">
        <acl entries="0" version="1"/>
    </resource>
    <resource type="BinaryResource" name="slick.grid.js" owner="admin" group="dba" mode="664" created="2014-08-20T03:28:17+09:00" modified="2014-08-20T03:28:17+09:00" filename="slick.grid.js" mimetype="application/x-javascript">
        <acl entries="0" version="1"/>
    </resource>
    <resource type="BinaryResource" name="slick.formatters.js" owner="admin" group="dba" mode="664" created="2014-08-20T03:28:17+09:00" modified="2014-08-20T03:28:17+09:00" filename="slick.formatters.js" mimetype="application/x-javascript">
        <acl entries="0" version="1"/>
    </resource>
    <resource type="BinaryResource" name="jquery.event.drag-2.2.js" owner="admin" group="dba" mode="664" created="2014-08-20T03:28:17+09:00" modified="2014-08-20T03:28:17+09:00" filename="jquery.event.drag-2.2.js" mimetype="application/x-javascript">
        <acl entries="0" version="1"/>
    </resource>
    <subcollection name="images" filename="images"/>
</collection>