<note id="undefined"><NoteItemContainerComplaint><NoteItemComplaint id="4597889962"><formats/><images/><remarks>目に<strong>かゆみ</strong>あり。<br/>本日急ぎの用があるため、早く帰りたい。<br/><br/><br/>院外処方あり<br/>○○内科<br/>アスピリン　朝夕2回<br/>ロキソニン　頓服</remarks></NoteItemComplaint></NoteItemContainerComplaint><NoteItemContainerDisease><NoteItemDisease id="4119186501"><formats><disease-name>角膜円錐</disease-name></formats><images/><remarks/></NoteItemDisease></NoteItemContainerDisease><NoteItemContainerMedicalCheck><NoteItemMedicalCheck id="5271208186"><formats><medical-check-name>レフ・ケラト</medical-check-name></formats><images/><remarks/></NoteItemMedicalCheck></NoteItemContainerMedicalCheck><NoteItemContainerPrescription><NoteItemPrescription id="3790282847"><formats/><images/><remarks>ヒアルロン酸点眼薬から変更</remarks></NoteItemPrescription><NoteItemPrescription id="7601929381"><formats/><images/><remarks>朝夕２回　※厳守　</remarks></NoteItemPrescription></NoteItemContainerPrescription><NoteItemContainerOperation><NoteItemOperation id="3633477238"><formats><operation-name>レーザー手術</operation-name></formats><images><img src="/exist/rest/db/apps/eyeehr/B4E3C4ECB8A1BABA.jpg" width="150" ondblclick="$(this).remove()"/></images><remarks>○○に気をつける。</remarks></NoteItemOperation></NoteItemContainerOperation><NoteItemContainerMemo><NoteItemMemo id="1505815305"><formats/><images/><remarks>今回は目薬があるが、次回はなくなりそうとの事。</remarks></NoteItemMemo><NoteItemMemo id="806840998"><formats/><images/><remarks>野球部の練習は続けたいので、眼鏡はつけたくない。ハードコンタクトはよく落としてしまった。<br/><br/></remarks></NoteItemMemo><NoteItemMemo id="3699645314"><formats/><images/><remarks><strong>第三中学校　TEL : 054-333-3333</strong></remarks></NoteItemMemo></NoteItemContainerMemo><NoteItemContainerScheme/></note>