<collection xmlns="http://exist.sourceforge.net/NS/exist" name="/db/apps/demo/examples/special" owner="admin" group="dba" mode="775" created="2014-08-20T03:28:12+09:00" version="1">
    <acl entries="0" version="1"/>
    <resource type="BinaryResource" name="json.xql" owner="admin" group="dba" mode="775" created="2014-08-20T03:28:12+09:00" modified="2014-08-20T03:28:12+09:00" filename="json.xql" mimetype="application/xquery">
        <acl entries="0" version="1"/>
    </resource>
    <resource type="XMLResource" name="i18n-docs.html" owner="admin" group="dba" mode="775" created="2014-08-20T03:28:12+09:00" modified="2014-08-20T03:28:12+09:00" filename="i18n-docs.html" mimetype="text/html">
        <acl entries="0" version="1"/>
    </resource>
    <resource type="XMLResource" name="json.html" owner="admin" group="dba" mode="775" created="2014-08-20T03:28:12+09:00" modified="2014-08-20T03:28:12+09:00" filename="json.html" mimetype="text/html">
        <acl entries="0" version="1"/>
    </resource>
    <resource type="XMLResource" name="index.html" owner="admin" group="dba" mode="775" created="2014-08-20T03:28:12+09:00" modified="2014-08-20T03:28:12+09:00" filename="index.html" mimetype="text/html">
        <acl entries="0" version="1"/>
    </resource>
    <resource type="XMLResource" name="i18n.html" owner="admin" group="dba" mode="775" created="2014-08-20T03:28:12+09:00" modified="2014-08-20T03:28:12+09:00" filename="i18n.html" mimetype="text/html">
        <acl entries="0" version="1"/>
    </resource>
</collection>