<Note id="undefined"><NoteItemContainerComplaint left="auto" top="auto"/><NoteItemContainerDisease left="171px" top="283px"><NoteItemDisease id="7508733672"><formats/><attachments/><schemes/><remarks>aaa<br/>bbbb</remarks></NoteItemDisease><NoteItemDisease id="6464706703"><formats/><attachments><img class="attachment" src="/exist/rest/db/apps/eyeehr/img/images.jpeg"/></attachments><schemes/><remarks>aaaa<br/>bbbbbb</remarks></NoteItemDisease></NoteItemContainerDisease><NoteItemContainerMedicalCheck left="auto" top="auto"/><NoteItemContainerPrescription left="399px" top="57px"><NoteItemPrescription id="4667361234"><formats/><attachments/><schemes/><remarks/></NoteItemPrescription><NoteItemPrescription id="7029017235"><formats/><attachments/><schemes/><remarks/></NoteItemPrescription></NoteItemContainerPrescription><NoteItemContainerOperation left="169px" top="186px"/><NoteItemContainerMemo left="181px" top="229px"/><NoteItemContainerScheme left="451px" top="224px"><NoteItemScheme id="1395189774"><formats/><attachments/><schemes><img class="scheme" src="/exist/rest/db/apps/eyeehr/img/scheme-1415704705535.svg?1415704710731"/></schemes><remarks/></NoteItemScheme></NoteItemContainerScheme></Note>