<meta xmlns="http://exist-db.org/xquery/repo"><description>Various small demo applications.</description><author>Wolfgang Meier</author><website/><status>beta</status><license>GNU-LGPL</license><copyright>true</copyright><type>application</type><target>demo</target><prepare>pre-install.xql</prepare><finish>post-install.xql</finish><permissions user="admin" password="" group="dba" mode="0775"/><note>When upgrading, please make sure you also updated the shared-resources package to &gt; 0.3.5.</note><deployed>2014-08-20T03:28:14.675Z</deployed></meta>