<!--
  ~ Copyright (c) 2012. betterFORM Project - http://www.betterform.de
  ~ Licensed under the terms of BSD License
  --><div xmlns="http://www.w3.org/1999/xhtml" xmlns:ev="http://www.w3.org/2001/xml-events" xmlns:xf="http://www.w3.org/2002/xforms"><xf:model id="address" ev:event="xforms-revalidate" ev:defaultAction="cancel"><xf:instance id="default"><address xmlns=""><title/><firstNames>xxx</firstNames><name>xxx</name><street/><city/><zip>123456</zip><country>germany</country></address></xf:instance><xf:bind nodeset="title" type="string"/><xf:bind nodeset="firstNames" type="string" required="true()" relevant="true()"/><xf:bind nodeset="name" type="string" required="true()" relevant="true()"/><xf:bind nodeset="street" type="string"/><xf:bind nodeset="city" type="string"/><xf:bind nodeset="zip" type="integer"/><xf:bind nodeset="country" type="string"/><xf:submission id="s-load-from-master" resource="model:master#instance('contact')/data/address[index('addresses')]" replace="instance" method="get">
            <!--<xf:message ev:event="xforms-submit-done" level="ephemeral">Subform has updated itself.</xf:message>--></xf:submission><xf:submission id="s-update-master" resource="model:master#instance('contact')/data/address[index('addresses')]" replace="none" method="post"><xf:action ev:event="xforms-submit-done"><xf:message level="ephemeral">Subform has updated Master.</xf:message><xf:dispatch name="unload-subforms" targetid="contact"/></xf:action></xf:submission><xf:send ev:event="xforms-ready" submission="s-load-from-master"/><xf:instance xmlns="" id="i-countries"><countries><country><name>Albania</name><value>Albania</value></country><country><name>Belgium</name><value>Belgium</value></country><country><name>Cuba</name><value>Cuba</value></country><country><name>Denmark</name><value>Denmark</value></country><country><name>Estonia</name><value>Estonia</value></country><country><name>France</name><value>France</value></country><country><name>Germany</name><value>Germany</value></country><country><name>Gibraltar</name><value>Gibraltar</value></country><country><name>Hungary</name><value>Hungary</value></country><country><name>Italy</name><value>Italy</value></country><country><name>Japan</name><value>Japan</value></country><country><name>Spain</name><value>Spain</value></country></countries></xf:instance></xf:model><xf:group appearance="full"><xf:action ev:event="betterform-variable-changed" ev:observer="contact"><xf:message>it worked</xf:message></xf:action><xf:label>Edit Address with Subform</xf:label><xf:input ref="title"><xf:label id="title">Title</xf:label></xf:input><xf:input ref="firstNames"><xf:label id="firstNames">First names</xf:label></xf:input><xf:input ref="name"><xf:label id="name">Name</xf:label></xf:input><xf:input ref="street"><xf:label id="street">Street</xf:label></xf:input><xf:input ref="city"><xf:label id="city">City</xf:label></xf:input><xf:input ref="zip"><xf:label id="zip">Zip</xf:label><xf:alert>Please put your ZIP code here</xf:alert></xf:input><xf:select1 appearance="minimal" ref="country"><xf:label id="country">Country</xf:label><xf:itemset nodeset="instance('i-countries')/country"><xf:label ref="name"/><xf:value ref="value"/><xf:message ev:event="xforms-select" level="ephemeral">changed country</xf:message></xf:itemset></xf:select1><xf:trigger class="contactsUpdateMasterTrigger"><xf:label>update table</xf:label><xf:hint>This button will update the table above with the data from the subform</xf:hint><xf:send submission="s-update-master"/></xf:trigger></xf:group></div>