<collection xmlns="http://exist.sourceforge.net/NS/exist" name="/db/apps/dashboard/resources/css" owner="admin" group="dba" mode="775" created="2014-08-20T03:28:07+09:00" version="1">
    <acl entries="0" version="1"/>
    <resource type="BinaryResource" name="global.less" owner="admin" group="dba" mode="775" created="2014-08-20T03:28:07+09:00" modified="2014-08-20T03:28:07+09:00" filename="global.less" mimetype="application/less">
        <acl entries="0" version="1"/>
    </resource>
    <resource type="BinaryResource" name="Quicksand_Book-webfont.ttf" owner="admin" group="dba" mode="775" created="2014-08-20T03:28:07+09:00" modified="2014-08-20T03:28:07+09:00" filename="Quicksand_Book-webfont.ttf" mimetype="application/octet-stream">
        <acl entries="0" version="1"/>
    </resource>
    <resource type="BinaryResource" name="fonts.css" owner="admin" group="dba" mode="775" created="2014-08-20T03:28:07+09:00" modified="2014-08-20T03:28:07+09:00" filename="fonts.css" mimetype="text/css">
        <acl entries="0" version="1"/>
    </resource>
    <resource type="BinaryResource" name="Quicksand_Book-webfont.eot" owner="admin" group="dba" mode="775" created="2014-08-20T03:28:07+09:00" modified="2014-08-20T03:28:07+09:00" filename="Quicksand_Book-webfont.eot" mimetype="application/octet-stream">
        <acl entries="0" version="1"/>
    </resource>
    <resource type="BinaryResource" name="base.less" owner="admin" group="dba" mode="775" created="2014-08-20T03:28:07+09:00" modified="2014-08-20T03:28:07+09:00" filename="base.less" mimetype="application/less">
        <acl entries="0" version="1"/>
    </resource>
    <resource type="BinaryResource" name="global.css" owner="admin" group="dba" mode="775" created="2014-08-20T03:28:07+09:00" modified="2014-08-20T03:28:07+09:00" filename="global.css" mimetype="text/css">
        <acl entries="0" version="1"/>
    </resource>
    <resource type="XMLResource" name="Quicksand_Book-webfont.svg" owner="admin" group="dba" mode="775" created="2014-08-20T03:28:07+09:00" modified="2014-08-20T03:28:07+09:00" filename="Quicksand_Book-webfont.svg" mimetype="image/svg+xml">
        <acl entries="0" version="1"/>
    </resource>
    <resource type="BinaryResource" name="Quicksand_Book-webfont.woff" owner="admin" group="dba" mode="775" created="2014-08-20T03:28:07+09:00" modified="2014-08-20T03:28:07+09:00" filename="Quicksand_Book-webfont.woff" mimetype="application/font-woff">
        <acl entries="0" version="1"/>
    </resource>
    <resource type="BinaryResource" name="base.css" owner="admin" group="dba" mode="775" created="2014-08-20T03:28:07+09:00" modified="2014-08-20T03:28:07+09:00" filename="base.css" mimetype="text/css">
        <acl entries="0" version="1"/>
    </resource>
</collection>