<collection xmlns="http://exist.sourceforge.net/NS/exist" name="/db/apps/betterform/demo/styles" owner="admin" group="dba" mode="775" created="2014-11-24T05:29:04+09:00" version="1">
    <acl entries="0" version="1"/>
    <resource type="BinaryResource" name="registration.css" owner="admin" group="dba" mode="775" created="2014-08-20T03:28:07+09:00" modified="2014-08-20T03:28:07+09:00" filename="registration.css" mimetype="text/css">
        <acl entries="0" version="1"/>
    </resource>
    <resource type="BinaryResource" name="demo.css" owner="admin" group="dba" mode="775" created="2014-08-20T03:28:07+09:00" modified="2014-08-20T03:28:07+09:00" filename="demo.css" mimetype="text/css">
        <acl entries="0" version="1"/>
    </resource>
    <resource type="BinaryResource" name="registration.less" owner="admin" group="dba" mode="775" created="2014-08-20T03:28:07+09:00" modified="2014-08-20T03:28:07+09:00" filename="registration.less" mimetype="application/less">
        <acl entries="0" version="1"/>
    </resource>
    <resource type="BinaryResource" name="demo.less" owner="admin" group="dba" mode="775" created="2014-08-20T03:28:07+09:00" modified="2014-08-20T03:28:07+09:00" filename="demo.less" mimetype="application/less">
        <acl entries="0" version="1"/>
    </resource>
</collection>