<note id="undefined"><NoteItemContainerComplaint left="auto" top="auto"/><NoteItemContainerDisease left="auto" top="auto"/><NoteItemContainerMedicalCheck left="auto" top="auto"><NoteItemMedicalCheck id="9750566603"><formats><medical-check-name>レフ・ケラト</medical-check-name></formats><attachments/><remarks/></NoteItemMedicalCheck></NoteItemContainerMedicalCheck><NoteItemContainerPrescription left="299px" top="190px"><NoteItemPrescription id="359403642"><formats/><attachments/><remarks/></NoteItemPrescription></NoteItemContainerPrescription><NoteItemContainerOperation left="301px" top="169px"><NoteItemOperation id="1462835129"><formats><operation-name>レーザー手術</operation-name></formats><attachments/><remarks>aaa<br/>bbb</remarks></NoteItemOperation></NoteItemContainerOperation><NoteItemContainerMemo left="292px" top="322px"/><NoteItemContainerScheme left="306px" top="382px"/></note>