<collection xmlns="http://exist.sourceforge.net/NS/exist" name="/db/apps/doc/data" owner="admin" group="dba" mode="775" created="2014-11-24T05:29:58+09:00" version="1">
    <acl entries="0" version="1"/>
    <resource type="XMLResource" name="xqsuite.xml" owner="admin" group="dba" mode="664" created="2014-08-20T03:28:16+09:00" modified="2014-08-20T03:28:16+09:00" filename="xqsuite.xml" mimetype="application/xml">
        <acl entries="0" version="1"/>
    </resource>
    <resource type="XMLResource" name="running-trunk.xml" owner="admin" group="dba" mode="664" created="2014-08-20T03:28:16+09:00" modified="2014-08-20T03:28:16+09:00" filename="running-trunk.xml" mimetype="application/xml">
        <acl entries="0" version="1"/>
    </resource>
    <resource type="XMLResource" name="config-fluent.xml" owner="admin" group="dba" mode="664" created="2014-08-20T03:28:16+09:00" modified="2014-08-20T03:28:16+09:00" filename="config-fluent.xml" mimetype="application/xml">
        <acl entries="0" version="1"/>
    </resource>
    <resource type="XMLResource" name="http-request-session.xml" owner="admin" group="dba" mode="664" created="2014-08-20T03:28:16+09:00" modified="2014-08-20T03:28:16+09:00" filename="http-request-session.xml" mimetype="application/xml">
        <acl entries="0" version="1"/>
    </resource>
    <resource type="XMLResource" name="roadmap.xml" owner="admin" group="dba" mode="664" created="2014-08-20T03:28:16+09:00" modified="2014-08-20T03:28:16+09:00" filename="roadmap.xml" mimetype="application/xml">
        <acl entries="0" version="1"/>
    </resource>
    <resource type="XMLResource" name="xforms.xml" owner="admin" group="dba" mode="664" created="2014-08-20T03:28:16+09:00" modified="2014-08-20T03:28:16+09:00" filename="xforms.xml" mimetype="application/xml">
        <acl entries="0" version="1"/>
    </resource>
    <resource type="XMLResource" name="devguide_xmldb.xml" owner="admin" group="dba" mode="664" created="2014-08-20T03:28:16+09:00" modified="2014-08-20T03:28:16+09:00" filename="devguide_xmldb.xml" mimetype="application/xml">
        <acl entries="0" version="1"/>
    </resource>
    <resource type="XMLResource" name="config-xslt.xml" owner="admin" group="dba" mode="664" created="2014-08-20T03:28:16+09:00" modified="2014-08-20T03:28:16+09:00" filename="config-xslt.xml" mimetype="application/xml">
        <acl entries="0" version="1"/>
    </resource>
    <resource type="XMLResource" name="dashboard.xml" owner="admin" group="dba" mode="664" created="2014-08-20T03:28:16+09:00" modified="2014-08-20T03:28:16+09:00" filename="dashboard.xml" mimetype="application/xml">
        <acl entries="0" version="1"/>
    </resource>
    <resource type="XMLResource" name="ldap-security.xml" owner="admin" group="dba" mode="664" created="2014-08-20T03:28:16+09:00" modified="2014-08-20T03:28:16+09:00" filename="ldap-security.xml" mimetype="application/xml">
        <acl entries="0" version="1"/>
    </resource>
    <resource type="BinaryResource" name="testvars.xq" owner="admin" group="dba" mode="775" created="2014-08-20T03:28:16+09:00" modified="2014-08-20T03:28:16+09:00" filename="testvars.xq" mimetype="application/xquery">
        <acl entries="0" version="1"/>
    </resource>
    <resource type="XMLResource" name="advanced-installation.xml" owner="admin" group="dba" mode="664" created="2014-08-20T03:28:16+09:00" modified="2014-08-20T03:28:16+09:00" filename="advanced-installation.xml" mimetype="application/xml">
        <acl entries="0" version="1"/>
    </resource>
    <resource type="XMLResource" name="function_modules.xml" owner="admin" group="dba" mode="664" created="2014-08-20T03:28:16+09:00" modified="2014-08-20T03:28:16+09:00" filename="function_modules.xml" mimetype="application/xml">
        <acl entries="0" version="1"/>
    </resource>
    <resource type="XMLResource" name="replication.xml" owner="admin" group="dba" mode="664" created="2014-08-20T03:28:16+09:00" modified="2014-08-20T03:28:16+09:00" filename="replication.xml" mimetype="application/xml">
        <acl entries="0" version="1"/>
    </resource>
    <resource type="XMLResource" name="config-versioning.xml" owner="admin" group="dba" mode="664" created="2014-08-20T03:28:16+09:00" modified="2014-08-20T03:28:16+09:00" filename="config-versioning.xml" mimetype="application/xml">
        <acl entries="0" version="1"/>
    </resource>
    <resource type="XMLResource" name="faq_performance.xml" owner="admin" group="dba" mode="664" created="2014-08-20T03:28:16+09:00" modified="2014-08-20T03:28:16+09:00" filename="faq_performance.xml" mimetype="application/xml">
        <acl entries="0" version="1"/>
    </resource>
    <resource type="XMLResource" name="template.xml" owner="admin" group="dba" mode="664" created="2014-08-20T03:28:16+09:00" modified="2014-08-20T03:28:16+09:00" filename="template.xml" mimetype="application/xml">
        <acl entries="0" version="1"/>
    </resource>
    <resource type="XMLResource" name="xacml-features.xml" owner="admin" group="dba" mode="664" created="2014-08-20T03:28:16+09:00" modified="2014-08-20T03:28:16+09:00" filename="xacml-features.xml" mimetype="application/xml">
        <acl entries="0" version="1"/>
    </resource>
    <resource type="XMLResource" name="devguide_codereview.xml" owner="admin" group="dba" mode="664" created="2014-08-20T03:28:16+09:00" modified="2014-08-20T03:28:16+09:00" filename="devguide_codereview.xml" mimetype="application/xml">
        <acl entries="0" version="1"/>
    </resource>
    <resource type="XMLResource" name="contentextraction.xml" owner="admin" group="dba" mode="664" created="2014-08-20T03:28:16+09:00" modified="2014-08-20T03:28:16+09:00" filename="contentextraction.xml" mimetype="application/xml">
        <acl entries="0" version="1"/>
    </resource>
    <resource type="XMLResource" name="building.xml" owner="admin" group="dba" mode="664" created="2014-08-20T03:28:16+09:00" modified="2014-08-20T03:28:16+09:00" filename="building.xml" mimetype="application/xml">
        <acl entries="0" version="1"/>
    </resource>
    <resource type="XMLResource" name="xquery.xml" owner="admin" group="dba" mode="664" created="2014-08-20T03:28:16+09:00" modified="2014-08-20T03:28:16+09:00" filename="xquery.xml" mimetype="application/xml">
        <acl entries="0" version="1"/>
    </resource>
    <resource type="XMLResource" name="extensions.xml" owner="admin" group="dba" mode="664" created="2014-08-20T03:28:16+09:00" modified="2014-08-20T03:28:16+09:00" filename="extensions.xml" mimetype="application/xml">
        <acl entries="0" version="1"/>
    </resource>
    <resource type="XMLResource" name="index.xml" owner="admin" group="dba" mode="664" created="2014-08-20T03:28:16+09:00" modified="2014-08-20T03:28:16+09:00" filename="index.xml" mimetype="application/xml">
        <acl entries="0" version="1"/>
    </resource>
    <resource type="XMLResource" name="config-compression.xml" owner="admin" group="dba" mode="664" created="2014-08-20T03:28:16+09:00" modified="2014-08-20T03:28:16+09:00" filename="config-compression.xml" mimetype="application/xml">
        <acl entries="0" version="1"/>
    </resource>
    <resource type="XMLResource" name="videos.xml" owner="admin" group="dba" mode="664" created="2014-08-20T03:28:16+09:00" modified="2014-08-20T03:28:16+09:00" filename="videos.xml" mimetype="application/xml">
        <acl entries="0" version="1"/>
    </resource>
    <resource type="XMLResource" name="legal.xml" owner="admin" group="dba" mode="664" created="2014-08-20T03:28:16+09:00" modified="2014-08-20T03:28:16+09:00" filename="legal.xml" mimetype="application/xml">
        <acl entries="0" version="1"/>
    </resource>
    <resource type="XMLResource" name="disclaimer-short.xml" owner="admin" group="dba" mode="664" created="2014-08-20T03:28:16+09:00" modified="2014-08-20T03:28:16+09:00" filename="disclaimer-short.xml" mimetype="application/xml">
        <acl entries="0" version="1"/>
    </resource>
    <resource type="XMLResource" name="troubleshooting.xml" owner="admin" group="dba" mode="664" created="2014-08-20T03:28:16+09:00" modified="2014-08-20T03:28:16+09:00" filename="troubleshooting.xml" mimetype="application/xml">
        <acl entries="0" version="1"/>
    </resource>
    <resource type="XMLResource" name="config-xqdoc.xml" owner="admin" group="dba" mode="664" created="2014-08-20T03:28:16+09:00" modified="2014-08-20T03:28:16+09:00" filename="config-xqdoc.xml" mimetype="application/xml">
        <acl entries="0" version="1"/>
    </resource>
    <resource type="XMLResource" name="eclipse.xml" owner="admin" group="dba" mode="664" created="2014-08-20T03:28:16+09:00" modified="2014-08-20T03:28:16+09:00" filename="eclipse.xml" mimetype="application/xml">
        <acl entries="0" version="1"/>
    </resource>
    <resource type="XMLResource" name="xqdoc.xml" owner="admin" group="dba" mode="664" created="2014-08-20T03:28:16+09:00" modified="2014-08-20T03:28:16+09:00" filename="xqdoc.xml" mimetype="application/xml">
        <acl entries="0" version="1"/>
    </resource>
    <resource type="XMLResource" name="kwic.xml" owner="admin" group="dba" mode="664" created="2014-08-20T03:28:16+09:00" modified="2014-08-20T03:28:16+09:00" filename="kwic.xml" mimetype="application/xml">
        <acl entries="0" version="1"/>
    </resource>
    <resource type="XMLResource" name="facts.xml" owner="admin" group="dba" mode="664" created="2014-08-20T03:28:16+09:00" modified="2014-08-20T03:28:16+09:00" filename="facts.xml" mimetype="application/xml">
        <acl entries="0" version="1"/>
    </resource>
    <resource type="XMLResource" name="devguide_rest.xml" owner="admin" group="dba" mode="664" created="2014-08-20T03:28:16+09:00" modified="2014-08-20T03:28:16+09:00" filename="devguide_rest.xml" mimetype="application/xml">
        <acl entries="0" version="1"/>
    </resource>
    <resource type="XMLResource" name="xinclude.xml" owner="admin" group="dba" mode="664" created="2014-08-20T03:28:16+09:00" modified="2014-08-20T03:28:16+09:00" filename="xinclude.xml" mimetype="application/xml">
        <acl entries="0" version="1"/>
    </resource>
    <resource type="XMLResource" name="devguide_indexes.xml" owner="admin" group="dba" mode="664" created="2014-08-20T03:28:16+09:00" modified="2014-08-20T03:28:16+09:00" filename="devguide_indexes.xml" mimetype="application/xml">
        <acl entries="0" version="1"/>
    </resource>
    <resource type="XMLResource" name="download.xml" owner="admin" group="dba" mode="664" created="2014-08-20T03:28:16+09:00" modified="2014-08-20T03:28:16+09:00" filename="download.xml" mimetype="application/xml">
        <acl entries="0" version="1"/>
    </resource>
    <resource type="XMLResource" name="uploading-files.xml" owner="admin" group="dba" mode="664" created="2014-08-20T03:28:16+09:00" modified="2014-08-20T03:28:16+09:00" filename="uploading-files.xml" mimetype="application/xml">
        <acl entries="0" version="1"/>
    </resource>
    <resource type="XMLResource" name="configuration.xml" owner="admin" group="dba" mode="664" created="2014-08-20T03:28:16+09:00" modified="2014-08-20T03:28:16+09:00" filename="configuration.xml" mimetype="application/xml">
        <acl entries="0" version="1"/>
    </resource>
    <resource type="XMLResource" name="devguide_manifesto.xml" owner="admin" group="dba" mode="664" created="2014-08-20T03:28:17+09:00" modified="2014-08-20T03:28:17+09:00" filename="devguide_manifesto.xml" mimetype="application/xml">
        <acl entries="0" version="1"/>
    </resource>
    <resource type="XMLResource" name="devguide_xmlrpc.xml" owner="admin" group="dba" mode="664" created="2014-08-20T03:28:17+09:00" modified="2014-08-20T03:28:17+09:00" filename="devguide_xmlrpc.xml" mimetype="application/xml">
        <acl entries="0" version="1"/>
    </resource>
    <resource type="XMLResource" name="templating.xml" owner="admin" group="dba" mode="664" created="2014-08-20T03:28:17+09:00" modified="2014-08-20T03:28:17+09:00" filename="templating.xml" mimetype="application/xml">
        <acl entries="0" version="1"/>
    </resource>
    <resource type="XMLResource" name="quickstart.xml" owner="admin" group="dba" mode="664" created="2014-08-20T03:28:17+09:00" modified="2014-08-20T03:28:17+09:00" filename="quickstart.xml" mimetype="application/xml">
        <acl entries="0" version="1"/>
    </resource>
    <resource type="XMLResource" name="util.xml" owner="admin" group="dba" mode="664" created="2014-08-20T03:28:17+09:00" modified="2014-08-20T03:28:17+09:00" filename="util.xml" mimetype="application/xml">
        <acl entries="0" version="1"/>
    </resource>
    <resource type="XMLResource" name="xmlprague06.xml" owner="admin" group="dba" mode="664" created="2014-08-20T03:28:17+09:00" modified="2014-08-20T03:28:17+09:00" filename="xmlprague06.xml" mimetype="application/xml">
        <acl entries="0" version="1"/>
    </resource>
    <resource type="XMLResource" name="production_good_practice.xml" owner="admin" group="dba" mode="664" created="2014-08-20T03:28:17+09:00" modified="2014-08-20T03:28:17+09:00" filename="production_good_practice.xml" mimetype="application/xml">
        <acl entries="0" version="1"/>
    </resource>
    <resource type="XMLResource" name="config-counter.xml" owner="admin" group="dba" mode="664" created="2014-08-20T03:28:17+09:00" modified="2014-08-20T03:28:17+09:00" filename="config-counter.xml" mimetype="application/xml">
        <acl entries="0" version="1"/>
    </resource>
    <resource type="XMLResource" name="disclaimer.xml" owner="admin" group="dba" mode="664" created="2014-08-20T03:28:17+09:00" modified="2014-08-20T03:28:17+09:00" filename="disclaimer.xml" mimetype="application/xml">
        <acl entries="0" version="1"/>
    </resource>
    <resource type="XMLResource" name="ant-tasks.xml" owner="admin" group="dba" mode="664" created="2014-08-20T03:28:17+09:00" modified="2014-08-20T03:28:17+09:00" filename="ant-tasks.xml" mimetype="application/xml">
        <acl entries="0" version="1"/>
    </resource>
    <resource type="XMLResource" name="jmx.xml" owner="admin" group="dba" mode="664" created="2014-08-20T03:28:17+09:00" modified="2014-08-20T03:28:17+09:00" filename="jmx.xml" mimetype="application/xml">
        <acl entries="0" version="1"/>
    </resource>
    <resource type="XMLResource" name="indexing.xml" owner="admin" group="dba" mode="664" created="2014-08-20T03:28:17+09:00" modified="2014-08-20T03:28:17+09:00" filename="indexing.xml" mimetype="application/xml">
        <acl entries="0" version="1"/>
    </resource>
    <resource type="XMLResource" name="xsl-transform.xml" owner="admin" group="dba" mode="664" created="2014-08-20T03:28:17+09:00" modified="2014-08-20T03:28:17+09:00" filename="xsl-transform.xml" mimetype="application/xml">
        <acl entries="0" version="1"/>
    </resource>
    <resource type="XMLResource" name="config-file.xml" owner="admin" group="dba" mode="664" created="2014-08-20T03:28:17+09:00" modified="2014-08-20T03:28:17+09:00" filename="config-file.xml" mimetype="application/xml">
        <acl entries="0" version="1"/>
    </resource>
    <resource type="XMLResource" name="credits.xml" owner="admin" group="dba" mode="664" created="2014-08-20T03:28:17+09:00" modified="2014-08-20T03:28:17+09:00" filename="credits.xml" mimetype="application/xml">
        <acl entries="0" version="1"/>
    </resource>
    <resource type="XMLResource" name="security.xml" owner="admin" group="dba" mode="664" created="2014-08-20T03:28:17+09:00" modified="2014-08-20T03:28:17+09:00" filename="security.xml" mimetype="application/xml">
        <acl entries="0" version="1"/>
    </resource>
    <resource type="XMLResource" name="devguide_soap.xml" owner="admin" group="dba" mode="664" created="2014-08-20T03:28:17+09:00" modified="2014-08-20T03:28:17+09:00" filename="devguide_soap.xml" mimetype="application/xml">
        <acl entries="0" version="1"/>
    </resource>
    <resource type="XMLResource" name="config-datetime.xml" owner="admin" group="dba" mode="664" created="2014-08-20T03:28:17+09:00" modified="2014-08-20T03:28:17+09:00" filename="config-datetime.xml" mimetype="application/xml">
        <acl entries="0" version="1"/>
    </resource>
    <resource type="XMLResource" name="production_web_proxying.xml" owner="admin" group="dba" mode="664" created="2014-08-20T03:28:17+09:00" modified="2014-08-20T03:28:17+09:00" filename="production_web_proxying.xml" mimetype="application/xml">
        <acl entries="0" version="1"/>
    </resource>
    <resource type="XMLResource" name="atompub.xml" owner="admin" group="dba" mode="664" created="2014-08-20T03:28:17+09:00" modified="2014-08-20T03:28:17+09:00" filename="atompub.xml" mimetype="application/xml">
        <acl entries="0" version="1"/>
    </resource>
    <resource type="XMLResource" name="java-admin-client.xml" owner="admin" group="dba" mode="664" created="2014-08-20T03:28:17+09:00" modified="2014-08-20T03:28:17+09:00" filename="java-admin-client.xml" mimetype="application/xml">
        <acl entries="0" version="1"/>
    </resource>
    <resource type="XMLResource" name="versioning.xml" owner="admin" group="dba" mode="664" created="2014-08-20T03:28:17+09:00" modified="2014-08-20T03:28:17+09:00" filename="versioning.xml" mimetype="application/xml">
        <acl entries="0" version="1"/>
    </resource>
    <resource type="XMLResource" name="triggers.xml" owner="admin" group="dba" mode="664" created="2014-08-20T03:28:17+09:00" modified="2014-08-20T03:28:17+09:00" filename="triggers.xml" mimetype="application/xml">
        <acl entries="0" version="1"/>
    </resource>
    <resource type="XMLResource" name="webdav.xml" owner="admin" group="dba" mode="664" created="2014-08-20T03:28:17+09:00" modified="2014-08-20T03:28:17+09:00" filename="webdav.xml" mimetype="application/xml">
        <acl entries="0" version="1"/>
    </resource>
    <resource type="XMLResource" name="learning-xquery.xml" owner="admin" group="dba" mode="664" created="2014-08-20T03:28:17+09:00" modified="2014-08-20T03:28:17+09:00" filename="learning-xquery.xml" mimetype="application/xml">
        <acl entries="0" version="1"/>
    </resource>
    <resource type="XMLResource" name="documentation.xml" owner="admin" group="dba" mode="664" created="2014-08-20T03:28:17+09:00" modified="2014-08-20T03:28:17+09:00" filename="documentation.xml" mimetype="application/xml">
        <acl entries="0" version="1"/>
    </resource>
    <resource type="XMLResource" name="scheduler.xml" owner="admin" group="dba" mode="664" created="2014-08-20T03:28:17+09:00" modified="2014-08-20T03:28:17+09:00" filename="scheduler.xml" mimetype="application/xml">
        <acl entries="0" version="1"/>
    </resource>
    <resource type="XMLResource" name="upgrading.xml" owner="admin" group="dba" mode="664" created="2014-08-20T03:28:17+09:00" modified="2014-08-20T03:28:17+09:00" filename="upgrading.xml" mimetype="application/xml">
        <acl entries="0" version="1"/>
    </resource>
    <resource type="XMLResource" name="config-context.xml" owner="admin" group="dba" mode="664" created="2014-08-20T03:28:17+09:00" modified="2014-08-20T03:28:17+09:00" filename="config-context.xml" mimetype="application/xml">
        <acl entries="0" version="1"/>
    </resource>
    <resource type="XMLResource" name="devguide.xml" owner="admin" group="dba" mode="664" created="2014-08-20T03:28:17+09:00" modified="2014-08-20T03:28:17+09:00" filename="devguide.xml" mimetype="application/xml">
        <acl entries="0" version="1"/>
    </resource>
    <resource type="XMLResource" name="acknowledge.xml" owner="admin" group="dba" mode="664" created="2014-08-20T03:28:17+09:00" modified="2014-08-20T03:28:17+09:00" filename="acknowledge.xml" mimetype="application/xml">
        <acl entries="0" version="1"/>
    </resource>
    <resource type="XMLResource" name="getting-help.xml" owner="admin" group="dba" mode="664" created="2014-08-20T03:28:17+09:00" modified="2014-08-20T03:28:17+09:00" filename="getting-help.xml" mimetype="application/xml">
        <acl entries="0" version="1"/>
    </resource>
    <resource type="XMLResource" name="older-versions.xml" owner="admin" group="dba" mode="664" created="2014-08-20T03:28:17+09:00" modified="2014-08-20T03:28:17+09:00" filename="older-versions.xml" mimetype="application/xml">
        <acl entries="0" version="1"/>
    </resource>
    <resource type="XMLResource" name="update_ext.xml" owner="admin" group="dba" mode="664" created="2014-08-20T03:28:17+09:00" modified="2014-08-20T03:28:17+09:00" filename="update_ext.xml" mimetype="application/xml">
        <acl entries="0" version="1"/>
    </resource>
    <resource type="XMLResource" name="debugger.xml" owner="admin" group="dba" mode="664" created="2014-08-20T03:28:17+09:00" modified="2014-08-20T03:28:17+09:00" filename="debugger.xml" mimetype="application/xml">
        <acl entries="0" version="1"/>
    </resource>
    <resource type="XMLResource" name="tuning.xml" owner="admin" group="dba" mode="664" created="2014-08-20T03:28:17+09:00" modified="2014-08-20T03:28:17+09:00" filename="tuning.xml" mimetype="application/xml">
        <acl entries="0" version="1"/>
    </resource>
    <resource type="XMLResource" name="deployment.xml" owner="admin" group="dba" mode="664" created="2014-08-20T03:28:17+09:00" modified="2014-08-20T03:28:17+09:00" filename="deployment.xml" mimetype="application/xml">
        <acl entries="0" version="1"/>
    </resource>
    <resource type="XMLResource" name="oxygen.xml" owner="admin" group="dba" mode="664" created="2014-08-20T03:28:17+09:00" modified="2014-08-20T03:28:17+09:00" filename="oxygen.xml" mimetype="application/xml">
        <acl entries="0" version="1"/>
    </resource>
    <resource type="XMLResource" name="validation.xml" owner="admin" group="dba" mode="664" created="2014-08-20T03:28:17+09:00" modified="2014-08-20T03:28:17+09:00" filename="validation.xml" mimetype="application/xml">
        <acl entries="0" version="1"/>
    </resource>
    <resource type="XMLResource" name="backup.xml" owner="admin" group="dba" mode="664" created="2014-08-20T03:28:17+09:00" modified="2014-08-20T03:28:17+09:00" filename="backup.xml" mimetype="application/xml">
        <acl entries="0" version="1"/>
    </resource>
    <resource type="XMLResource" name="xacml-usage.xml" owner="admin" group="dba" mode="664" created="2014-08-20T03:28:17+09:00" modified="2014-08-20T03:28:17+09:00" filename="xacml-usage.xml" mimetype="application/xml">
        <acl entries="0" version="1"/>
    </resource>
    <resource type="XMLResource" name="beginners-guide-to-xrx-v4.xml" owner="admin" group="dba" mode="664" created="2014-08-20T03:28:17+09:00" modified="2014-08-20T03:28:17+09:00" filename="beginners-guide-to-xrx-v4.xml" mimetype="application/xml">
        <acl entries="0" version="1"/>
    </resource>
    <resource type="XMLResource" name="community.xml" owner="admin" group="dba" mode="664" created="2014-08-20T03:28:17+09:00" modified="2014-08-20T03:28:17+09:00" filename="community.xml" mimetype="application/xml">
        <acl entries="0" version="1"/>
    </resource>
    <resource type="XMLResource" name="development-starter.xml" owner="admin" group="dba" mode="664" created="2014-08-20T03:28:17+09:00" modified="2014-08-20T03:28:17+09:00" filename="development-starter.xml" mimetype="application/xml">
        <acl entries="0" version="1"/>
    </resource>
    <resource type="XMLResource" name="xmldb.xml" owner="admin" group="dba" mode="664" created="2014-08-20T03:28:17+09:00" modified="2014-08-20T03:28:17+09:00" filename="xmldb.xml" mimetype="application/xml">
        <acl entries="0" version="1"/>
    </resource>
    <resource type="XMLResource" name="config-example.xml" owner="admin" group="dba" mode="664" created="2014-08-20T03:28:17+09:00" modified="2014-08-20T03:28:17+09:00" filename="config-example.xml" mimetype="application/xml">
        <acl entries="0" version="1"/>
    </resource>
    <resource type="XMLResource" name="config-cache.xml" owner="admin" group="dba" mode="664" created="2014-08-20T03:28:17+09:00" modified="2014-08-20T03:28:17+09:00" filename="config-cache.xml" mimetype="application/xml">
        <acl entries="0" version="1"/>
    </resource>
    <resource type="XMLResource" name="urlrewrite.xml" owner="admin" group="dba" mode="664" created="2014-08-20T03:28:17+09:00" modified="2014-08-20T03:28:17+09:00" filename="urlrewrite.xml" mimetype="application/xml">
        <acl entries="0" version="1"/>
    </resource>
    <resource type="XMLResource" name="lucene.xml" owner="admin" group="dba" mode="664" created="2014-08-20T03:28:17+09:00" modified="2014-08-20T03:28:17+09:00" filename="lucene.xml" mimetype="application/xml">
        <acl entries="0" version="1"/>
    </resource>
    <resource type="XMLResource" name="ftlegacy.xml" owner="admin" group="dba" mode="664" created="2014-08-20T03:28:17+09:00" modified="2014-08-20T03:28:17+09:00" filename="ftlegacy.xml" mimetype="application/xml">
        <acl entries="0" version="1"/>
    </resource>
    <resource type="XMLResource" name="xacml-dev.xml" owner="admin" group="dba" mode="664" created="2014-08-20T03:28:17+09:00" modified="2014-08-20T03:28:17+09:00" filename="xacml-dev.xml" mimetype="application/xml">
        <acl entries="0" version="1"/>
    </resource>
    <resource type="XMLResource" name="readying-centos-for-exist.xml" owner="admin" group="dba" mode="664" created="2014-08-20T03:28:17+09:00" modified="2014-08-20T03:28:17+09:00" filename="readying-centos-for-exist.xml" mimetype="application/xml">
        <acl entries="0" version="1"/>
    </resource>
    <resource type="XMLResource" name="ngram.xml" owner="admin" group="dba" mode="664" created="2014-08-20T03:28:17+09:00" modified="2014-08-20T03:28:17+09:00" filename="ngram.xml" mimetype="application/xml">
        <acl entries="0" version="1"/>
    </resource>
    <resource type="XMLResource" name="xacml.xml" owner="admin" group="dba" mode="664" created="2014-08-20T03:28:17+09:00" modified="2014-08-20T03:28:17+09:00" filename="xacml.xml" mimetype="application/xml">
        <acl entries="0" version="1"/>
    </resource>
    <resource type="XMLResource" name="repo.xml" owner="admin" group="dba" mode="664" created="2014-08-20T03:28:17+09:00" modified="2014-08-20T03:28:17+09:00" filename="repo.xml" mimetype="application/xml">
        <acl entries="0" version="1"/>
    </resource>
    <resource type="XMLResource" name="subversion-module.xml" owner="admin" group="dba" mode="664" created="2014-08-20T03:28:17+09:00" modified="2014-08-20T03:28:17+09:00" filename="subversion-module.xml" mimetype="application/xml">
        <acl entries="0" version="1"/>
    </resource>
    <resource type="XMLResource" name="getting-help-how-to-report.xml" owner="admin" group="dba" mode="664" created="2014-08-20T03:28:17+09:00" modified="2014-08-20T03:28:17+09:00" filename="getting-help-how-to-report.xml" mimetype="application/xml">
        <acl entries="0" version="1"/>
    </resource>
    <resource type="XMLResource" name="devguide_log4j.xml" owner="admin" group="dba" mode="664" created="2014-08-20T03:28:17+09:00" modified="2014-08-20T03:28:17+09:00" filename="devguide_log4j.xml" mimetype="application/xml">
        <acl entries="0" version="1"/>
    </resource>
    <resource type="XMLResource" name="using-collections.xml" owner="admin" group="dba" mode="664" created="2014-08-20T03:28:17+09:00" modified="2014-08-20T03:28:17+09:00" filename="using-collections.xml" mimetype="application/xml">
        <acl entries="0" version="1"/>
    </resource>
    <resource type="XMLResource" name="xacml-intro.xml" owner="admin" group="dba" mode="664" created="2014-08-20T03:28:17+09:00" modified="2014-08-20T03:28:17+09:00" filename="xacml-intro.xml" mimetype="application/xml">
        <acl entries="0" version="1"/>
    </resource>
    <resource type="BinaryResource" name="display-collection.xq" owner="admin" group="dba" mode="775" created="2014-08-20T03:28:16+09:00" modified="2014-08-20T03:28:16+09:00" filename="display-collection.xq" mimetype="application/xquery">
        <acl entries="0" version="1"/>
    </resource>
</collection>