<book><bookinfo><productname>eXist-db – Open Source Native XML Database</productname><title>eXist-db community</title><date>June 2011</date><author><firstname>Dannes</firstname><surname>Wessels</surname><affiliation><address format="linespecific"><email>dannes at exist-db.org</email></address></affiliation></author></bookinfo><chapter><title>eXist-db community</title><para>Lorem ipsum dolor sit amet, consectetur adipiscing elit. Sed eu metus dui. Fusce enim arcu, molestie nec
            laoreet a, tempus eu magna. Sed pharetra leo vitae tellus porttitor hendrerit. Fusce commodo nisi vel purus
            faucibus sit amet scelerisque mi ultricies. Phasellus massa ligula, tristique non dignissim ac, semper nec
            erat. Mauris accumsan cursus accumsan. Quisque molestie velit eu nibh fringilla viverra mattis quam
            faucibus. Aenean et ultricies lectus. Ut eu felis purus. Etiam mi magna, vestibulum nec commodo sed, varius
            vitae lacus.</para><section><title>General</title><table class="general"><tgroup cols="2"><tbody><tr><td class="doclink"><ulink url="http://code.google.com/p/atombeat/wiki/AtomBeat">AtomBeat</ulink></td><td>AtomBeat is an implementation of the Atom Publishing Protocol, with a number of extended features including support for versioning, access control and link expansion.
                                AtomBeat can be used off-the-shelf as a generic content and data server.
                                AtomBeat also has a plug-in framework which can be used to develop application-specific web services based on the Atom Protocol and following the REST style.
                                AtomBeat is built atop eXist-db.
                            </td></tr><tr><td class="doclink"><ulink url="https://github.com/emory-libraries/eulexistdb">EULexistdb</ulink></td><td>EULexistdb is a Python module that provides utilities and classes for interacting with 
                                the eXist-db XML Database (version 1.4) in a pythonic, object-oriented way, with optional Django integration.</td></tr><tr><td class="doclink"><ulink url="http://code.google.com/p/existdb-contrib/">eXist-db contrib</ulink></td><td>eXist-db contrib is a collection of tools, module, functions, extensions, etc. for eXist-db, hosted by google code - a
                                "playground for code that might be integrated with the eXist database in the future".</td></tr><tr><td class="doclink"><ulink url="http://fluent.exist-db.org/">Fluent</ulink></td><td>Piotr Kaminski contributed an extension package org.exist.fluent, an API for databases running in embedded mode that takes
                                advantage of Java 5.0 features.</td></tr><tr><td class="doclink"><ulink url="https://github.com/knipknap/pyexist">PYexist</ulink></td><td>A simple Python library for communicating with an eXist-db XML database via its REST API</td></tr><tr><td class="doclink"><ulink url="https://github.com/fsteeg/sinist">Sinist</ulink></td><td>A simple (and very early) Scala wrapper to access eXist-db</td></tr><tr><td class="doclink"><ulink url="http://www.xqjapi.com/exist/">XQJ API</ulink></td><td>A very fast XQJ API implementation for eXist-db, released by Charles Foster.</td></tr><tr><td class="doclink"><ulink url="http://www.xmlsh.org/ModuleExist">xmlsh - XML Shell</ulink></td><td>An extension for connecting to exist-db from xmlsh, the command line shell for XML released by David A. Lee.</td></tr><tr><td class="doclink"><ulink url="http://montag.sourceforge.net/docs/configuration.html">Montag - Web Services middleware</ulink></td><td>Montag aims to provide Web Services for any XML:DB API enabled database, and has support for eXist-db.</td></tr></tbody></tgroup></table></section><section><title>Using and used by eXist-db</title><table class="based"><tgroup cols="2"><tbody><tr><td class="doclink"><ulink url="https://www.betterform.de/trac/wiki/XRX">betterFORM</ulink></td><td>eXist-db is shipped by betterFORM, betterFORM is shipped with eXist-db</td></tr><tr><td class="doclink"><ulink url="http://wiki.orbeon.com/forms/doc/developer-guide/processors-xml-databases">Orbeon</ulink></td><td>By default, Orbeon Forms ships with an embedded eXist-db database</td></tr><tr><td class="doclink"><ulink url="http://en.wikibooks.org/wiki/XRX/XSLTForms_and_eXist">Xslt
                                    Forms</ulink></td><td>A version of XSLTforms is available as part of eXist-db.</td></tr></tbody></tgroup></table></section><section><title>Social Media</title><table class="based"><tgroup cols="2"><tbody><tr><td class="doclink"><ulink url="http://www.delicious.com/tag/existdb">Del.icio.us</ulink></td><td>Recent existdb Bookmarks</td></tr><tr><td class="doclink"><ulink url="https://lists.sourceforge.net/lists/listinfo/exist-open">exist-open</ulink></td><td>The primary medium for asking questions and getting help is the exist-open mailing list.
                                The mailing list's archives can be searched using <ulink url="http://exist-open.markmail.org/search/?q=">markmail.org</ulink></td></tr><tr><td class="doclink"><ulink url="http://www.linkedin.com/groups?gid=35624">Linked-in</ulink></td><td>eXist-db professionals network</td></tr><tr><td class="doclink"><ulink url="http://stackoverflow.com/questions/tagged/exist">Stack
                                    overflow</ulink></td><td>Stackoverflow has a tag for eXist-db. Note that this is not the recommended way of
                                getting support, please consult the exist-open mailinglist instead.</td></tr><tr><td class="doclink"><ulink url="https://twitter.com/#!/existdb">Twitter</ulink></td><td>The official eXist-db "Open Source Native XML Database" micro-blog</td></tr><tr><td class="doclink"><ulink url="http://atomic.exist-db.org/blogs/eXist/">WiKi</ulink></td><td>eXist-db official Atom based developer's blog</td></tr></tbody></tgroup></table></section></chapter></book>