<!-- $Id: config-versioning.xml 17299 2012-10-10 23:47:33Z joewiz $ --><book><bookinfo><productname>eXist-db – Open Source Native XML Database</productname><title>Versioning</title><date>April 2010</date><author><firstname>John</firstname><surname>Public</surname><affiliation><address format="linespecific"><email>john.q.public@example.com</email></address></affiliation></author></bookinfo><chapter><title>Versioning</title><section><title>Introduction</title><para/></section><section><title>Glossary</title><para>This is a glossary of terms associated with versioning.</para><para><glosslist id="versioning"><glossentry><glossterm/><glossdef/></glossentry></glosslist></para></section><section><title>Configuration</title><para/><section><title>Building from Source</title><para/><example><title>extensions/local.build.properties</title><programlisting>#Versioning extensions for eXist
include.feature.versioning = true
</programlisting></example><para>This extension compiles into <emphasis role="bold"><emphasis role="italic">lib/extensions/exist-versioning.jar</emphasis></emphasis>.</para></section><section><title>Enabling the Service</title><para>This service is enabled by building the feature from source as described
                    above.</para></section><section><title>Disabling the Service</title><para>The only way to disable this service once it is enabled is to remove the
                    <emphasis role="bold"><emphasis role="italic">lib/extensions/exist-versioning.jar</emphasis></emphasis>
                    file.</para></section></section><section><title>Managing</title><para/></section></chapter></book>