<!-- $Id: config-xslt.xml 17299 2012-10-10 23:47:33Z joewiz $ --><book><bookinfo><productname>eXist-db – Open Source Native XML Database</productname><title>XSLT</title><date>April 2010</date><author><firstname>John</firstname><surname>Public</surname><affiliation><address format="linespecific"><email>john.q.public@example.com</email></address></affiliation></author></bookinfo><chapter><title>XSLT</title><section><title>Introduction</title><para/></section><section><title>Glossary</title><para>This is a glossary of terms associated with XSLT.</para><para><glosslist id="xslt"><glossentry><glossterm/><glossdef/></glossentry></glosslist></para></section><section><title>Configuration</title><para/><section><title>Building from Source</title><para/><example><title>extensions/local.build.properties</title><programlisting>#XSLT extension
include.feature.xslt = true
</programlisting></example><para>This extension compiles into <emphasis role="bold"><emphasis role="italic">lib/extensions/exist-xslt.jar</emphasis></emphasis>.</para></section><section><title>Enabling the Service</title><para>This service is enabled by building the feature from source as described
                above and adding the following entry into webapp/WEB-INF/web.xml.</para><example><title>webapp/WEB-INF/web.xml</title><programlisting format="linespecific"><markup>    &lt;servlet&gt;
        &lt;servlet-name&gt;XSLTServlet&lt;/servlet-name&gt;
        &lt;servlet-class&gt;org.exist.http.servlets.XSLTServlet&lt;/servlet-class&gt;
    &lt;/servlet&gt;</markup></programlisting></example></section><section><title>Disabling the Service</title><para>The only way to disable this service once it is enabled is to remove the
                    <emphasis role="bold"><emphasis role="italic">lib/extensions/exist-xslt.jar</emphasis> and to remove the above entry from webapp/WEB-INF/web.xml</emphasis>
                    file.</para></section></section><section><title>Managing</title><para/></section></chapter></book>