<collection xmlns="http://exist.sourceforge.net/NS/exist" name="/db/apps/shared-resources/content" owner="admin" group="dba" mode="775" created="2014-08-20T03:28:02+09:00" version="1">
    <acl entries="0" version="1"/>
    <resource type="BinaryResource" name="siteutils.xql" owner="admin" group="dba" mode="775" created="2014-08-20T03:28:02+09:00" modified="2014-08-20T03:28:02+09:00" filename="siteutils.xql" mimetype="application/xquery">
        <acl entries="0" version="1"/>
    </resource>
    <resource type="BinaryResource" name="templates.xql" owner="admin" group="dba" mode="775" created="2014-08-20T03:28:03+09:00" modified="2014-08-20T03:28:03+09:00" filename="templates.xql" mimetype="application/xquery">
        <acl entries="0" version="1"/>
    </resource>
    <resource type="BinaryResource" name="apputil.xql" owner="admin" group="dba" mode="775" created="2014-08-20T03:28:02+09:00" modified="2014-08-20T03:28:02+09:00" filename="apputil.xql" mimetype="application/xquery">
        <acl entries="0" version="1"/>
    </resource>
    <resource type="BinaryResource" name="dbutils.xql" owner="admin" group="dba" mode="775" created="2014-08-20T03:28:02+09:00" modified="2014-08-20T03:28:02+09:00" filename="dbutils.xql" mimetype="application/xquery">
        <acl entries="0" version="1"/>
    </resource>
</collection>