<collection xmlns="http://exist.sourceforge.net/NS/exist" name="/db/apps/betterform/modules" owner="admin" group="dba" mode="775" created="2014-08-20T03:28:04+09:00" version="1">
    <acl entries="0" version="1"/>
    <resource type="BinaryResource" name="create-collection.xql" owner="admin" group="dba" mode="775" created="2014-08-20T03:28:04+09:00" modified="2014-08-20T03:28:04+09:00" filename="create-collection.xql" mimetype="application/xquery">
        <acl entries="0" version="1"/>
    </resource>
    <resource type="BinaryResource" name="FormsQuery.xql" owner="admin" group="dba" mode="775" created="2014-08-20T03:28:04+09:00" modified="2014-08-20T03:28:04+09:00" filename="FormsQuery.xql" mimetype="application/xquery">
        <acl entries="0" version="1"/>
    </resource>
    <resource type="BinaryResource" name="config.xqm" owner="admin" group="dba" mode="775" created="2014-08-20T03:28:04+09:00" modified="2014-08-20T03:28:04+09:00" filename="config.xqm" mimetype="application/xquery">
        <acl entries="0" version="1"/>
    </resource>
    <resource type="BinaryResource" name="upload-document.xql" owner="admin" group="dba" mode="775" created="2014-08-20T03:28:04+09:00" modified="2014-08-20T03:28:04+09:00" filename="upload-document.xql" mimetype="application/xquery">
        <acl entries="0" version="1"/>
    </resource>
    <resource type="BinaryResource" name="templates.xql" owner="admin" group="dba" mode="775" created="2014-08-20T03:28:04+09:00" modified="2014-08-20T03:28:04+09:00" filename="templates.xql" mimetype="application/xquery">
        <acl entries="0" version="1"/>
    </resource>
    <resource type="BinaryResource" name="login.xql" owner="admin" group="dba" mode="775" created="2014-08-20T03:28:04+09:00" modified="2014-08-20T03:28:04+09:00" filename="login.xql" mimetype="application/xquery">
        <acl entries="0" version="1"/>
    </resource>
    <resource type="BinaryResource" name="view.xql" owner="admin" group="dba" mode="775" created="2014-08-20T03:28:04+09:00" modified="2014-08-20T03:28:04+09:00" filename="view.xql" mimetype="application/xquery">
        <acl entries="0" version="1"/>
    </resource>
</collection>