<collection xmlns="http://exist.sourceforge.net/NS/exist" name="/db/apps/betterform/reference/images" owner="admin" group="dba" mode="775" created="2014-08-20T03:28:06+09:00" version="1">
    <acl entries="0" version="1"/>
    <resource type="BinaryResource" name="external_link.png" owner="admin" group="dba" mode="775" created="2014-08-20T03:28:06+09:00" modified="2014-08-20T03:28:06+09:00" filename="external_link.png" mimetype="image/png">
        <acl entries="0" version="1"/>
    </resource>
    <resource type="BinaryResource" name="readme.txt" owner="admin" group="dba" mode="775" created="2014-08-20T03:28:06+09:00" modified="2014-08-20T03:28:06+09:00" filename="readme.txt" mimetype="text/plain">
        <acl entries="0" version="1"/>
    </resource>
    <resource type="BinaryResource" name="w3c_home_nb.png" owner="admin" group="dba" mode="775" created="2014-08-20T03:28:06+09:00" modified="2014-08-20T03:28:06+09:00" filename="w3c_home_nb.png" mimetype="image/png">
        <acl entries="0" version="1"/>
    </resource>
    <resource type="BinaryResource" name="arrow-green.png" owner="admin" group="dba" mode="775" created="2014-08-20T03:28:06+09:00" modified="2014-08-20T03:28:06+09:00" filename="arrow-green.png" mimetype="image/png">
        <acl entries="0" version="1"/>
    </resource>
    <resource type="BinaryResource" name="bf_logo_67x27.png" owner="admin" group="dba" mode="775" created="2014-08-20T03:28:06+09:00" modified="2014-08-20T03:28:06+09:00" filename="bf_logo_67x27.png" mimetype="image/png">
        <acl entries="0" version="1"/>
    </resource>
    <resource type="BinaryResource" name="spriteCheckbox.gif" owner="admin" group="dba" mode="775" created="2014-08-20T03:28:06+09:00" modified="2014-08-20T03:28:06+09:00" filename="spriteCheckbox.gif" mimetype="image/gif">
        <acl entries="0" version="1"/>
    </resource>
    <resource type="BinaryResource" name="bf_logo_482x195.png" owner="admin" group="dba" mode="775" created="2014-08-20T03:28:06+09:00" modified="2014-08-20T03:28:06+09:00" filename="bf_logo_482x195.png" mimetype="image/png">
        <acl entries="0" version="1"/>
    </resource>
</collection>