<collection xmlns="http://exist.sourceforge.net/NS/exist" name="/db/apps/tutorial" owner="admin" group="dba" mode="775" created="2014-09-23T00:05:54+09:00" version="1">
    <acl entries="0" version="1"/>
    <resource type="XMLResource" name="error-page.html" owner="admin" group="dba" mode="664" created="2014-09-23T00:05:54+09:00" modified="2014-09-23T00:05:54+09:00" filename="error-page.html" mimetype="text/html">
        <acl entries="0" version="1"/>
    </resource>
    <resource type="XMLResource" name="index.html" owner="admin" group="dba" mode="664" created="2014-09-23T00:05:54+09:00" modified="2014-09-23T00:05:54+09:00" filename="index.html" mimetype="text/html">
        <acl entries="0" version="1"/>
    </resource>
    <resource type="XMLResource" name="collection.xconf" owner="admin" group="dba" mode="664" created="2014-09-23T00:05:54+09:00" modified="2014-09-23T00:05:54+09:00" filename="collection.xconf" mimetype="application/xml">
        <acl entries="0" version="1"/>
    </resource>
    <resource type="XMLResource" name="test.xhtml" owner="admin" group="dba" mode="644" created="2014-09-24T00:11:18+09:00" modified="2014-09-24T00:11:18+09:00" filename="test.xhtml" mimetype="application/xhtml+xml">
        <acl entries="0" version="1"/>
    </resource>
    <resource type="BinaryResource" name="controller.xql" owner="admin" group="dba" mode="775" created="2014-09-23T00:05:54+09:00" modified="2014-09-23T00:05:54+09:00" filename="controller.xql" mimetype="application/xquery">
        <acl entries="0" version="1"/>
    </resource>
    <resource type="BinaryResource" name="pre-install.xql" owner="admin" group="dba" mode="775" created="2014-09-23T00:05:54+09:00" modified="2014-09-23T00:05:54+09:00" filename="pre-install.xql" mimetype="application/xquery">
        <acl entries="0" version="1"/>
    </resource>
    <resource type="BinaryResource" name="save.xhtml" owner="admin" group="dba" mode="755" created="2014-09-23T03:13:15+09:00" modified="2014-09-23T03:18:49+09:00" filename="save.xhtml" mimetype="application/xquery">
        <acl entries="0" version="1"/>
    </resource>
    <resource type="XMLResource" name="build.xml" owner="admin" group="dba" mode="644" created="2014-09-23T00:05:54+09:00" modified="2014-09-23T00:05:54+09:00" filename="build.xml" mimetype="application/xml">
        <acl entries="0" version="1"/>
    </resource>
    <resource type="XMLResource" name="expath-pkg.xml" owner="admin" group="dba" mode="664" created="2014-09-23T00:05:54+09:00" modified="2014-09-23T00:05:54+09:00" filename="expath-pkg.xml" mimetype="application/xml">
        <acl entries="0" version="1"/>
    </resource>
    <resource type="XMLResource" name="repo.xml" owner="admin" group="dba" mode="664" created="2014-09-23T00:05:54+09:00" modified="2014-09-23T00:05:54+09:00" filename="repo.xml" mimetype="application/xml">
        <acl entries="0" version="1"/>
    </resource>
    <subcollection name="resources" filename="resources"/>
    <subcollection name="modules" filename="modules"/>
    <subcollection name="templates" filename="templates"/>
</collection>