<collection xmlns="http://exist.sourceforge.net/NS/exist" name="/db/apps/doc/resources" owner="admin" group="dba" mode="775" created="2014-11-27T11:31:56+09:00" version="1">
    <acl entries="0" version="1"/>
    <resource type="BinaryResource" name="xhtml1-transitional.dtd" owner="admin" group="dba" mode="664" created="2014-08-20T03:28:16+09:00" modified="2014-08-20T03:28:16+09:00" filename="xhtml1-transitional.dtd" mimetype="text/plain">
        <acl entries="0" version="1"/>
    </resource>
    <resource type="BinaryResource" name="client2.png" owner="admin" group="dba" mode="664" created="2014-08-20T03:28:16+09:00" modified="2014-08-20T03:28:16+09:00" filename="client2.png" mimetype="image/png">
        <acl entries="0" version="1"/>
    </resource>
    <resource type="BinaryResource" name="dashboardUp2dateInfo.png" owner="admin" group="dba" mode="664" created="2014-08-20T03:28:16+09:00" modified="2014-08-20T03:28:16+09:00" filename="dashboardUp2dateInfo.png" mimetype="image/png">
        <acl entries="0" version="1"/>
    </resource>
    <resource type="BinaryResource" name="heidelberg_kjc_logo.png" owner="admin" group="dba" mode="664" created="2014-08-20T03:28:16+09:00" modified="2014-08-20T03:28:16+09:00" filename="heidelberg_kjc_logo.png" mimetype="image/png">
        <acl entries="0" version="1"/>
    </resource>
    <resource type="BinaryResource" name="index1.png" owner="admin" group="dba" mode="664" created="2014-08-20T03:28:16+09:00" modified="2014-08-20T03:28:16+09:00" filename="index1.png" mimetype="image/png">
        <acl entries="0" version="1"/>
    </resource>
    <resource type="BinaryResource" name="new-application-screen.png" owner="admin" group="dba" mode="664" created="2014-08-20T03:28:16+09:00" modified="2014-08-20T03:28:16+09:00" filename="new-application-screen.png" mimetype="image/png">
        <acl entries="0" version="1"/>
    </resource>
    <resource type="BinaryResource" name="new-application-completed.png" owner="admin" group="dba" mode="664" created="2014-08-20T03:28:16+09:00" modified="2014-08-20T03:28:16+09:00" filename="new-application-completed.png" mimetype="image/png">
        <acl entries="0" version="1"/>
    </resource>
    <resource type="BinaryResource" name="exportgui.png" owner="admin" group="dba" mode="664" created="2014-08-20T03:28:16+09:00" modified="2014-08-20T03:28:16+09:00" filename="exportgui.png" mimetype="image/png">
        <acl entries="0" version="1"/>
    </resource>
    <resource type="BinaryResource" name="dashboardInstallApp.png" owner="admin" group="dba" mode="664" created="2014-08-20T03:28:16+09:00" modified="2014-08-20T03:28:16+09:00" filename="dashboardInstallApp.png" mimetype="image/png">
        <acl entries="0" version="1"/>
    </resource>
    <resource type="BinaryResource" name="search-results.png" owner="admin" group="dba" mode="664" created="2014-08-20T03:28:16+09:00" modified="2014-08-20T03:28:16+09:00" filename="search-results.png" mimetype="image/png">
        <acl entries="0" version="1"/>
    </resource>
    <resource type="BinaryResource" name="list-items-no-links.png" owner="admin" group="dba" mode="664" created="2014-08-20T03:28:16+09:00" modified="2014-08-20T03:28:16+09:00" filename="list-items-no-links.png" mimetype="image/png">
        <acl entries="0" version="1"/>
    </resource>
    <resource type="BinaryResource" name="launch1.png" owner="admin" group="dba" mode="664" created="2014-08-20T03:28:16+09:00" modified="2014-08-20T03:28:16+09:00" filename="launch1.png" mimetype="image/png">
        <acl entries="0" version="1"/>
    </resource>
    <resource type="BinaryResource" name="backup3.png" owner="admin" group="dba" mode="664" created="2014-08-20T03:28:16+09:00" modified="2014-08-20T03:28:16+09:00" filename="backup3.png" mimetype="image/png">
        <acl entries="0" version="1"/>
    </resource>
    <resource type="BinaryResource" name="versioning1.png" owner="admin" group="dba" mode="664" created="2014-08-20T03:28:16+09:00" modified="2014-08-20T03:28:16+09:00" filename="versioning1.png" mimetype="image/png">
        <acl entries="0" version="1"/>
    </resource>
    <resource type="BinaryResource" name="backup1.png" owner="admin" group="dba" mode="664" created="2014-08-20T03:28:16+09:00" modified="2014-08-20T03:28:16+09:00" filename="backup1.png" mimetype="image/png">
        <acl entries="0" version="1"/>
    </resource>
    <resource type="BinaryResource" name="client1.png" owner="admin" group="dba" mode="664" created="2014-08-20T03:28:16+09:00" modified="2014-08-20T03:28:16+09:00" filename="client1.png" mimetype="image/png">
        <acl entries="0" version="1"/>
    </resource>
    <resource type="BinaryResource" name="xhtml-symbol.ent" owner="admin" group="dba" mode="664" created="2014-08-20T03:28:16+09:00" modified="2014-08-20T03:28:16+09:00" filename="xhtml-symbol.ent" mimetype="application/octet-stream">
        <acl entries="0" version="1"/>
    </resource>
    <resource type="BinaryResource" name="oxygenxml.jpg" owner="admin" group="dba" mode="664" created="2014-08-20T03:28:16+09:00" modified="2014-08-20T03:28:16+09:00" filename="oxygenxml.jpg" mimetype="image/jpeg">
        <acl entries="0" version="1"/>
    </resource>
    <resource type="BinaryResource" name="launch2.png" owner="admin" group="dba" mode="664" created="2014-08-20T03:28:16+09:00" modified="2014-08-20T03:28:16+09:00" filename="launch2.png" mimetype="image/png">
        <acl entries="0" version="1"/>
    </resource>
    <resource type="BinaryResource" name="policy-editor_target.png" owner="admin" group="dba" mode="664" created="2014-08-20T03:28:16+09:00" modified="2014-08-20T03:28:16+09:00" filename="policy-editor_target.png" mimetype="image/png">
        <acl entries="0" version="1"/>
    </resource>
    <resource type="BinaryResource" name="versioning3.png" owner="admin" group="dba" mode="664" created="2014-08-20T03:28:16+09:00" modified="2014-08-20T03:28:16+09:00" filename="versioning3.png" mimetype="image/png">
        <acl entries="0" version="1"/>
    </resource>
    <resource type="BinaryResource" name="list-items-links.png" owner="admin" group="dba" mode="664" created="2014-08-20T03:28:16+09:00" modified="2014-08-20T03:28:16+09:00" filename="list-items-links.png" mimetype="image/png">
        <acl entries="0" version="1"/>
    </resource>
    <resource type="BinaryResource" name="reindex-result.png" owner="admin" group="dba" mode="664" created="2014-08-20T03:28:16+09:00" modified="2014-08-20T03:28:16+09:00" filename="reindex-result.png" mimetype="image/png">
        <acl entries="0" version="1"/>
    </resource>
    <resource type="BinaryResource" name="TOY2006s.jpg" owner="admin" group="dba" mode="664" created="2014-08-20T03:28:16+09:00" modified="2014-08-20T03:28:16+09:00" filename="TOY2006s.jpg" mimetype="image/jpeg">
        <acl entries="0" version="1"/>
    </resource>
    <resource type="BinaryResource" name="fps-logo.png" owner="admin" group="dba" mode="664" created="2014-08-20T03:28:16+09:00" modified="2014-08-20T03:28:16+09:00" filename="fps-logo.png" mimetype="image/png">
        <acl entries="0" version="1"/>
    </resource>
    <resource type="BinaryResource" name="webdav_konqueror.png" owner="admin" group="dba" mode="664" created="2014-08-20T03:28:16+09:00" modified="2014-08-20T03:28:16+09:00" filename="webdav_konqueror.png" mimetype="image/png">
        <acl entries="0" version="1"/>
    </resource>
    <resource type="BinaryResource" name="client4.png" owner="admin" group="dba" mode="664" created="2014-08-20T03:28:16+09:00" modified="2014-08-20T03:28:16+09:00" filename="client4.png" mimetype="image/png">
        <acl entries="0" version="1"/>
    </resource>
    <resource type="BinaryResource" name="dashboardBackup.png" owner="admin" group="dba" mode="664" created="2014-08-20T03:28:16+09:00" modified="2014-08-20T03:28:16+09:00" filename="dashboardBackup.png" mimetype="image/png">
        <acl entries="0" version="1"/>
    </resource>
    <resource type="BinaryResource" name="powered.gif" owner="admin" group="dba" mode="664" created="2014-08-20T03:28:16+09:00" modified="2014-08-20T03:28:16+09:00" filename="powered.gif" mimetype="image/gif">
        <acl entries="0" version="1"/>
    </resource>
    <resource type="BinaryResource" name="webdav_libreoffice_open.gif" owner="admin" group="dba" mode="664" created="2014-08-20T03:28:16+09:00" modified="2014-08-20T03:28:16+09:00" filename="webdav_libreoffice_open.gif" mimetype="image/gif">
        <acl entries="0" version="1"/>
    </resource>
    <resource type="BinaryResource" name="xhtml-lat1.ent" owner="admin" group="dba" mode="664" created="2014-08-20T03:28:16+09:00" modified="2014-08-20T03:28:16+09:00" filename="xhtml-lat1.ent" mimetype="application/octet-stream">
        <acl entries="0" version="1"/>
    </resource>
    <resource type="BinaryResource" name="dashboardLoadOwnApps.png" owner="admin" group="dba" mode="664" created="2014-08-20T03:28:16+09:00" modified="2014-08-20T03:28:16+09:00" filename="dashboardLoadOwnApps.png" mimetype="image/png">
        <acl entries="0" version="1"/>
    </resource>
    <resource type="BinaryResource" name="dashboardDeinstallApp.png" owner="admin" group="dba" mode="664" created="2014-08-20T03:28:16+09:00" modified="2014-08-20T03:28:16+09:00" filename="dashboardDeinstallApp.png" mimetype="image/png">
        <acl entries="0" version="1"/>
    </resource>
    <resource type="BinaryResource" name="subclipse1.png" owner="admin" group="dba" mode="664" created="2014-08-20T03:28:16+09:00" modified="2014-08-20T03:28:16+09:00" filename="subclipse1.png" mimetype="image/png">
        <acl entries="0" version="1"/>
    </resource>
    <resource type="BinaryResource" name="index.png" owner="admin" group="dba" mode="664" created="2014-08-20T03:28:16+09:00" modified="2014-08-20T03:28:16+09:00" filename="index.png" mimetype="image/png">
        <acl entries="0" version="1"/>
    </resource>
    <resource type="BinaryResource" name="admin1.png" owner="admin" group="dba" mode="664" created="2014-08-20T03:28:16+09:00" modified="2014-08-20T03:28:16+09:00" filename="admin1.png" mimetype="image/png">
        <acl entries="0" version="1"/>
    </resource>
    <resource type="BinaryResource" name="sync-dialog.png" owner="admin" group="dba" mode="664" created="2014-08-20T03:28:16+09:00" modified="2014-08-20T03:28:16+09:00" filename="sync-dialog.png" mimetype="image/png">
        <acl entries="0" version="1"/>
    </resource>
    <resource type="BinaryResource" name="policy-editor_initial.png" owner="admin" group="dba" mode="664" created="2014-08-20T03:28:16+09:00" modified="2014-08-20T03:28:16+09:00" filename="policy-editor_initial.png" mimetype="image/png">
        <acl entries="0" version="1"/>
    </resource>
    <resource type="BinaryResource" name="trapeze.gif" owner="admin" group="dba" mode="664" created="2014-08-20T03:28:16+09:00" modified="2014-08-20T03:28:16+09:00" filename="trapeze.gif" mimetype="image/gif">
        <acl entries="0" version="1"/>
    </resource>
    <resource type="BinaryResource" name="installer1.png" owner="admin" group="dba" mode="664" created="2014-08-20T03:28:16+09:00" modified="2014-08-20T03:28:16+09:00" filename="installer1.png" mimetype="image/png">
        <acl entries="0" version="1"/>
    </resource>
    <resource type="BinaryResource" name="intersection.jpg" owner="admin" group="dba" mode="664" created="2014-08-20T03:28:16+09:00" modified="2014-08-20T03:28:16+09:00" filename="intersection.jpg" mimetype="image/jpeg">
        <acl entries="0" version="1"/>
    </resource>
    <resource type="BinaryResource" name="rectangle.jpg" owner="admin" group="dba" mode="664" created="2014-08-20T03:28:16+09:00" modified="2014-08-20T03:28:16+09:00" filename="rectangle.jpg" mimetype="image/jpeg">
        <acl entries="0" version="1"/>
    </resource>
    <resource type="BinaryResource" name="xhtml-special.ent" owner="admin" group="dba" mode="664" created="2014-08-20T03:28:16+09:00" modified="2014-08-20T03:28:16+09:00" filename="xhtml-special.ent" mimetype="application/octet-stream">
        <acl entries="0" version="1"/>
    </resource>
    <resource type="BinaryResource" name="sandbox.png" owner="admin" group="dba" mode="664" created="2014-08-20T03:28:16+09:00" modified="2014-08-20T03:28:16+09:00" filename="sandbox.png" mimetype="image/png">
        <acl entries="0" version="1"/>
    </resource>
    <resource type="BinaryResource" name="policy-editor_policy.png" owner="admin" group="dba" mode="664" created="2014-08-20T03:28:16+09:00" modified="2014-08-20T03:28:16+09:00" filename="policy-editor_policy.png" mimetype="image/png">
        <acl entries="0" version="1"/>
    </resource>
    <resource type="BinaryResource" name="Backup.png" owner="admin" group="dba" mode="664" created="2014-08-20T03:28:16+09:00" modified="2014-08-20T03:28:16+09:00" filename="Backup.png" mimetype="image/png">
        <acl entries="0" version="1"/>
    </resource>
    <resource type="BinaryResource" name="devonline.png" owner="admin" group="dba" mode="664" created="2014-08-20T03:28:16+09:00" modified="2014-08-20T03:28:16+09:00" filename="devonline.png" mimetype="image/png">
        <acl entries="0" version="1"/>
    </resource>
    <resource type="BinaryResource" name="webdav_oxygen.png" owner="admin" group="dba" mode="664" created="2014-08-20T03:28:16+09:00" modified="2014-08-20T03:28:16+09:00" filename="webdav_oxygen.png" mimetype="image/png">
        <acl entries="0" version="1"/>
    </resource>
    <resource type="BinaryResource" name="webdav_macosx_2.png" owner="admin" group="dba" mode="664" created="2014-08-20T03:28:16+09:00" modified="2014-08-20T03:28:16+09:00" filename="webdav_macosx_2.png" mimetype="image/png">
        <acl entries="0" version="1"/>
    </resource>
    <resource type="BinaryResource" name="webdav_macosx_3.png" owner="admin" group="dba" mode="664" created="2014-08-20T03:28:16+09:00" modified="2014-08-20T03:28:16+09:00" filename="webdav_macosx_3.png" mimetype="image/png">
        <acl entries="0" version="1"/>
    </resource>
    <resource type="BinaryResource" name="webdav_macosx_4.png" owner="admin" group="dba" mode="664" created="2014-08-20T03:28:16+09:00" modified="2014-08-20T03:28:16+09:00" filename="webdav_macosx_4.png" mimetype="image/png">
        <acl entries="0" version="1"/>
    </resource>
    <resource type="BinaryResource" name="schedulerplugin.png" owner="admin" group="dba" mode="664" created="2014-08-20T03:28:16+09:00" modified="2014-08-20T03:28:16+09:00" filename="schedulerplugin.png" mimetype="image/png">
        <acl entries="0" version="1"/>
    </resource>
    <resource type="BinaryResource" name="xml.gif" owner="admin" group="dba" mode="664" created="2014-08-20T03:28:16+09:00" modified="2014-08-20T03:28:16+09:00" filename="xml.gif" mimetype="image/gif">
        <acl entries="0" version="1"/>
    </resource>
    <resource type="BinaryResource" name="project-support.jpg" owner="admin" group="dba" mode="664" created="2014-08-20T03:28:16+09:00" modified="2014-08-20T03:28:16+09:00" filename="project-support.jpg" mimetype="image/jpeg">
        <acl entries="0" version="1"/>
    </resource>
    <resource type="BinaryResource" name="new-application-home.png" owner="admin" group="dba" mode="664" created="2014-08-20T03:28:16+09:00" modified="2014-08-20T03:28:16+09:00" filename="new-application-home.png" mimetype="image/png">
        <acl entries="0" version="1"/>
    </resource>
    <resource type="BinaryResource" name="jconsole.png" owner="admin" group="dba" mode="664" created="2014-08-20T03:28:16+09:00" modified="2014-08-20T03:28:16+09:00" filename="jconsole.png" mimetype="image/png">
        <acl entries="0" version="1"/>
    </resource>
    <resource type="BinaryResource" name="download.jpg" owner="admin" group="dba" mode="664" created="2014-08-20T03:28:16+09:00" modified="2014-08-20T03:28:16+09:00" filename="download.jpg" mimetype="image/jpeg">
        <acl entries="0" version="1"/>
    </resource>
    <resource type="BinaryResource" name="tortoise.png" owner="admin" group="dba" mode="664" created="2014-08-20T03:28:16+09:00" modified="2014-08-20T03:28:16+09:00" filename="tortoise.png" mimetype="image/png">
        <acl entries="0" version="1"/>
    </resource>
    <resource type="BinaryResource" name="dashboardPMIcon.png" owner="admin" group="dba" mode="664" created="2014-08-20T03:28:16+09:00" modified="2014-08-20T03:28:16+09:00" filename="dashboardPMIcon.png" mimetype="image/png">
        <acl entries="0" version="1"/>
    </resource>
    <resource type="BinaryResource" name="backup2.png" owner="admin" group="dba" mode="664" created="2014-08-20T03:28:16+09:00" modified="2014-08-20T03:28:16+09:00" filename="backup2.png" mimetype="image/png">
        <acl entries="0" version="1"/>
    </resource>
    <resource type="BinaryResource" name="admin2.png" owner="admin" group="dba" mode="664" created="2014-08-20T03:28:16+09:00" modified="2014-08-20T03:28:16+09:00" filename="admin2.png" mimetype="image/png">
        <acl entries="0" version="1"/>
    </resource>
    <resource type="BinaryResource" name="webdav_libreoffice_settings.gif" owner="admin" group="dba" mode="664" created="2014-08-20T03:28:16+09:00" modified="2014-08-20T03:28:16+09:00" filename="webdav_libreoffice_settings.gif" mimetype="image/gif">
        <acl entries="0" version="1"/>
    </resource>
    <resource type="BinaryResource" name="search.png" owner="admin" group="dba" mode="664" created="2014-08-20T03:28:16+09:00" modified="2014-08-20T03:28:16+09:00" filename="search.png" mimetype="image/png">
        <acl entries="0" version="1"/>
    </resource>
    <resource type="BinaryResource" name="owner-group-world.png" owner="admin" group="dba" mode="664" created="2014-08-20T03:28:16+09:00" modified="2014-08-20T03:28:16+09:00" filename="owner-group-world.png" mimetype="image/png">
        <acl entries="0" version="1"/>
    </resource>
    <resource type="BinaryResource" name="policy-editor_target2.png" owner="admin" group="dba" mode="664" created="2014-08-20T03:28:16+09:00" modified="2014-08-20T03:28:16+09:00" filename="policy-editor_target2.png" mimetype="image/png">
        <acl entries="0" version="1"/>
    </resource>
    <resource type="BinaryResource" name="client3.png" owner="admin" group="dba" mode="664" created="2014-08-20T03:28:16+09:00" modified="2014-08-20T03:28:16+09:00" filename="client3.png" mimetype="image/png">
        <acl entries="0" version="1"/>
    </resource>
    <resource type="BinaryResource" name="webstart.small.jpg" owner="admin" group="dba" mode="664" created="2014-08-20T03:28:16+09:00" modified="2014-08-20T03:28:16+09:00" filename="webstart.small.jpg" mimetype="image/jpeg">
        <acl entries="0" version="1"/>
    </resource>
    <resource type="BinaryResource" name="services.png" owner="admin" group="dba" mode="664" created="2014-08-20T03:28:16+09:00" modified="2014-08-20T03:28:16+09:00" filename="services.png" mimetype="image/png">
        <acl entries="0" version="1"/>
    </resource>
    <resource type="BinaryResource" name="within.jpg" owner="admin" group="dba" mode="664" created="2014-08-20T03:28:16+09:00" modified="2014-08-20T03:28:16+09:00" filename="within.jpg" mimetype="image/jpeg">
        <acl entries="0" version="1"/>
    </resource>
    <resource type="BinaryResource" name="Templating.png" owner="admin" group="dba" mode="664" created="2014-08-20T03:28:16+09:00" modified="2014-08-20T03:28:16+09:00" filename="Templating.png" mimetype="image/png">
        <acl entries="0" version="1"/>
    </resource>
    <resource type="BinaryResource" name="backup4.png" owner="admin" group="dba" mode="664" created="2014-08-20T03:28:16+09:00" modified="2014-08-20T03:28:16+09:00" filename="backup4.png" mimetype="image/png">
        <acl entries="0" version="1"/>
    </resource>
    <resource type="BinaryResource" name="dashboardSelectVersion.png" owner="admin" group="dba" mode="664" created="2014-08-20T03:28:16+09:00" modified="2014-08-20T03:28:16+09:00" filename="dashboardSelectVersion.png" mimetype="image/png">
        <acl entries="0" version="1"/>
    </resource>
    <resource type="BinaryResource" name="model-view-bindings.png" owner="admin" group="dba" mode="664" created="2014-08-20T03:28:16+09:00" modified="2014-08-20T03:28:16+09:00" filename="model-view-bindings.png" mimetype="image/png">
        <acl entries="0" version="1"/>
    </resource>
    <resource type="BinaryResource" name="view-item.png" owner="admin" group="dba" mode="664" created="2014-08-20T03:28:16+09:00" modified="2014-08-20T03:28:16+09:00" filename="view-item.png" mimetype="image/png">
        <acl entries="0" version="1"/>
    </resource>
    <resource type="BinaryResource" name="yjp.gif" owner="admin" group="dba" mode="664" created="2014-08-20T03:28:16+09:00" modified="2014-08-20T03:28:16+09:00" filename="yjp.gif" mimetype="image/gif">
        <acl entries="0" version="1"/>
    </resource>
    <resource type="BinaryResource" name="policy-editor_disabled.png" owner="admin" group="dba" mode="664" created="2014-08-20T03:28:16+09:00" modified="2014-08-20T03:28:16+09:00" filename="policy-editor_disabled.png" mimetype="image/png">
        <acl entries="0" version="1"/>
    </resource>
    <resource type="BinaryResource" name="installer2.png" owner="admin" group="dba" mode="664" created="2014-08-20T03:28:16+09:00" modified="2014-08-20T03:28:16+09:00" filename="installer2.png" mimetype="image/png">
        <acl entries="0" version="1"/>
    </resource>
    <resource type="BinaryResource" name="client-5.png" owner="admin" group="dba" mode="664" created="2014-08-20T03:28:16+09:00" modified="2014-08-20T03:28:16+09:00" filename="client-5.png" mimetype="image/png">
        <acl entries="0" version="1"/>
    </resource>
    <resource type="BinaryResource" name="policy-hierarchy.png" owner="admin" group="dba" mode="664" created="2014-08-20T03:28:16+09:00" modified="2014-08-20T03:28:16+09:00" filename="policy-hierarchy.png" mimetype="image/png">
        <acl entries="0" version="1"/>
    </resource>
    <resource type="BinaryResource" name="client-6.png" owner="admin" group="dba" mode="664" created="2014-08-20T03:28:16+09:00" modified="2014-08-20T03:28:16+09:00" filename="client-6.png" mimetype="image/png">
        <acl entries="0" version="1"/>
    </resource>
    <resource type="BinaryResource" name="buffer.jpg" owner="admin" group="dba" mode="664" created="2014-08-20T03:28:16+09:00" modified="2014-08-20T03:28:16+09:00" filename="buffer.jpg" mimetype="image/jpeg">
        <acl entries="0" version="1"/>
    </resource>
    <resource type="BinaryResource" name="port-talbot.jpg" owner="admin" group="dba" mode="664" created="2014-08-20T03:28:16+09:00" modified="2014-08-20T03:28:16+09:00" filename="port-talbot.jpg" mimetype="image/jpeg">
        <acl entries="0" version="1"/>
    </resource>
    <resource type="BinaryResource" name="dashboardLogin.png" owner="admin" group="dba" mode="664" created="2014-08-20T03:28:16+09:00" modified="2014-08-20T03:28:16+09:00" filename="dashboardLogin.png" mimetype="image/png">
        <acl entries="0" version="1"/>
    </resource>
    <resource type="BinaryResource" name="subclipse2.png" owner="admin" group="dba" mode="664" created="2014-08-20T03:28:16+09:00" modified="2014-08-20T03:28:16+09:00" filename="subclipse2.png" mimetype="image/png">
        <acl entries="0" version="1"/>
    </resource>
    <resource type="BinaryResource" name="teamcity_small.gif" owner="admin" group="dba" mode="664" created="2014-08-20T03:28:16+09:00" modified="2014-08-20T03:28:16+09:00" filename="teamcity_small.gif" mimetype="image/gif">
        <acl entries="0" version="1"/>
    </resource>
    <resource type="BinaryResource" name="thyssen.png" owner="admin" group="dba" mode="664" created="2014-08-20T03:28:16+09:00" modified="2014-08-20T03:28:16+09:00" filename="thyssen.png" mimetype="image/png">
        <acl entries="0" version="1"/>
    </resource>
    <resource type="BinaryResource" name="existsolutions-logo.png" owner="admin" group="dba" mode="664" created="2014-08-20T03:28:16+09:00" modified="2014-08-20T03:28:16+09:00" filename="existsolutions-logo.png" mimetype="image/png">
        <acl entries="0" version="1"/>
    </resource>
    <resource type="BinaryResource" name="BBAW_Logo.png" owner="admin" group="dba" mode="664" created="2014-08-20T03:28:16+09:00" modified="2014-08-20T03:28:16+09:00" filename="BBAW_Logo.png" mimetype="image/png">
        <acl entries="0" version="1"/>
    </resource>
    <resource type="BinaryResource" name="dashboardUp2dateApps.png" owner="admin" group="dba" mode="664" created="2014-08-20T03:28:16+09:00" modified="2014-08-20T03:28:16+09:00" filename="dashboardUp2dateApps.png" mimetype="image/png">
        <acl entries="0" version="1"/>
    </resource>
    <resource type="BinaryResource" name="webdav_macosx_1.png" owner="admin" group="dba" mode="664" created="2014-08-20T03:28:16+09:00" modified="2014-08-20T03:28:16+09:00" filename="webdav_macosx_1.png" mimetype="image/png">
        <acl entries="0" version="1"/>
    </resource>
    <resource type="BinaryResource" name="sb_logo.png" owner="admin" group="dba" mode="664" created="2014-08-20T03:28:16+09:00" modified="2014-08-20T03:28:16+09:00" filename="sb_logo.png" mimetype="image/png">
        <acl entries="0" version="1"/>
    </resource>
    <resource type="BinaryResource" name="versioning2.png" owner="admin" group="dba" mode="664" created="2014-08-20T03:28:16+09:00" modified="2014-08-20T03:28:16+09:00" filename="versioning2.png" mimetype="image/png">
        <acl entries="0" version="1"/>
    </resource>
    <resource type="BinaryResource" name="new-application-run.png" owner="admin" group="dba" mode="664" created="2014-08-20T03:28:16+09:00" modified="2014-08-20T03:28:16+09:00" filename="new-application-run.png" mimetype="image/png">
        <acl entries="0" version="1"/>
    </resource>
    <subcollection name="css" filename="css"/>
    <subcollection name="images" filename="images"/>
    <subcollection name="eclipse" filename="eclipse"/>
    <subcollection name="styles" filename="styles"/>
</collection>