<collection xmlns="http://exist.sourceforge.net/NS/exist" name="/db/apps/eXide/resources/css/black-tie/images" owner="admin" group="dba" mode="775" created="2014-08-20T03:28:17+09:00" version="1">
    <acl entries="0" version="1"/>
    <resource type="BinaryResource" name="ui-bg_glass_40_111111_1x400.png" owner="admin" group="dba" mode="664" created="2014-08-20T03:28:17+09:00" modified="2014-08-20T03:28:17+09:00" filename="ui-bg_glass_40_111111_1x400.png" mimetype="image/png">
        <acl entries="0" version="1"/>
    </resource>
    <resource type="BinaryResource" name="ui-bg_highlight-hard_40_aaaaaa_1x100.png" owner="admin" group="dba" mode="664" created="2014-08-20T03:28:17+09:00" modified="2014-08-20T03:28:17+09:00" filename="ui-bg_highlight-hard_40_aaaaaa_1x100.png" mimetype="image/png">
        <acl entries="0" version="1"/>
    </resource>
    <resource type="BinaryResource" name="ui-bg_highlight-soft_50_aaaaaa_1x100.png" owner="admin" group="dba" mode="664" created="2014-08-20T03:28:17+09:00" modified="2014-08-20T03:28:17+09:00" filename="ui-bg_highlight-soft_50_aaaaaa_1x100.png" mimetype="image/png">
        <acl entries="0" version="1"/>
    </resource>
    <resource type="BinaryResource" name="ui-icons_ffffff_256x240.png" owner="admin" group="dba" mode="664" created="2014-08-20T03:28:17+09:00" modified="2014-08-20T03:28:17+09:00" filename="ui-icons_ffffff_256x240.png" mimetype="image/png">
        <acl entries="0" version="1"/>
    </resource>
    <resource type="BinaryResource" name="animated-overlay.gif" owner="admin" group="dba" mode="664" created="2014-08-20T03:28:17+09:00" modified="2014-08-20T03:28:17+09:00" filename="animated-overlay.gif" mimetype="image/gif">
        <acl entries="0" version="1"/>
    </resource>
    <resource type="BinaryResource" name="ui-bg_inset-hard_55_ffeb80_1x100.png" owner="admin" group="dba" mode="664" created="2014-08-20T03:28:17+09:00" modified="2014-08-20T03:28:17+09:00" filename="ui-bg_inset-hard_55_ffeb80_1x100.png" mimetype="image/png">
        <acl entries="0" version="1"/>
    </resource>
    <resource type="BinaryResource" name="ui-icons_ededed_256x240.png" owner="admin" group="dba" mode="664" created="2014-08-20T03:28:17+09:00" modified="2014-08-20T03:28:17+09:00" filename="ui-icons_ededed_256x240.png" mimetype="image/png">
        <acl entries="0" version="1"/>
    </resource>
    <resource type="BinaryResource" name="ui-icons_4ca300_256x240.png" owner="admin" group="dba" mode="664" created="2014-08-20T03:28:17+09:00" modified="2014-08-20T03:28:17+09:00" filename="ui-icons_4ca300_256x240.png" mimetype="image/png">
        <acl entries="0" version="1"/>
    </resource>
    <resource type="BinaryResource" name="ui-bg_highlight-hard_100_f9f9f9_1x100.png" owner="admin" group="dba" mode="664" created="2014-08-20T03:28:17+09:00" modified="2014-08-20T03:28:17+09:00" filename="ui-bg_highlight-hard_100_f9f9f9_1x100.png" mimetype="image/png">
        <acl entries="0" version="1"/>
    </resource>
    <resource type="BinaryResource" name="ui-bg_diagonals-thick_8_333333_40x40.png" owner="admin" group="dba" mode="664" created="2014-08-20T03:28:17+09:00" modified="2014-08-20T03:28:17+09:00" filename="ui-bg_diagonals-thick_8_333333_40x40.png" mimetype="image/png">
        <acl entries="0" version="1"/>
    </resource>
    <resource type="BinaryResource" name="ui-bg_inset-hard_45_cd0a0a_1x100.png" owner="admin" group="dba" mode="664" created="2014-08-20T03:28:17+09:00" modified="2014-08-20T03:28:17+09:00" filename="ui-bg_inset-hard_45_cd0a0a_1x100.png" mimetype="image/png">
        <acl entries="0" version="1"/>
    </resource>
    <resource type="BinaryResource" name="ui-icons_bbbbbb_256x240.png" owner="admin" group="dba" mode="664" created="2014-08-20T03:28:17+09:00" modified="2014-08-20T03:28:17+09:00" filename="ui-icons_bbbbbb_256x240.png" mimetype="image/png">
        <acl entries="0" version="1"/>
    </resource>
    <resource type="BinaryResource" name="ui-icons_ffcf29_256x240.png" owner="admin" group="dba" mode="664" created="2014-08-20T03:28:17+09:00" modified="2014-08-20T03:28:17+09:00" filename="ui-icons_ffcf29_256x240.png" mimetype="image/png">
        <acl entries="0" version="1"/>
    </resource>
    <resource type="BinaryResource" name="ui-icons_222222_256x240.png" owner="admin" group="dba" mode="664" created="2014-08-20T03:28:17+09:00" modified="2014-08-20T03:28:17+09:00" filename="ui-icons_222222_256x240.png" mimetype="image/png">
        <acl entries="0" version="1"/>
    </resource>
    <resource type="BinaryResource" name="ui-bg_flat_65_ffffff_40x100.png" owner="admin" group="dba" mode="664" created="2014-08-20T03:28:17+09:00" modified="2014-08-20T03:28:17+09:00" filename="ui-bg_flat_65_ffffff_40x100.png" mimetype="image/png">
        <acl entries="0" version="1"/>
    </resource>
    <resource type="BinaryResource" name="ui-bg_glass_55_1c1c1c_1x400.png" owner="admin" group="dba" mode="664" created="2014-08-20T03:28:17+09:00" modified="2014-08-20T03:28:17+09:00" filename="ui-bg_glass_55_1c1c1c_1x400.png" mimetype="image/png">
        <acl entries="0" version="1"/>
    </resource>
</collection>