<Note id="undefined"><NoteItemContainerComplaint left="auto" top="auto"/><NoteItemContainerDisease left="auto" top="auto"><NoteItemDisease id="9936469115"><formats><disease-name>アレルギー性結膜炎</disease-name></formats><attachments><img class="attachment" src="/exist/rest/db/apps/eyeehr/img/fa_othvasccond_Sickle_Cell_Retinopathy_.jpg"/><img class="attachment" src="/exist/rest/db/apps/eyeehr/img/fa_tumorslesions_CHRPE_ResMax.jpg"/></attachments><scheme/><remarks/></NoteItemDisease></NoteItemContainerDisease><NoteItemContainerMedicalCheck left="auto" top="auto"/><NoteItemContainerPrescription left="auto" top="auto"/><NoteItemContainerOperation left="auto" top="auto"/><NoteItemContainerMemo left="auto" top="auto"/><NoteItemContainerScheme left="204px" top="238px"><NoteItemScheme id="1391148453"><formats/><attachments/><scheme><img class="scheme" src="/exist/rest/db/apps/eyeehr/img/scheme-1415153315994.svg?1415153324174"/></scheme><remarks/></NoteItemScheme></NoteItemContainerScheme></Note>