<collection xmlns="http://exist.sourceforge.net/NS/exist" name="/db/apps/demo/examples" owner="admin" group="dba" mode="775" created="2014-08-20T03:28:12+09:00" version="1">
    <acl entries="0" version="1"/>
    <subcollection name="special" filename="special"/>
    <subcollection name="urlrewriting" filename="urlrewriting"/>
    <subcollection name="basic" filename="basic"/>
    <subcollection name="tests" filename="tests"/>
    <subcollection name="web" filename="web"/>
    <subcollection name="templating" filename="templating"/>
    <subcollection name="xforms" filename="xforms"/>
</collection>