<collection xmlns="http://exist.sourceforge.net/NS/exist" name="/db/apps/eXide" owner="admin" group="dba" mode="775" created="2014-11-27T11:31:57+09:00" version="1">
    <acl entries="0" version="1"/>
    <resource type="XMLResource" name="index.html" owner="admin" group="dba" mode="664" created="2014-08-20T03:28:17+09:00" modified="2014-08-20T03:28:17+09:00" filename="index.html" mimetype="text/html">
        <acl entries="0" version="1"/>
    </resource>
    <resource type="XMLResource" name="build.xml" owner="admin" group="dba" mode="664" created="2014-08-20T03:28:17+09:00" modified="2014-08-20T03:28:17+09:00" filename="build.xml" mimetype="application/xml">
        <acl entries="0" version="1"/>
    </resource>
    <resource type="XMLResource" name="help.html" owner="admin" group="dba" mode="664" created="2014-08-20T03:28:17+09:00" modified="2014-08-20T03:28:17+09:00" filename="help.html" mimetype="text/html">
        <acl entries="0" version="1"/>
    </resource>
    <resource type="XMLResource" name="expath-pkg.xml" owner="admin" group="dba" mode="664" created="2014-08-20T03:28:17+09:00" modified="2014-08-20T03:28:17+09:00" filename="expath-pkg.xml" mimetype="application/xml">
        <acl entries="0" version="1"/>
    </resource>
    <resource type="XMLResource" name="configuration.xml" owner="admin" group="dba" mode="664" created="2014-08-20T03:28:17+09:00" modified="2014-08-20T03:28:17+09:00" filename="configuration.xml" mimetype="application/xml">
        <acl entries="0" version="1"/>
    </resource>
    <resource type="BinaryResource" name="icon.png" owner="admin" group="dba" mode="664" created="2014-08-20T03:28:17+09:00" modified="2014-08-20T03:28:17+09:00" filename="icon.png" mimetype="image/png">
        <acl entries="0" version="1"/>
    </resource>
    <resource type="XMLResource" name="collection.xconf" owner="admin" group="dba" mode="664" created="2014-08-20T03:28:17+09:00" modified="2014-08-20T03:28:17+09:00" filename="collection.xconf" mimetype="application/xml">
        <acl entries="0" version="1"/>
    </resource>
    <resource type="BinaryResource" name="LICENSE.txt" owner="admin" group="dba" mode="664" created="2014-08-20T03:28:17+09:00" modified="2014-08-20T03:28:17+09:00" filename="LICENSE.txt" mimetype="text/plain">
        <acl entries="0" version="1"/>
    </resource>
    <resource type="BinaryResource" name="build.js" owner="admin" group="dba" mode="664" created="2014-08-20T03:28:17+09:00" modified="2014-08-20T03:28:17+09:00" filename="build.js" mimetype="application/x-javascript">
        <acl entries="0" version="1"/>
    </resource>
    <resource type="BinaryResource" name="controller.xql" owner="admin" group="dba" mode="775" created="2014-08-20T03:28:17+09:00" modified="2014-08-20T03:28:17+09:00" filename="controller.xql" mimetype="application/xquery">
        <acl entries="0" version="1"/>
    </resource>
    <resource type="BinaryResource" name="Readme.md" owner="admin" group="dba" mode="664" created="2014-08-20T03:28:17+09:00" modified="2014-08-20T03:28:17+09:00" filename="Readme.md" mimetype="application/octet-stream">
        <acl entries="0" version="1"/>
    </resource>
    <resource type="BinaryResource" name="pre-install.xql" owner="admin" group="dba" mode="775" created="2014-08-20T03:28:17+09:00" modified="2014-08-20T03:28:17+09:00" filename="pre-install.xql" mimetype="application/xquery">
        <acl entries="0" version="1"/>
    </resource>
    <resource type="BinaryResource" name="keybindings.js" owner="admin" group="dba" mode="664" created="2014-08-20T03:28:17+09:00" modified="2014-08-20T03:28:17+09:00" filename="keybindings.js" mimetype="application/x-javascript">
        <acl entries="0" version="1"/>
    </resource>
    <resource type="XMLResource" name="repo.xml" owner="admin" group="dba" mode="664" created="2014-08-20T03:28:18+09:00" modified="2014-08-20T03:28:18+09:00" filename="repo.xml" mimetype="application/xml">
        <acl entries="0" version="1"/>
    </resource>
    <subcollection name="docs" filename="docs"/>
    <subcollection name="templates" filename="templates"/>
    <subcollection name="modules" filename="modules"/>
    <subcollection name="resources" filename="resources"/>
    <subcollection name="src" filename="src"/>
</collection>