<collection xmlns="http://exist.sourceforge.net/NS/exist" name="/db/apps/eXide/resources/css" owner="admin" group="dba" mode="775" created="2014-08-20T03:28:17+09:00" version="1">
    <acl entries="0" version="1"/>
    <resource type="BinaryResource" name="docs.less" owner="admin" group="dba" mode="664" created="2014-08-20T03:28:17+09:00" modified="2014-08-20T03:28:17+09:00" filename="docs.less" mimetype="application/less">
        <acl entries="0" version="1"/>
    </resource>
    <resource type="BinaryResource" name="eXide.css" owner="admin" group="dba" mode="664" created="2014-08-20T03:28:17+09:00" modified="2014-08-20T03:28:17+09:00" filename="eXide.css" mimetype="text/css">
        <acl entries="0" version="1"/>
    </resource>
    <resource type="BinaryResource" name="xml2html.css" owner="admin" group="dba" mode="664" created="2014-08-20T03:28:17+09:00" modified="2014-08-20T03:28:17+09:00" filename="xml2html.css" mimetype="text/css">
        <acl entries="0" version="1"/>
    </resource>
    <resource type="BinaryResource" name="docs.css" owner="admin" group="dba" mode="664" created="2014-08-20T03:28:17+09:00" modified="2014-08-20T03:28:17+09:00" filename="docs.css" mimetype="text/css">
        <acl entries="0" version="1"/>
    </resource>
    <subcollection name="black-tie" filename="black-tie"/>
</collection>