<collection xmlns="http://exist.sourceforge.net/NS/exist" name="/db/apps/XSLTForms-Demo/data" owner="admin" group="dba" mode="775" created="2014-08-20T03:28:19+09:00" version="1">
    <acl entries="0" version="1"/>
    <resource type="XMLResource" name="input.xml" owner="admin" group="dba" mode="664" created="2014-08-20T03:28:19+09:00" modified="2014-08-20T03:28:19+09:00" filename="input.xml" mimetype="application/xml">
        <acl entries="0" version="1"/>
    </resource>
    <resource type="XMLResource" name="books.xml" owner="admin" group="dba" mode="664" created="2014-08-20T03:28:19+09:00" modified="2014-08-20T03:28:19+09:00" filename="books.xml" mimetype="application/xml">
        <acl entries="0" version="1"/>
    </resource>
    <resource type="XMLResource" name="hello.xhtml" owner="admin" group="dba" mode="664" created="2014-10-23T02:45:21+09:00" modified="2014-10-23T02:45:21+09:00" filename="hello.xhtml" mimetype="application/xhtml+xml">
        <acl entries="0" version="1"/>
    </resource>
    <resource type="XMLResource" name="colors.xml" owner="admin" group="dba" mode="664" created="2014-08-20T03:28:19+09:00" modified="2014-08-20T03:28:19+09:00" filename="colors.xml" mimetype="application/xml">
        <acl entries="0" version="1"/>
    </resource>
    <resource type="XMLResource" name="select1-drop.xml" owner="admin" group="dba" mode="664" created="2014-08-20T03:28:19+09:00" modified="2014-08-20T03:28:19+09:00" filename="select1-drop.xml" mimetype="application/xml">
        <acl entries="0" version="1"/>
    </resource>
    <resource type="XMLResource" name="button.xml" owner="admin" group="dba" mode="664" created="2014-08-20T03:28:19+09:00" modified="2014-08-20T03:28:19+09:00" filename="button.xml" mimetype="application/xml">
        <acl entries="0" version="1"/>
    </resource>
    <resource type="XMLResource" name="XMLSchemaTypeCode.xml" owner="admin" group="dba" mode="664" created="2014-08-20T03:28:19+09:00" modified="2014-08-20T03:28:19+09:00" filename="XMLSchemaTypeCode.xml" mimetype="application/xml">
        <acl entries="0" version="1"/>
    </resource>
    <resource type="XMLResource" name="cascading-selects.xhtml" owner="admin" group="dba" mode="664" created="2014-08-20T03:28:19+09:00" modified="2014-08-20T03:28:19+09:00" filename="cascading-selects.xhtml" mimetype="application/xhtml+xml">
        <acl entries="0" version="1"/>
    </resource>
    <resource type="XMLResource" name="balance.xml" owner="admin" group="dba" mode="664" created="2014-08-20T03:28:19+09:00" modified="2014-08-20T03:28:19+09:00" filename="balance.xml" mimetype="application/xml">
        <acl entries="0" version="1"/>
    </resource>
    <resource type="XMLResource" name="gauges.xml" owner="admin" group="dba" mode="664" created="2014-08-20T03:28:19+09:00" modified="2014-08-20T03:28:19+09:00" filename="gauges.xml" mimetype="application/xml">
        <acl entries="0" version="1"/>
    </resource>
    <resource type="XMLResource" name="incremental.xhtml" owner="admin" group="dba" mode="664" created="2014-08-20T03:28:19+09:00" modified="2014-08-20T03:28:19+09:00" filename="incremental.xhtml" mimetype="application/xhtml+xml">
        <acl entries="0" version="1"/>
    </resource>
    <resource type="XMLResource" name="select-from-file.xml" owner="admin" group="dba" mode="664" created="2014-08-20T03:28:19+09:00" modified="2014-08-20T03:28:19+09:00" filename="select-from-file.xml" mimetype="application/xml">
        <acl entries="0" version="1"/>
    </resource>
    <resource type="XMLResource" name="calculator.xml" owner="admin" group="dba" mode="664" created="2014-08-20T03:28:19+09:00" modified="2014-08-20T03:28:19+09:00" filename="calculator.xml" mimetype="application/xml">
        <acl entries="0" version="1"/>
    </resource>
    <resource type="XMLResource" name="tic-tac-toe.xml" owner="admin" group="dba" mode="664" created="2014-08-20T03:28:19+09:00" modified="2014-08-20T03:28:19+09:00" filename="tic-tac-toe.xml" mimetype="application/xml">
        <acl entries="0" version="1"/>
    </resource>
    <resource type="XMLResource" name="counties.xml" owner="admin" group="dba" mode="664" created="2014-08-20T03:28:19+09:00" modified="2014-08-20T03:28:19+09:00" filename="counties.xml" mimetype="application/xml">
        <acl entries="0" version="1"/>
    </resource>
    <resource type="XMLResource" name="secret.xhtml" owner="admin" group="dba" mode="664" created="2014-08-20T03:28:19+09:00" modified="2014-08-20T03:28:19+09:00" filename="secret.xhtml" mimetype="application/xhtml+xml">
        <acl entries="0" version="1"/>
    </resource>
    <resource type="XMLResource" name="wikipediasearch.xml" owner="admin" group="dba" mode="664" created="2014-08-20T03:28:19+09:00" modified="2014-08-20T03:28:19+09:00" filename="wikipediasearch.xml" mimetype="application/xml">
        <acl entries="0" version="1"/>
    </resource>
    <resource type="XMLResource" name="uploads.xml" owner="admin" group="dba" mode="664" created="2014-08-20T03:28:19+09:00" modified="2014-08-20T03:28:19+09:00" filename="uploads.xml" mimetype="application/xml">
        <acl entries="0" version="1"/>
    </resource>
    <resource type="XMLResource" name="css.xml" owner="admin" group="dba" mode="664" created="2014-08-20T03:28:19+09:00" modified="2014-08-20T03:28:19+09:00" filename="css.xml" mimetype="application/xml">
        <acl entries="0" version="1"/>
    </resource>
    <resource type="XMLResource" name="input-width.xhtml" owner="admin" group="dba" mode="664" created="2014-08-20T03:28:19+09:00" modified="2014-08-20T03:28:19+09:00" filename="input-width.xhtml" mimetype="application/xhtml+xml">
        <acl entries="0" version="1"/>
    </resource>
    <resource type="XMLResource" name="select-multi-col.xml" owner="admin" group="dba" mode="664" created="2014-08-20T03:28:19+09:00" modified="2014-08-20T03:28:19+09:00" filename="select-multi-col.xml" mimetype="application/xml">
        <acl entries="0" version="1"/>
    </resource>
    <resource type="XMLResource" name="first-field.xml" owner="admin" group="dba" mode="664" created="2014-08-20T03:28:19+09:00" modified="2014-08-20T03:28:19+09:00" filename="first-field.xml" mimetype="application/xml">
        <acl entries="0" version="1"/>
    </resource>
    <resource type="XMLResource" name="flags.xml" owner="admin" group="dba" mode="664" created="2014-08-20T03:28:19+09:00" modified="2014-08-20T03:28:19+09:00" filename="flags.xml" mimetype="application/xml">
        <acl entries="0" version="1"/>
    </resource>
    <resource type="XMLResource" name="date.xml" owner="admin" group="dba" mode="664" created="2014-08-20T03:28:19+09:00" modified="2014-08-20T03:28:19+09:00" filename="date.xml" mimetype="application/xml">
        <acl entries="0" version="1"/>
    </resource>
    <resource type="XMLResource" name="piechart.xml" owner="admin" group="dba" mode="664" created="2014-08-20T03:28:19+09:00" modified="2014-08-20T03:28:19+09:00" filename="piechart.xml" mimetype="application/xml">
        <acl entries="0" version="1"/>
    </resource>
    <resource type="XMLResource" name="examples.xml" owner="admin" group="dba" mode="664" created="2014-08-20T03:28:19+09:00" modified="2014-08-20T03:28:19+09:00" filename="examples.xml" mimetype="application/xml">
        <acl entries="0" version="1"/>
    </resource>
    <resource type="XMLResource" name="address.xhtml" owner="admin" group="dba" mode="664" created="2014-08-20T03:28:19+09:00" modified="2014-08-20T03:28:19+09:00" filename="address.xhtml" mimetype="application/xhtml+xml">
        <acl entries="0" version="1"/>
    </resource>
    <resource type="XMLResource" name="xpath.xhtml" owner="admin" group="dba" mode="664" created="2014-08-20T03:28:19+09:00" modified="2014-08-20T03:28:19+09:00" filename="xpath.xhtml" mimetype="application/xhtml+xml">
        <acl entries="0" version="1"/>
    </resource>
    <resource type="XMLResource" name="hello2.xml" owner="admin" group="dba" mode="664" created="2014-10-23T03:04:48+09:00" modified="2014-10-23T03:04:48+09:00" filename="hello2.xml" mimetype="application/xml">
        <acl entries="0" version="1"/>
    </resource>
    <resource type="XMLResource" name="writers.xml" owner="admin" group="dba" mode="664" created="2014-08-20T03:28:19+09:00" modified="2014-08-20T03:28:19+09:00" filename="writers.xml" mimetype="application/xml">
        <acl entries="0" version="1"/>
    </resource>
    <resource type="XMLResource" name="checkbox.xml" owner="admin" group="dba" mode="664" created="2014-08-20T03:28:19+09:00" modified="2014-08-20T03:28:19+09:00" filename="checkbox.xml" mimetype="application/xml">
        <acl entries="0" version="1"/>
    </resource>
    <resource type="XMLResource" name="vertical-tabs.xhtml" owner="admin" group="dba" mode="664" created="2014-08-20T03:28:19+09:00" modified="2014-08-20T03:28:19+09:00" filename="vertical-tabs.xhtml" mimetype="application/xhtml+xml">
        <acl entries="0" version="1"/>
    </resource>
    <resource type="XMLResource" name="spreadsheet.xml" owner="admin" group="dba" mode="664" created="2014-08-20T03:28:19+09:00" modified="2014-08-20T03:28:19+09:00" filename="spreadsheet.xml" mimetype="application/xml">
        <acl entries="0" version="1"/>
    </resource>
    <resource type="XMLResource" name="bind.xhtml" owner="admin" group="dba" mode="664" created="2014-08-20T03:28:19+09:00" modified="2014-08-20T03:28:19+09:00" filename="bind.xhtml" mimetype="application/xhtml+xml">
        <acl entries="0" version="1"/>
    </resource>
    <resource type="XMLResource" name="horizontal-tabs.xhtml" owner="admin" group="dba" mode="664" created="2014-08-20T03:28:19+09:00" modified="2014-08-20T03:28:19+09:00" filename="horizontal-tabs.xhtml" mimetype="application/xhtml+xml">
        <acl entries="0" version="1"/>
    </resource>
    <resource type="XMLResource" name="contact.xml" owner="admin" group="dba" mode="664" created="2014-08-20T03:28:19+09:00" modified="2014-08-20T03:28:19+09:00" filename="contact.xml" mimetype="application/xml">
        <acl entries="0" version="1"/>
    </resource>
    <resource type="XMLResource" name="gantt.xml" owner="admin" group="dba" mode="664" created="2014-08-20T03:28:19+09:00" modified="2014-08-20T03:28:19+09:00" filename="gantt.xml" mimetype="application/xml">
        <acl entries="0" version="1"/>
    </resource>
    <resource type="XMLResource" name="flag.svg" owner="admin" group="dba" mode="664" created="2014-08-20T03:28:19+09:00" modified="2014-08-20T03:28:19+09:00" filename="flag.svg" mimetype="image/svg+xml">
        <acl entries="0" version="1"/>
    </resource>
    <resource type="XMLResource" name="survey.xml" owner="admin" group="dba" mode="664" created="2014-08-20T03:28:19+09:00" modified="2014-08-20T03:28:19+09:00" filename="survey.xml" mimetype="application/xml">
        <acl entries="0" version="1"/>
    </resource>
    <resource type="XMLResource" name="xforms-example-hello2.xml" owner="admin" group="dba" mode="777" created="2014-10-23T02:18:29+09:00" modified="2014-10-23T02:18:29+09:00" filename="xforms-example-hello2.xml" mimetype="application/xml">
        <acl entries="0" version="1"/>
    </resource>
    <resource type="XMLResource" name="bookmarks.xml" owner="admin" group="dba" mode="664" created="2014-08-20T03:28:19+09:00" modified="2014-08-20T03:28:19+09:00" filename="bookmarks.xml" mimetype="application/xml">
        <acl entries="0" version="1"/>
    </resource>
    <resource type="XMLResource" name="test.xml" owner="admin" group="dba" mode="644" created="2014-10-23T02:30:55+09:00" modified="2014-10-23T02:30:55+09:00" filename="test.xml" mimetype="application/xml">
        <acl entries="0" version="1"/>
    </resource>
    <resource type="XMLResource" name="select-model.xml" owner="admin" group="dba" mode="664" created="2014-08-20T03:28:19+09:00" modified="2014-08-20T03:28:19+09:00" filename="select-model.xml" mimetype="application/xml">
        <acl entries="0" version="1"/>
    </resource>
    <resource type="XMLResource" name="select1.xml" owner="admin" group="dba" mode="664" created="2014-08-20T03:28:19+09:00" modified="2014-08-20T03:28:19+09:00" filename="select1.xml" mimetype="application/xml">
        <acl entries="0" version="1"/>
    </resource>
    <resource type="XMLResource" name="textarea.xml" owner="admin" group="dba" mode="664" created="2014-08-20T03:28:19+09:00" modified="2014-08-20T03:28:19+09:00" filename="textarea.xml" mimetype="application/xml">
        <acl entries="0" version="1"/>
    </resource>
    <resource type="XMLResource" name="deep-copy.xml" owner="admin" group="dba" mode="664" created="2014-08-20T03:28:19+09:00" modified="2014-08-20T03:28:19+09:00" filename="deep-copy.xml" mimetype="application/xml">
        <acl entries="0" version="1"/>
    </resource>
    <resource type="XMLResource" name="tinymce.xml" owner="admin" group="dba" mode="664" created="2014-08-20T03:28:19+09:00" modified="2014-08-20T03:28:19+09:00" filename="tinymce.xml" mimetype="application/xml">
        <acl entries="0" version="1"/>
    </resource>
</collection>