<html xmlns="http://www.w3.org/1999/xhtml" xmlns:ev="http://www.w3.org/2001/xml-events" xmlns:xs="http://www.w3.org/2001/XMLSchema" xmlns:xf="http://www.w3.org/2002/xforms"><head><title>Example using a date selector by binding an instance to an XML Schema date type</title><xf:model><xf:instance><instance xmlns=""><MyDate/></instance></xf:instance><xf:bind nodeset="MyDate" type="xs:date"/></xf:model></head><body><p>Example of using the date selector by binding an instance to an XML Schema date type:
		<br/><xf:input ref="MyDate"><xf:label>Enter a date: </xf:label></xf:input></p></body></html>