<examples><example><title>Hello World in XForms</title><document-name>hello.xhtml</document-name><group>1</group><description/></example><example><title>Input with hints</title><document-name>input.xml</document-name><group>1</group><description/></example><example><title>incremental</title><document-name>incremental.xhtml</document-name><group>1</group><description/></example><example><title>XPath</title><document-name>xpath.xhtml</document-name><group>1</group><description/></example><example><title>Bind</title><document-name>bind.xhtml</document-name><group>1</group><description/></example><example><title>Input Width</title><document-name>input-width.xhtml</document-name><group>1</group><description/></example><example><title>Secret</title><document-name>secret.xhtml</document-name><group>1</group><description/></example><example><title>Text Area</title><document-name>textarea.xml</document-name><group>1</group><description/></example><example><title>Checkbox</title><document-name>checkbox.xml</document-name><group>1</group><description/></example><example><title>Select1 With radio buttons</title><document-name>select1.xml</document-name><group>1</group><description>Setting appearance="full" makes a select1 into a set of radio buttons. Otherwise, a dropdown is rendered.</description></example><example><title>Select1 With dropdown</title><document-name>select1-drop.xml</document-name><group>1</group><description>Setting appearance="minimal" makes a select1 into a dropdown. Leaving out the appearance attribute has the same effect.</description></example><example><title>Select1 With data from XForms model</title><document-name>select-model.xml</document-name><group>1</group><description>The list of options is stored inside the XForms instance and referred to in the select1 with the nodeset attribute.</description></example><example><title>Select1 With Multiple Columns</title><document-name>select-multi-col.xml</document-name><group>1</group><description/></example><example><title>Select1 From file</title><document-name>select-from-file.xml</document-name><group>1</group><description/></example><example><title>Date</title><document-name>date.xml</document-name><group>1</group><description/></example><example><title>Button with hint</title><document-name>button.xml</document-name><group>1</group><description/></example><example><title>Deep copy</title><document-name>deep-copy.xml</document-name><group>1</group><description/></example><example><title>Setting initial cursor</title><document-name>first-field.xml</document-name><group>1</group><description>Setting focus</description></example><example><title>Uploads and file types</title><document-name>uploads.xml</document-name><group>1</group><description/></example><example><title>Hello World with save</title><document-name>hello2.xml</document-name><group>2</group><data-file>xforms-example-hello2.xml</data-file><description>Simple load/save example</description></example><example><title>Spreadsheet</title><document-name>spreadsheet.xml</document-name><group>2</group><description/></example><example><title>Address form</title><document-name>address.xhtml</document-name><group>2</group><description/></example><example><title>Balance</title><document-name>balance.xml</document-name><group>2</group><description/></example><example><title>Calculator</title><document-name>calculator.xml</document-name><group>2</group><description/></example><example><title>Background colors</title><document-name>colors.xml</document-name><group>2</group><description/></example><example><title>Bookmarks</title><document-name>bookmarks.xml</document-name><group>2</group><description/></example>
    <!--<example>
        <title>Subforms</title>
        <document-name>writers.xml</document-name>
        <group>2</group>
        <description></description>
        </example>--><example><title>Contacts</title><document-name>contact.xml</document-name><group>2</group><description/></example><example><title>TinyMCE</title><document-name>tinymce.xml</document-name><group>2</group><description/></example><example><title>Wikipedia Opensearch</title><document-name>wikipediasearch.xml</document-name><group>2</group><description>Searches for page titles beginning with the entered prefix, for use in completion of input in a search box or the like.</description></example><example><title>Survey</title><document-name>survey.xml</document-name><group>2</group><description/></example><example><title>Noughts and crosses game</title><document-name>tic-tac-toe.xml</document-name><group>2</group><description>Contributed by Stephen Cameron</description></example><example><title>Horizontal Tab Form Navigation</title><document-name>horizontal-tabs.xhtml</document-name><group>2</group><description>How the switch and case statements can be used to simulate a multi-part form
            with a row of horizontal tabs at the top of the form.</description></example><example><title>Vertical Tab Form Navigation</title><document-name>vertical-tabs.xhtml</document-name><group>2</group><description>How the switch and case statements can be used to simulate a multi-part form
            with a row of vertical tabs at the left side of the form.</description></example><example><title>Cascading Selects</title><document-name>cascading-selects.xhtml</document-name><group>2</group><description>How to change the content of one selection list based
        on the value of a prior selection list.</description></example><example><title>Colored Flags</title><document-name>flags.xml</document-name><group>3</group><description/></example><example><title>Piechart</title><document-name>piechart.xml</document-name><group>3</group><description>Piechart</description></example><example><title>Gauges</title><document-name>gauges.xml</document-name><group>3</group><description>Gauges</description></example><example><title>Gantt chart</title><document-name>gantt.xml</document-name><group>3</group><description/></example></examples>