<html xmlns="http://www.w3.org/1999/xhtml" xmlns:xf="http://www.w3.org/2002/xforms"><head><title>SVG Gauges</title><xf:model><xf:instance><data xmlns=""><code>1</code><measure code="1" name="Gauge #1"><title>Skills</title><name>level</name><min>0</min><max>4</max><value>3</value></measure><measure code="2" name="Gauge #2"><title>Eff. Activity</title><name>%</name><min>0</min><max>100</max><value>89</value></measure></data></xf:instance></xf:model></head><body><h1>SVG Gauges</h1><xf:select1 ref="code" appearance="full"><xf:itemset nodeset="../measure"><xf:label ref="@name"/><xf:value ref="@code"/></xf:itemset></xf:select1><br/><xf:group ref="measure[@code=/data/code]"><svg xmlns="http://www.w3.org/2000/svg" version="1.0" width="177" height="203.20624" style="overflow:hidden"><defs/><ellipse cx="98" cy="98" rx="88" ry="88" transform="translate(-9.5,16.706237)" style="fill:#d0d0d0;fill-opacity:1;stroke:#333333;stroke-width:1"/><ellipse cx="98" cy="98" rx="78" ry="78" transform="translate(-9.5,16.706237)" style="fill:#fafafa;fill-opacity:1;stroke:#e0e0e0;stroke-width:2"/><text x="89.330505" y="14.316406" style="font-size:20px;text-anchor:middle;fill:#333333;fill-opacity:1;stroke:none;font-family:arial"><xf:output value="title"/></text><text x="88.5" y="145.70624" style="font-size:20px;text-anchor:middle;fill:#333333;fill-opacity:1;stroke:none;font-family:arial"><tspan style="font-size:18px"><xf:output value="name"/></tspan></text><text x="50.174801" y="156.70624" style="font-size:10px;fill:#666666;fill-opacity:1;stroke:none;font-family:arial"><xf:output value="min"/></text><text x="126.5" y="156.70624" style="font-size:10px;text-anchor:end;fill:#666666;fill-opacity:1;stroke:none;font-family:arial"><xf:output value="max"/></text><path d="m 23.1797,127.69926 -7.257811,1.44366 M 51.499022,59.330361 47.387803,53.177486 m 78.113177,6.152875 4.11122,-6.152875 m 24.2081,74.521774 7.25781,1.44366" style="fill:none;stroke:#666666;stroke-width:2"/><path d="M 46.639279,156.56696 36.174098,167.03214 M 33.806332,92.051378 20.132915,86.387663 M 88.5,55.506237 l 0,-14.8 m 54.69367,51.345141 13.67342,-5.663715 m -26.50637,70.179297 10.46518,10.46518" style="fill:none;stroke:#666666;stroke-width:2.5"/><text x="88.5" y="177.70624" style="font-size:20px;text-anchor:middle;fill:#000000;fill-opacity:1;stroke:none;font-family:arial"><xf:output value="value"/></text><g transform="translate(-9.5,16.706237)"><g transform="rotate({(value - min) * 270 div max}, 98, 98)"><path d="M 48.502525,147.49747 C 94.337187,94.337187 111.72494,80.612244 113.55635,82.443651 c 1.83141,1.831406 -11.89354,19.219159 -65.053825,65.053819" style="fill:#805c18;fill-opacity:0.6;stroke:#666666;stroke-width:1"/><ellipse cx="98" cy="98" rx="8" ry="8" style="fill:#987c84;fill-opacity:1;stroke:#666666;stroke-width:1"/></g></g></svg></xf:group></body></html>