<?xsltforms-options required-position="left"?><html xmlns="http://www.w3.org/1999/xhtml" xmlns:ev="http://www.w3.org/2001/xml-events" xmlns:xf="http://www.w3.org/2002/xforms"><head><title>CSV Survey</title><xf:model><xf:instance id="survey"><survey xmlns=""><person output-label="Personal Data" state="ok"><first_name input-label="First Name" type="Text"/><last_name input-label="Last Name" type="Text"/><email input-label="Email" type="Text"/></person><job_evaluation output-label="Job Evaluation"><department input-label="Which of the following best describes the department you work in?" type="Departments"/><department_other input-label="Your department:" type="Text"/><satisfaction input-label="How satisfied are you with your position?" type="Satisfaction"/></job_evaluation><teamwork output-label="Teamwork"><encourage input-label="Does your department encourage teamwork?" type="Agrees"/><spirit input-label="How satisfied are you with the spirit of teamwork within your company?" type="Satisfaction"/></teamwork></survey></xf:instance><xf:instance id="variables"><variables xmlns=""><state/></variables></xf:instance><xf:bind nodeset="person/first_name" required="true()"/><xf:bind nodeset="person/last_name" required="true()"/><xf:bind nodeset="person/email" type="email" required="true()"/><xf:bind nodeset="job_evaluation/department_other" relevant="../department = 'other'"/><xf:instance id="sets"><sets xmlns=""><set type="Departments"><item label="Customer Service" value="cs"/><item label="Finance/Accounting" value="finance"/><item label="Sales/Marketing" value="sales"/><item label="Human Resources" value="hr"/><item label="Other" value="other"/></set><set type="Satisfaction"><item label="Not satisfied or dissatisfied" value="-1"/><item label="Somewhat satisfied" value="0"/><item label="Very satisfied" value="1"/></set><set type="Agrees"><item label="Disagree" value="-1"/><item label="Neutral" value="0"/><item label="Agree" value="1"/></set></sets></xf:instance><xf:instance id="flatten"><xsl:stylesheet xmlns:xsl="http://www.w3.org/1999/XSL/Transform" version="1.0"><xsl:output method="xml"/><xsl:template match="/"><data xmlns=""><item><xsl:apply-templates select="descendant::*[not(*)]"/></item></data></xsl:template><xsl:template match="*"><xsl:copy><xsl:value-of select="."/></xsl:copy></xsl:template></xsl:stylesheet></xf:instance><xf:instance id="precsv"><data xmlns=""/></xf:instance><xf:bind nodeset="instance('precsv')/item/first_name" required="true()"/><xf:bind nodeset="instance('precsv')/item/last_name" required="true()"/><xf:bind nodeset="instance('precsv')/item/email" required="true()"/><xf:submission id="s01" ref="instance('precsv')" mediatype="text/csv" method="post" replace="all" show="new" separator="," resource="xsltforms/echo.php"><xf:message level="modeless" ev:event="xforms-submit-error">Your answers have not been registered. Please <xf:output value="choose(event('error-type')='validation-error','check fields contents.','try again later.')"/></xf:message><xf:setvalue ev:event="xforms-submit-done" ref="instance('variables')/state" value="'registered'"/></xf:submission></xf:model></head><body><h1>CSV Survey</h1><xf:group ref=".[instance('variables')/state = 'ok']"><p>Thank you for answering!</p></xf:group><xf:group ref=".[instance('variables')/state = 'registered']"><p>Your answers have been successfully registered.</p></xf:group><xf:repeat nodeset="*[@state = instance('variables')/state]"><xf:group ref="."><fieldset><legend><xf:output value="@output-label"/></legend><xf:repeat nodeset="*"><xf:select1 ref=".[@type != 'Text']" appearance="full"><xf:label><br/><xf:output ref="@input-label"/></xf:label><xf:itemset nodeset="instance('sets')/set[@type = current()/@type]/item"><xf:label ref="@label"/><xf:value ref="@value"/></xf:itemset></xf:select1><xf:input ref=".[@type = 'Text']" incremental="true"><xf:label><br/><xf:output value="@input-label"/>&#160;</xf:label></xf:input></xf:repeat></fieldset></xf:group></xf:repeat><xf:trigger ref=".[instance('variables')/state = '']"><xf:label>Finish this survey</xf:label><xf:setvalue ev:event="DOMActivate" ref="instance('variables')/state" value="'ok'"/></xf:trigger><xf:trigger ref=".[instance('variables')/state = 'ok']"><xf:label>Send us your answers</xf:label><xf:action ev:event="DOMActivate"><xf:setnode ref="instance('precsv')" outer="transform(instance('survey'),serialize(instance('flatten')),true())"/><xf:send submission="s01"/></xf:action></xf:trigger></body></html>