<collection xmlns="http://exist.sourceforge.net/NS/exist" name="/db/apps/betterform/demo" owner="admin" group="dba" mode="775" created="2014-11-24T05:29:03+09:00" version="1">
    <acl entries="0" version="1"/>
    <resource type="XMLResource" name="contacts.xml" owner="admin" group="dba" mode="775" created="2014-08-20T03:28:06+09:00" modified="2014-08-20T03:28:06+09:00" filename="contacts.xml" mimetype="application/xml">
        <acl entries="0" version="1"/>
    </resource>
    <resource type="XMLResource" name="orderlist.xml" owner="admin" group="dba" mode="775" created="2014-08-20T03:28:06+09:00" modified="2014-08-20T03:28:06+09:00" filename="orderlist.xml" mimetype="application/xml">
        <acl entries="0" version="1"/>
    </resource>
    <resource type="XMLResource" name="contacts_subform_1.xml" owner="admin" group="dba" mode="775" created="2014-08-20T03:28:06+09:00" modified="2014-08-20T03:28:06+09:00" filename="contacts_subform_1.xml" mimetype="application/xml">
        <acl entries="0" version="1"/>
    </resource>
    <resource type="XMLResource" name="contacts.xhtml" owner="admin" group="dba" mode="775" created="2014-08-20T03:28:06+09:00" modified="2014-08-20T03:28:06+09:00" filename="contacts.xhtml" mimetype="application/xhtml+xml">
        <acl entries="0" version="1"/>
    </resource>
    <resource type="XMLResource" name="atom.xhtml" owner="admin" group="dba" mode="775" created="2014-08-20T03:28:06+09:00" modified="2014-08-20T03:28:06+09:00" filename="atom.xhtml" mimetype="application/xhtml+xml">
        <acl entries="0" version="1"/>
    </resource>
    <resource type="XMLResource" name="registration.xhtml" owner="admin" group="dba" mode="775" created="2014-08-20T03:28:06+09:00" modified="2014-08-20T03:28:06+09:00" filename="registration.xhtml" mimetype="application/xhtml+xml">
        <acl entries="0" version="1"/>
    </resource>
    <resource type="XMLResource" name="orderlist.xhtml" owner="admin" group="dba" mode="775" created="2014-08-20T03:28:06+09:00" modified="2014-08-20T03:28:06+09:00" filename="orderlist.xhtml" mimetype="application/xhtml+xml">
        <acl entries="0" version="1"/>
    </resource>
    <resource type="XMLResource" name="contacts_subform_2.xml" owner="admin" group="dba" mode="775" created="2014-08-20T03:28:06+09:00" modified="2014-08-20T03:28:06+09:00" filename="contacts_subform_2.xml" mimetype="application/xml">
        <acl entries="0" version="1"/>
    </resource>
    <resource type="XMLResource" name="registration.xml" owner="admin" group="dba" mode="775" created="2014-08-20T03:28:06+09:00" modified="2014-08-20T03:28:06+09:00" filename="registration.xml" mimetype="application/xml">
        <acl entries="0" version="1"/>
    </resource>
    <subcollection name="styles" filename="styles"/>
    <subcollection name="images" filename="images"/>
</collection>