<collection xmlns="http://exist.sourceforge.net/NS/exist" name="/db/apps/dashboard/modules" owner="admin" group="dba" mode="775" created="2014-11-24T05:29:05+09:00" version="1">
    <acl entries="0" version="1"/>
    <resource type="BinaryResource" name="restxq.xql" owner="admin" group="dba" mode="775" created="2014-08-20T03:28:07+09:00" modified="2014-08-20T03:28:07+09:00" filename="restxq.xql" mimetype="application/xquery">
        <acl entries="0" version="1"/>
    </resource>
    <resource type="BinaryResource" name="templates.xql" owner="admin" group="dba" mode="775" created="2014-08-20T03:28:07+09:00" modified="2014-08-20T03:28:07+09:00" filename="templates.xql" mimetype="application/xquery">
        <acl entries="0" version="1"/>
    </resource>
    <resource type="BinaryResource" name="dashboard.xql" owner="admin" group="dba" mode="775" created="2014-08-20T03:28:07+09:00" modified="2014-08-20T03:28:07+09:00" filename="dashboard.xql" mimetype="application/xquery">
        <acl entries="0" version="1"/>
    </resource>
    <resource type="BinaryResource" name="install.xql" owner="admin" group="dba" mode="775" created="2014-08-20T03:28:07+09:00" modified="2014-08-20T03:28:07+09:00" filename="install.xql" mimetype="application/xquery">
        <acl entries="0" version="1"/>
    </resource>
    <resource type="BinaryResource" name="get-packages.xql" owner="admin" group="dba" mode="775" created="2014-08-20T03:28:07+09:00" modified="2014-08-20T03:28:07+09:00" filename="get-packages.xql" mimetype="application/xquery">
        <acl entries="0" version="1"/>
    </resource>
    <resource type="BinaryResource" name="view.xql" owner="admin" group="dba" mode="775" created="2014-08-20T03:28:07+09:00" modified="2014-08-20T03:28:07+09:00" filename="view.xql" mimetype="application/xquery">
        <acl entries="0" version="1"/>
    </resource>
    <resource type="BinaryResource" name="get-icon.xql" owner="admin" group="dba" mode="775" created="2014-08-20T03:28:07+09:00" modified="2014-08-20T03:28:07+09:00" filename="get-icon.xql" mimetype="application/xquery">
        <acl entries="0" version="1"/>
    </resource>
    <resource type="BinaryResource" name="login-helper.xql" owner="admin" group="dba" mode="775" created="2014-08-20T03:28:07+09:00" modified="2014-08-20T03:28:07+09:00" filename="login-helper.xql" mimetype="application/xquery">
        <acl entries="0" version="1"/>
    </resource>
    <resource type="BinaryResource" name="config.xqm" owner="admin" group="dba" mode="775" created="2014-08-20T03:28:07+09:00" modified="2014-08-20T03:28:07+09:00" filename="config.xqm" mimetype="application/xquery">
        <acl entries="0" version="1"/>
    </resource>
    <resource type="BinaryResource" name="app.xql" owner="admin" group="dba" mode="775" created="2014-08-20T03:28:07+09:00" modified="2014-08-20T03:28:07+09:00" filename="app.xql" mimetype="application/xquery">
        <acl entries="0" version="1"/>
    </resource>
</collection>