<collection xmlns="http://exist.sourceforge.net/NS/exist" name="/db/apps/demo/examples/urlrewriting" owner="admin" group="dba" mode="775" created="2014-08-20T03:28:14+09:00" version="1">
    <acl entries="0" version="1"/>
    <resource type="XMLResource" name="bad-page.html" owner="admin" group="dba" mode="775" created="2014-08-20T03:28:14+09:00" modified="2014-08-20T03:28:14+09:00" filename="bad-page.html" mimetype="text/html">
        <acl entries="0" version="1"/>
    </resource>
    <resource type="XMLResource" name="index.html" owner="admin" group="dba" mode="775" created="2014-08-20T03:28:14+09:00" modified="2014-08-20T03:28:14+09:00" filename="index.html" mimetype="text/html">
        <acl entries="0" version="1"/>
    </resource>
    <resource type="XMLResource" name="login.html" owner="admin" group="dba" mode="775" created="2014-08-20T03:28:14+09:00" modified="2014-08-20T03:28:14+09:00" filename="login.html" mimetype="text/html">
        <acl entries="0" version="1"/>
    </resource>
    <resource type="XMLResource" name="protected.html" owner="admin" group="dba" mode="775" created="2014-08-20T03:28:14+09:00" modified="2014-08-20T03:28:14+09:00" filename="protected.html" mimetype="text/html">
        <acl entries="0" version="1"/>
    </resource>
</collection>